*************************************************
******************* ORCA 6.1.1 ******************
*************************************************
$Calculation_Status
   &GeometryIndex 10
   &version [&Type "String"] "6.1.1"
   &progName [&Type "String"] "LeanSCF"
   &Status [&Type "String"] "NORMAL TERMINATION"
$End
$Geometry
   &GeometryIndex 1
   &NAtoms [&Type "Integer"] 35
   &NCorelessECP [&Type "Integer"] 0
   &NGhostAtoms [&Type "Integer"] 0
   &CartesianCoordinates [&Type "Coordinates", &Dim(35,4), &Units "Bohr"] 
              O      0.773670947990    1.270698950471   -0.544754436848
              O     -1.205049377218   -5.466834310747    0.009226160582
              O      8.299769522972   -3.678729260570    0.774310482714
              O      8.802859231910    5.227675223555   -0.214101764254
              O     -7.870446282786    2.055969646907    3.933643204678
              O    -11.034147073450    1.505193742298   -0.120094416772
              C      0.176273536231   -3.220339697877    0.612525534010
              C     -0.609586336752   -1.000045211509   -1.102696152154
              C      2.990500888131   -3.737652259541    0.238934104525
              C      4.506044604907   -1.346158922053    0.142064749617
              C      3.327629588880    0.981264500730   -0.277614426502
              C     -3.394856058278   -0.330131982746   -0.824084063070
              C      7.139720055664   -1.400663228829    0.398357080565
              C      4.739849715481    3.209193039238   -0.376629572994
              C     -4.364801440561    0.585756677420    1.474430469533
              C     -5.043661827149   -0.602331333626   -2.887132992005
              C      8.568832184718    0.807681442995    0.280343924253
              C      7.351050526905    3.100260244712   -0.105628362150
              C     -6.922380525926    1.184712302546    1.693945776274
              C     -7.602837175896    0.012748075870   -2.663155472866
              C     -8.535460780350    0.900454896254   -0.368747901723
              H     -0.176903352094   -2.751629076917    2.601473927463
              H     -0.253072376889   -1.494154547283   -3.088650798190
              H      3.288212568886   -4.792584262552   -1.522455034653
              H      3.642692141811   -4.962029274155    1.779712098383
              H      3.773429928350    4.992528197855   -0.681324778061
              H     -3.104323612268    0.835601211777    3.075010249454
              H     -0.759344344763   -6.739340527263    1.259774022093
              H     -4.342531320618   -1.304666961977   -4.688143364998
              H     10.609106762809    0.780315285548    0.481946475585
              H     -8.830341639451   -0.216319491287   -4.290053296122
              H     10.111656572644   -3.400117537715    0.898693799810
              H      7.707530042919    6.669358377391   -0.524918460098
              H     -6.516420131694    2.126062596714    5.164130926914
              H    -11.879897509751    1.195598172364   -1.714503238933
$End
$SCF_Mulliken_Population_Analysis
   &GeometryIndex 1
   &NAtoms [&Type "Integer"] 35
   &ATNO [&Type "ArrayOfIntegers", &Dim (35,1)] 
                                                         0

0                                                        8
1                                                        8
2                                                        8
3                                                        8
4                                                        8
5                                                        8
6                                                        6
7                                                        6
8                                                        6
9                                                        6
10                                                       6
11                                                       6
12                                                       6
13                                                       6
14                                                       6
15                                                       6
16                                                       6
17                                                       6
18                                                       6
19                                                       6
20                                                       6
21                                                       1
22                                                       1
23                                                       1
24                                                       1
25                                                       1
26                                                       1
27                                                       1
28                                                       1
29                                                       1
30                                                       1
31                                                       1
32                                                       1
33                                                       1
34                                                       1
   &AtomicCharges [&Type "ArrayOfDoubles", &Dim (35,1)] 
                                                         0

0                                     -5.1652396622752939e-01
1                                     -6.4215497250038567e-01
2                                     -6.4325189044763142e-01
3                                     -6.4549782796790822e-01
4                                     -6.3339937766756016e-01
5                                     -6.3154343452678319e-01
6                                      1.3567741229689911e-01
7                                      3.8405876546491413e-02
8                                     -3.4682289553558743e-01
9                                      2.3459893379443209e-02
10                                     3.3194896308416055e-01
11                                     1.5945181544305509e-01
12                                     3.1751873234223638e-01
13                                    -3.0286965998280646e-01
14                                    -2.5981449411419888e-01
15                                    -1.8739320643131485e-01
16                                    -2.7141432305520929e-01
17                                     3.8468547327388425e-01
18                                     3.3063962396724200e-01
19                                    -2.1622938019138793e-01
20                                     3.2981928420309892e-01
21                                     1.2322685251843135e-01
22                                     1.4247472070088363e-01
23                                     1.6539680170718296e-01
24                                     1.4527588955425275e-01
25                                     1.2205959841000591e-01
26                                     1.2423888680293627e-01
27                                     4.0167727694549515e-01
28                                     1.2493491424092351e-01
29                                     1.2107817228335649e-01
30                                     1.2173554008104082e-01
31                                     4.1626949673347968e-01
32                                     4.1318579342610451e-01
33                                     4.1197084501315340e-01
34                                     4.1178356569437424e-01
   &Method [&Type "String"] "SCF"
   &Level [&Type "String"] "Relaxed density"
   &Mult [&Type "Integer"] 1
   &State [&Type "Integer"] -1
   &Irrep [&Type "Integer"] 0
$End
$SCF_Loewdin_Population_Analysis
   &GeometryIndex 1
   &NAtoms [&Type "Integer"] 35
   &ATNO [&Type "ArrayOfIntegers", &Dim (35,1)] 
                                                         0

0                                                        8
1                                                        8
2                                                        8
3                                                        8
4                                                        8
5                                                        8
6                                                        6
7                                                        6
8                                                        6
9                                                        6
10                                                       6
11                                                       6
12                                                       6
13                                                       6
14                                                       6
15                                                       6
16                                                       6
17                                                       6
18                                                       6
19                                                       6
20                                                       6
21                                                       1
22                                                       1
23                                                       1
24                                                       1
25                                                       1
26                                                       1
27                                                       1
28                                                       1
29                                                       1
30                                                       1
31                                                       1
32                                                       1
33                                                       1
34                                                       1
   &AtomicCharges [&Type "ArrayOfDoubles", &Dim (35,1)] 
                                                         0

0                                     -1.5459204767508261e-01
1                                     -4.0462948970323254e-01
2                                     -3.1685021035496952e-01
3                                     -3.1700735119905232e-01
4                                     -3.1404608326199934e-01
5                                     -3.1318254399689849e-01
6                                     -1.8265931889104969e-02
7                                      1.1077927088168238e-02
8                                     -2.3509874407102682e-01
9                                     -1.1142956414299920e-01
10                                     8.4276675764271225e-02
11                                    -2.7420660204785285e-02
12                                     8.3250642154624188e-02
13                                    -2.2913035158929507e-01
14                                    -1.6547445192517340e-01
15                                    -1.3690640144091404e-01
16                                    -2.2950947018216894e-01
17                                     8.0028942575691708e-02
18                                     5.0199208508676207e-02
19                                    -1.7449304610787664e-01
20                                     5.0888142578797257e-02
21                                     1.1027335982354480e-01
22                                     1.2572445223857942e-01
23                                     1.3788851711079364e-01
24                                     1.3066084638059550e-01
25                                     1.3455535612570724e-01
26                                     1.3018708747849517e-01
27                                     3.1683198834119231e-01
28                                     1.3075072023583900e-01
29                                     1.3422364715490964e-01
30                                     1.3011827452701386e-01
31                                     3.2875520212287701e-01
32                                     3.2666243528849515e-01
33                                     3.2578632018210374e-01
34                                     3.2589660206397897e-01
   &Method [&Type "String"] "SCF"
   &Level [&Type "String"] "Relaxed density"
   &Mult [&Type "Integer"] 1
   &State [&Type "Integer"] -1
   &Irrep [&Type "Integer"] 0
$End
$SCF_Mayer_Population_Analysis
   &GeometryIndex 1
   &NAtoms [&Type "Integer"] 35 "Total number of atoms"
   &NBondOrdersPrint [&Type "Integer"] 37 "The number of bond orders larger than threshold"
   &bondThresh [&Type "Double"]       1.0000000000000001e-01  "The threshold for printing"
   &components [&Type "ArrayOfIntegers", &Dim (37,4)] "The indices and atomic numbers of the bonding atoms"
                                                         0                           1                           2                           3

0                                                        0                           8                           7                           6
1                                                        0                           8                          10                           6
2                                                        1                           8                           6                           6
3                                                        1                           8                          27                           1
4                                                        2                           8                          12                           6
5                                                        2                           8                          31                           1
6                                                        3                           8                          17                           6
7                                                        3                           8                          32                           1
8                                                        4                           8                          18                           6
9                                                        4                           8                          33                           1
10                                                       5                           8                          20                           6
11                                                       5                           8                          34                           1
12                                                       6                           6                           7                           6
13                                                       6                           6                           8                           6
14                                                       6                           6                          21                           1
15                                                       7                           6                          11                           6
16                                                       7                           6                          22                           1
17                                                       8                           6                           9                           6
18                                                       8                           6                          23                           1
19                                                       8                           6                          24                           1
20                                                       9                           6                          10                           6
21                                                       9                           6                          12                           6
22                                                      10                           6                          13                           6
23                                                      11                           6                          14                           6
24                                                      11                           6                          15                           6
25                                                      12                           6                          16                           6
26                                                      13                           6                          17                           6
27                                                      13                           6                          25                           1
28                                                      14                           6                          18                           6
29                                                      14                           6                          26                           1
30                                                      15                           6                          19                           6
31                                                      15                           6                          28                           1
32                                                      16                           6                          17                           6
33                                                      16                           6                          29                           1
34                                                      18                           6                          20                           6
35                                                      19                           6                          20                           6
36                                                      19                           6                          30                           1
   &BondOrders [&Type "ArrayOfDoubles", &Dim (37,1)] "The bond orders"
                                                         0

0                                      8.6859732888756103e-01
1                                      9.2454996402158118e-01
2                                      9.1466679906412696e-01
3                                      7.8218071976824610e-01
4                                      9.6411497785634270e-01
5                                      7.7448972821760775e-01
6                                      9.4309000458987435e-01
7                                      7.7800189093922734e-01
8                                      9.6220643525783811e-01
9                                      7.7598387630166588e-01
10                                     9.6961806176678000e-01
11                                     7.7657365408817924e-01
12                                     9.5694191460853018e-01
13                                     9.7628972250930657e-01
14                                     9.1713545671838781e-01
15                                     9.8939203759000971e-01
16                                     9.0885157084725832e-01
17                                     9.6604117891416674e-01
18                                     9.1781228229053646e-01
19                                     9.2376317363209060e-01
20                                     1.3836889258366509e+00
21                                     1.3579349285574309e+00
22                                     1.3753442034440793e+00
23                                     1.3997210586420030e+00
24                                     1.4461039445770318e+00
25                                     1.3637531281611803e+00
26                                     1.3719363749389648e+00
27                                     9.1009485126232470e-01
28                                     1.3910684214280558e+00
29                                     9.1046794012018106e-01
30                                     1.4142771257583999e+00
31                                     9.2110710792596007e-01
32                                     1.3935007541696165e+00
33                                     9.1239909151799614e-01
34                                     1.3391098090047753e+00
35                                     1.4049214958619083e+00
36                                     9.2110773147103953e-01
   &ATNO [&Type "ArrayOfIntegers", &Dim (35,1)] "Atomic number of the elements"
                                                         0

0                                                        8
1                                                        8
2                                                        8
3                                                        8
4                                                        8
5                                                        8
6                                                        6
7                                                        6
8                                                        6
9                                                        6
10                                                       6
11                                                       6
12                                                       6
13                                                       6
14                                                       6
15                                                       6
16                                                       6
17                                                       6
18                                                       6
19                                                       6
20                                                       6
21                                                       1
22                                                       1
23                                                       1
24                                                       1
25                                                       1
26                                                       1
27                                                       1
28                                                       1
29                                                       1
30                                                       1
31                                                       1
32                                                       1
33                                                       1
34                                                       1
   &NA [&Type "ArrayOfDoubles", &Dim (35,1)] "Mulliken gross atomic population"
                                                         0

0                                      8.5165239662274725e+00
1                                      8.6421549725003999e+00
2                                      8.6432518904476421e+00
3                                      8.6454978279679064e+00
4                                      8.6333993776675655e+00
5                                      8.6315434345267832e+00
6                                      5.8643225877031080e+00
7                                      5.9615941234535059e+00
8                                      6.3468228955355812e+00
9                                      5.9765401066205390e+00
10                                     5.6680510369158270e+00
11                                     5.8405481845569414e+00
12                                     5.6824812676577556e+00
13                                     6.3028696599828047e+00
14                                     6.2598144941141953e+00
15                                     6.1873932064313237e+00
16                                     6.2714143230552111e+00
17                                     5.6153145267261291e+00
18                                     5.6693603760327491e+00
19                                     6.2162293801913924e+00
20                                     5.6701807157968958e+00
21                                     8.7677314748156898e-01
22                                     8.5752527929911615e-01
23                                     8.3460319829281682e-01
24                                     8.5472411044574725e-01
25                                     8.7794040158999331e-01
26                                     8.7576111319706351e-01
27                                     5.9832272305450507e-01
28                                     8.7506508575907627e-01
29                                     8.7892182771664396e-01
30                                     8.7826445991895929e-01
31                                     5.8373050326652032e-01
32                                     5.8681420657389549e-01
33                                     5.8802915498684694e-01
34                                     5.8821643430562565e-01
   &ZA [&Type "ArrayOfDoubles", &Dim (35,1)] "Total nuclear charge"
                                                         0

0                                      8.0000000000000000e+00
1                                      8.0000000000000000e+00
2                                      8.0000000000000000e+00
3                                      8.0000000000000000e+00
4                                      8.0000000000000000e+00
5                                      8.0000000000000000e+00
6                                      6.0000000000000000e+00
7                                      6.0000000000000000e+00
8                                      6.0000000000000000e+00
9                                      6.0000000000000000e+00
10                                     6.0000000000000000e+00
11                                     6.0000000000000000e+00
12                                     6.0000000000000000e+00
13                                     6.0000000000000000e+00
14                                     6.0000000000000000e+00
15                                     6.0000000000000000e+00
16                                     6.0000000000000000e+00
17                                     6.0000000000000000e+00
18                                     6.0000000000000000e+00
19                                     6.0000000000000000e+00
20                                     6.0000000000000000e+00
21                                     1.0000000000000000e+00
22                                     1.0000000000000000e+00
23                                     1.0000000000000000e+00
24                                     1.0000000000000000e+00
25                                     1.0000000000000000e+00
26                                     1.0000000000000000e+00
27                                     1.0000000000000000e+00
28                                     1.0000000000000000e+00
29                                     1.0000000000000000e+00
30                                     1.0000000000000000e+00
31                                     1.0000000000000000e+00
32                                     1.0000000000000000e+00
33                                     1.0000000000000000e+00
34                                     1.0000000000000000e+00
   &QA [&Type "ArrayOfDoubles", &Dim (35,1)] "Mulliken gross atomic charge"
                                                         0

0                                     -5.1652396622747254e-01
1                                     -6.4215497250039988e-01
2                                     -6.4325189044764208e-01
3                                     -6.4549782796790645e-01
4                                     -6.3339937766756549e-01
5                                     -6.3154343452678319e-01
6                                      1.3567741229689201e-01
7                                      3.8405876546494078e-02
8                                     -3.4682289553558121e-01
9                                      2.3459893379460972e-02
10                                     3.3194896308417299e-01
11                                     1.5945181544305864e-01
12                                     3.1751873234224437e-01
13                                    -3.0286965998280468e-01
14                                    -2.5981449411419533e-01
15                                    -1.8739320643132373e-01
16                                    -2.7141432305521107e-01
17                                     3.8468547327387093e-01
18                                     3.3063962396725088e-01
19                                    -2.1622938019139237e-01
20                                     3.2981928420310425e-01
21                                     1.2322685251843102e-01
22                                     1.4247472070088385e-01
23                                     1.6539680170718318e-01
24                                     1.4527588955425275e-01
25                                     1.2205959841000669e-01
26                                     1.2423888680293649e-01
27                                     4.0167727694549493e-01
28                                     1.2493491424092373e-01
29                                     1.2107817228335604e-01
30                                     1.2173554008104071e-01
31                                     4.1626949673347968e-01
32                                     4.1318579342610451e-01
33                                     4.1197084501315306e-01
34                                     4.1178356569437435e-01
   &VA [&Type "ArrayOfDoubles", &Dim (35,1)] "Mayer's total valence"
                                                         0

0                                      1.9620471324101108e+00
1                                      1.7711542937550309e+00
2                                      1.8770750812281276e+00
3                                      1.8689880403962407e+00
4                                      1.8674509508610475e+00
5                                      1.8696196058558143e+00
6                                      3.8045978563879506e+00
7                                      3.8206925174381832e+00
8                                      3.8337548704378284e+00
9                                      3.8361396008851463e+00
10                                     3.9042933855865689e+00
11                                     3.9807346644662975e+00
12                                     3.8547282161946801e+00
13                                     3.8366726943455944e+00
14                                     3.8992307548192784e+00
15                                     3.9554043434546378e+00
16                                     3.8379718535391438e+00
17                                     3.8738594590027406e+00
18                                     3.8327741648737774e+00
19                                     3.9107650938024712e+00
20                                     3.8496404391422141e+00
21                                     9.3119941254506422e-01
22                                     9.3158517512117700e-01
23                                     9.2925919924794353e-01
24                                     9.3574284961674836e-01
25                                     9.4530909425262177e-01
26                                     9.4544878223268847e-01
27                                     8.0446550269486405e-01
28                                     9.4166495776635428e-01
29                                     9.4445537268332347e-01
30                                     9.4056618805547954e-01
31                                     7.9878974856668927e-01
32                                     8.0041525223333365e-01
33                                     8.0186003770138770e-01
34                                     8.0180438236408103e-01
   &BVA [&Type "ArrayOfDoubles", &Dim (35,1)] "Mayer's bonded valence"
                                                         0

0                                      1.9620471324102611e+00
1                                      1.7711542937550213e+00
2                                      1.8770750812281214e+00
3                                      1.8689880403962285e+00
4                                      1.8674509508610690e+00
5                                      1.8696196058558694e+00
6                                      3.8045978563879448e+00
7                                      3.8206925174382098e+00
8                                      3.8337548704377826e+00
9                                      3.8361396008851414e+00
10                                     3.9042933855866289e+00
11                                     3.9807346644662998e+00
12                                     3.8547282161946863e+00
13                                     3.8366726943456402e+00
14                                     3.8992307548192904e+00
15                                     3.9554043434546315e+00
16                                     3.8379718535391696e+00
17                                     3.8738594590027629e+00
18                                     3.8327741648737974e+00
19                                     3.9107650938025320e+00
20                                     3.8496404391422332e+00
21                                     9.3119941254506877e-01
22                                     9.3158517512119154e-01
23                                     9.2925919924793565e-01
24                                     9.3574284961673904e-01
25                                     9.4530909425263576e-01
26                                     9.4544878223269690e-01
27                                     8.0446550269486705e-01
28                                     9.4166495776636050e-01
29                                     9.4445537268333024e-01
30                                     9.4056618805549053e-01
31                                     7.9878974856669405e-01
32                                     8.0041525223333432e-01
33                                     8.0186003770138725e-01
34                                     8.0180438236408658e-01
   &FA [&Type "ArrayOfDoubles", &Dim (35,1)] "Mayer's free valence"
                                                         0

0                                      0.0000000000000000e+00
1                                      0.0000000000000000e+00
2                                      0.0000000000000000e+00
3                                      0.0000000000000000e+00
4                                      0.0000000000000000e+00
5                                      0.0000000000000000e+00
6                                      0.0000000000000000e+00
7                                      0.0000000000000000e+00
8                                      0.0000000000000000e+00
9                                      0.0000000000000000e+00
10                                     0.0000000000000000e+00
11                                     0.0000000000000000e+00
12                                     0.0000000000000000e+00
13                                     0.0000000000000000e+00
14                                     0.0000000000000000e+00
15                                     0.0000000000000000e+00
16                                     0.0000000000000000e+00
17                                     0.0000000000000000e+00
18                                     0.0000000000000000e+00
19                                     0.0000000000000000e+00
20                                     0.0000000000000000e+00
21                                     0.0000000000000000e+00
22                                     0.0000000000000000e+00
23                                     0.0000000000000000e+00
24                                     0.0000000000000000e+00
25                                     0.0000000000000000e+00
26                                     0.0000000000000000e+00
27                                     0.0000000000000000e+00
28                                     0.0000000000000000e+00
29                                     0.0000000000000000e+00
30                                     0.0000000000000000e+00
31                                     0.0000000000000000e+00
32                                     0.0000000000000000e+00
33                                     0.0000000000000000e+00
34                                     0.0000000000000000e+00
   &Method [&Type "String"] "SCF"
   &Level [&Type "String"] "Relaxed density"
   &Mult [&Type "Integer"] 1
   &State [&Type "Integer"] -1
   &Irrep [&Type "Integer"] 0
$End
$SCF_Energy
   &GeometryIndex 1
   &Method [&Type "String"] "SCF"
   &totalEnergy [&Type "ArrayOfDoubles", &Dim (1,1)] "Total energy of each state"
                                                         0

0                                     -1.0307345986114103e+03
   &Mult [&Type "ArrayOfIntegers", &Dim (1,1)] "Multiplicity of each state"
                                                         0

0                                                        1
$End
$DFT_Energy
   &GeometryIndex 1
   &nAlphaEl [&Type "Integer"] 76
   &nBetaEl [&Type "Integer"] 76
   &nTotalEl [&Type "Integer"] 152
   &finalEn [&Type "Double"]      -1.0307345986114103e+03  "No Van der Waals correction"
   &eExchange [&Type "Double"]      -1.0521438139862281e+02
   &eCorr [&Type "Double"]      -6.2086518047441013e+00
   &eXC [&Type "Double"]      -1.1142303320336691e+02
   &eCNL [&Type "Double"]       0.0000000000000000e+00
$End
$SCF_Timings
   &GeometryIndex 1
   &TOTAL [&Type "Double"]       1.7123966899999999e+02
   &PREP [&Type "Double"]       1.5216660000000002e+00
   &FOCK [&Type "Double"]       1.5695051000000007e+02
   &DENS [&Type "Double"]       6.4344400000001656e-01
   &ETOT [&Type "Double"]       1.9892799999997735e-01
   &POP [&Type "Double"]       5.5751499999999510e-01
   &TRAFO [&Type "Double"]       1.5778799999999649e-01
   &DIIS [&Type "Double"]       1.3205470000000048e+00
   &SOSCF [&Type "Double"]       5.5815299999994750e-01
   &XC [&Type "Double"]       3.6639354000000012e+01
   &FOCKSTART [&Type "Double"]       1.7624000000000994e-01
   &INT_PREP [&Type "Double"]       2.9999999924257281e-06
   &INT_BF [&Type "Double"]       5.7030830000016550e+00
   &INT_DENS [&Type "Double"]       4.6588049999993189e+00
   &INT_DENSIO [&Type "Double"]       2.3401338072179961e+06
   &INT_FUNC [&Type "Double"]       7.6511000000080642e-01
   &INT_POT [&Type "Double"]       4.4192279999998050e+00
   &INT_POTIO [&Type "Double"]       6.0148199999994461e+00
   &INT_SUM [&Type "Double"]       1.6999999989053549e-05
   &SPLITRIJ [&Type "Double"]       1.5467733000000013e+01
   &COSX [&Type "Double"]       1.1318262900000001e+02
$End
$Single_Point_Data
   &GeometryIndex 1
   &FinalEnergy [&Type "Double"]      -1.0307345986114103e+03  "Final single point energy"
   &Converged [&Type "Boolean"] true
$End
$SCF_Nuc_Gradient
   &GeometryIndex 1
   &NAtoms [&Type "Integer"] 35
   &gradNorm [&Type "Double"]       6.1559007994113471e-02
   &grad [&Type "ArrayOfDoubles", &Dim (105,1)] 
                                                         0

0                                     -5.1141850766186214e-03
1                                      1.0986344130395120e-02
2                                     -5.0059264264276111e-03
3                                      6.8039368635488262e-03
4                                     -7.6415140775593689e-03
5                                      4.6313827375460970e-03
6                                      3.1141509679738361e-03
7                                      4.2858741791517718e-03
8                                     -4.7439372448009748e-05
9                                     -2.7854494355210591e-03
10                                    -3.7273276371172018e-03
11                                     2.0971043896654204e-04
12                                     1.0269305815985286e-02
13                                    -2.0291015628274983e-03
14                                     1.0305130874470741e-03
15                                     2.1662170520374557e-03
16                                    -3.4900500897715597e-03
17                                    -9.9820535153803680e-03
18                                    -1.1754486979379525e-02
19                                     1.0857202191397037e-02
20                                     1.1175501177673533e-03
21                                     2.6172984023670597e-02
22                                     1.8272965992907030e-03
23                                     1.6876806380298343e-04
24                                    -3.2896488194725758e-03
25                                     1.6504780924508321e-03
26                                    -3.2886881526993927e-03
27                                     2.4445602936555011e-03
28                                     5.7670489664717606e-03
29                                    -8.5168816536088316e-04
30                                    -8.5857374560239300e-03
31                                    -7.7012098031591508e-03
32                                    -2.8496025486920706e-03
33                                     2.0151421821301141e-03
34                                     1.1408074633598719e-03
35                                     6.9612869113105432e-03
36                                    -7.1069016995335410e-03
37                                    -9.1655382359705009e-03
38                                     2.6623486820691843e-04
39                                     2.2178101435901196e-03
40                                    -2.3864546518071739e-03
41                                     1.1263777046085152e-03
42                                    -4.9464751353899689e-04
43                                     5.2892131503014944e-03
44                                     1.5591323644545310e-02
45                                    -3.7900729300584038e-03
46                                     1.1891087289488123e-05
47                                    -3.2545137347119307e-03
48                                    -4.1192376159999988e-03
49                                     2.5131150377091203e-03
50                                    -7.4541636968238935e-04
51                                     4.4141774701896355e-03
52                                    -6.1073594149876897e-03
53                                     6.5902399023039064e-04
54                                    -1.4784271405482174e-02
55                                    -2.0012442653255438e-03
56                                    -1.7230267823883386e-02
57                                    -1.5831126065173048e-02
58                                     2.9264643168358632e-03
59                                    -3.5108406099969153e-03
60                                     1.6241796742428802e-02
61                                     1.2549304320297904e-03
62                                     1.5989882836904057e-02
63                                     4.6930411758604532e-04
64                                    -7.3725065144169058e-03
65                                    -2.4872646937770804e-04
66                                    -1.6681837188336178e-03
67                                     3.4319129350397076e-03
68                                    -1.5077198162532779e-03
69                                     4.5526288567857252e-03
70                                     2.9297921789760151e-03
71                                    -4.9540306825746061e-05
72                                    -2.8645496265723713e-03
73                                     9.0219325461220190e-04
74                                     5.3539568594304643e-04
75                                     8.8553554127268619e-04
76                                    -7.4881519411260089e-04
77                                     4.6464167179399024e-04
78                                     5.3280458677171239e-04
79                                    -1.1772260688947996e-03
80                                    -1.8320980564214828e-03
81                                    -3.8673607405823041e-04
82                                    -3.8358540653083140e-03
83                                     2.4255307383426183e-03
84                                    -1.0823940693057074e-03
85                                    -3.3934484095420048e-04
86                                    -1.4076530885990535e-03
87                                    -1.5092616822264537e-03
88                                     3.4706092181306832e-04
89                                    -6.0341854221424712e-05
90                                     3.5474993948304417e-03
91                                    -8.1263028595691608e-04
92                                    -2.4462991411242085e-04
93                                     2.8588992012594239e-03
94                                     1.9170387361613916e-05
95                                     1.0759223693177639e-05
96                                    -1.4189657078155227e-03
97                                     1.6753128862133926e-03
98                                    -5.1538522605725640e-04
99                                    -8.2010024157758155e-04
100                                    3.3699399577240448e-04
101                                    1.1842136142578563e-03
102                                   -1.3007972504106846e-03
103                                    3.8307450191282788e-04
104                                    2.5993619176656324e-04
   &Method [&Type "String"] "SCF"
   &Level [&Type "String"] "Relaxed density"
   &Mult [&Type "Integer"] 1
   &State [&Type "Integer"] 0
   &Irrep [&Type "Integer"] 0
$End
$Geometry
   &GeometryIndex 2
   &NAtoms [&Type "Integer"] 35
   &NCorelessECP [&Type "Integer"] 0
   &NGhostAtoms [&Type "Integer"] 0
   &CartesianCoordinates [&Type "Coordinates", &Dim(35,4), &Units "Bohr"] 
              O      0.799412756015    1.226171171103   -0.501480611140
              O     -1.303079756672   -5.368071891479   -0.051127953086
              O      8.312711526121   -3.698066235821    0.697122708883
              O      8.832293980508    5.264978283538   -0.103447365934
              O     -7.887561140741    2.211314319514    3.863607472622
              O    -11.052007334218    1.486224301525   -0.059747438428
              C      0.193804058034   -3.220255347280    0.591673854070
              C     -0.625397591868   -1.018070894489   -1.102460406547
              C      3.013156562890   -3.767836941157    0.194054740172
              C      4.546185245814   -1.363964411506    0.114522187773
              C      3.364837712323    0.973853849132   -0.243590113498
              C     -3.402413714422   -0.348927525360   -0.843569113959
              C      7.184261047544   -1.395513041510    0.364127762925
              C      4.756777820245    3.223847057046   -0.312348802081
              C     -4.358583255316    0.636124411219    1.423944986514
              C     -5.056743477051   -0.701511451674   -2.869798846859
              C      8.610101713739    0.824734503093    0.293264643920
              C      7.375542735431    3.131166506401   -0.042880072354
              C     -6.914004763919    1.242809137354    1.671323284420
              C     -7.618828950770   -0.103870672950   -2.632284992620
              C     -8.558839101129    0.868642465055   -0.367348444105
              H     -0.144114105880   -2.708539671115    2.578456550402
              H     -0.243769296746   -1.524467200959   -3.079637740128
              H      3.249962669229   -4.817880191670   -1.582052124823
              H      3.688518319080   -5.020472729428    1.705752212878
              H      3.769516317999    5.004295781715   -0.586006112513
              H     -3.081265987776    0.962378079312    3.001541339176
              H     -0.897412877083   -6.681442238250    1.157834738934
              H     -4.362138085456   -1.461063005307   -4.646940321861
              H     10.654666352928    0.798755409867    0.492684487391
              H     -8.873034345707   -0.398832252113   -4.234214722555
              H     10.121042914349   -3.443337636385    0.840515064003
              H      7.740791957632    6.711607078383   -0.376132976003
              H     -6.533825850149    2.353543493519    5.087584618548
              H    -11.937796399662    1.119022188676   -1.619108040078
$End
$SCF_Energy
   &GeometryIndex 2
   &Method [&Type "String"] "SCF"
   &totalEnergy [&Type "ArrayOfDoubles", &Dim (1,1)] "Total energy of each state"
                                                         0

0                                     -1.0307398749632523e+03
   &Mult [&Type "ArrayOfIntegers", &Dim (1,1)] "Multiplicity of each state"
                                                         0

0                                                        1
$End
$DFT_Energy
   &GeometryIndex 2
   &nAlphaEl [&Type "Integer"] 76
   &nBetaEl [&Type "Integer"] 76
   &nTotalEl [&Type "Integer"] 152
   &finalEn [&Type "Double"]      -1.0307398749632523e+03  "No Van der Waals correction"
   &eExchange [&Type "Double"]      -1.0519774290056608e+02
   &eCorr [&Type "Double"]      -6.2073958253414068e+00
   &eXC [&Type "Double"]      -1.1140513872590749e+02
   &eCNL [&Type "Double"]       0.0000000000000000e+00
$End
$SCF_Timings
   &GeometryIndex 2
   &TOTAL [&Type "Double"]       1.7501899100000000e+02
   &PREP [&Type "Double"]       1.3812709999999999e+00
   &FOCK [&Type "Double"]       1.6227277399999997e+02
   &DENS [&Type "Double"]       7.2721599999999853e-01
   &ETOT [&Type "Double"]       2.2999899999999585e-01
   &POP [&Type "Double"]       9.9999999747524271e-07
   &TRAFO [&Type "Double"]       1.6391300000000442e-01
   &DIIS [&Type "Double"]       1.0511119999999927e+00
   &SOSCF [&Type "Double"]       9.3080500000003852e-01
   &XC [&Type "Double"]       4.0404401999999983e+01
   &FOCKSTART [&Type "Double"]       2.3127200000001213e-01
   &INT_BF [&Type "Double"]       6.3619699999986992e+00
   &INT_DENS [&Type "Double"]       5.1265690000010693e+00
   &INT_DENSIO [&Type "Double"]       2.6801066285470016e+06
   &INT_FUNC [&Type "Double"]       8.7125499999945077e-01
   &INT_POT [&Type "Double"]       3.9168550000008260e+00
   &INT_POTIO [&Type "Double"]       6.7729429999998239e+00
   &INT_SUM [&Type "Double"]       1.5999999998683734e-05
   &SPLITRIJ [&Type "Double"]       1.6080304999999974e+01
   &COSX [&Type "Double"]       1.1206551699999999e+02
$End
$Single_Point_Data
   &GeometryIndex 2
   &FinalEnergy [&Type "Double"]      -1.0307398749632523e+03  "Final single point energy"
   &Converged [&Type "Boolean"] true
$End
$SCF_Nuc_Gradient
   &GeometryIndex 2
   &NAtoms [&Type "Integer"] 35
   &gradNorm [&Type "Double"]       2.9594520977443792e-02
   &grad [&Type "ArrayOfDoubles", &Dim (105,1)] 
                                                         0

0                                     -3.1160301063223594e-03
1                                      3.0813415564887037e-03
2                                     -2.3806823668871815e-03
3                                      8.6321252158524930e-04
4                                     -4.2897996827098266e-03
5                                      1.7775509680044432e-03
6                                      2.2547163237669893e-03
7                                      1.8328439932551732e-03
8                                      3.4366777553954814e-04
9                                     -1.3426291293576198e-03
10                                     6.0762132753040821e-04
11                                    -9.3372678525507902e-05
12                                     4.5082402679053613e-03
13                                    -1.0996280488108356e-04
14                                     2.1279346173122965e-03
15                                    -1.4229777402046673e-03
16                                    -1.3010372347311977e-03
17                                    -4.6788698677224794e-03
18                                    -4.4324437038982915e-03
19                                     6.3828625422401603e-03
20                                     4.3542187231481594e-04
21                                     9.9878414428862042e-03
22                                    -2.2024509272662932e-03
23                                     1.5694742165730732e-04
24                                    -6.3079054862930951e-04
25                                     1.8814250019816639e-04
26                                    -1.4596133529153864e-03
27                                     3.2525797974187753e-03
28                                     4.2065163921646553e-03
29                                    -4.0073864489836673e-04
30                                    -2.2853328942492451e-03
31                                    -3.2547955984339114e-03
32                                    -3.9888488149626006e-04
33                                    -1.3023762013344153e-03
34                                     2.3715520146958685e-04
35                                     2.8314405861375957e-03
36                                    -3.6809052247208096e-03
37                                    -6.1690393810433560e-03
38                                    -2.6978939385313011e-04
39                                     9.6978108598207158e-04
40                                    -1.3676898838642787e-03
41                                     2.6512159568614982e-04
42                                     1.3530921401624860e-03
43                                     1.2373215390960174e-03
44                                     5.1028902386307112e-03
45                                    -5.0977878836554191e-04
46                                     5.3375863917238392e-04
47                                    -7.6448690310132461e-04
48                                    -1.5562935217166562e-03
49                                     1.9673169645784833e-03
50                                    -2.9773946511198711e-04
51                                     3.1304210988797460e-03
52                                    -1.9684963088274360e-03
53                                     1.6094152279721129e-04
54                                    -9.2683178065514956e-03
55                                    -1.4367476128353627e-03
56                                    -9.3801417074151627e-03
57                                    -6.2087031730015396e-03
58                                     5.0500036881401950e-04
59                                    -2.6575752446001966e-03
60                                     8.8424173778310425e-03
61                                     1.7068685519589697e-03
62                                     1.0090704108462151e-02
63                                    -2.9725875544850400e-04
64                                    -3.5773831267202141e-03
65                                     1.4037326934274175e-04
66                                    -8.9317511596376242e-04
67                                     1.5368292476521592e-03
68                                    -2.3866164318531169e-04
69                                     2.3308882863921632e-03
70                                     1.2020415133082024e-03
71                                    -1.6702093128220796e-04
72                                    -1.2997227317638610e-03
73                                    -3.5681317412609992e-04
74                                     6.5453400263323913e-04
75                                     2.8447419018226561e-04
76                                     3.6579862577604261e-04
77                                     1.8186990463041341e-04
78                                     5.4534647848028528e-04
79                                    -6.7931698645987484e-04
80                                    -8.0206122611034547e-04
81                                    -2.3574959388029254e-04
82                                     1.1997464043675965e-03
83                                     2.0968061541506988e-04
84                                    -4.5471300549594640e-04
85                                    -1.0063462971669768e-04
86                                    -3.0144529680492527e-04
87                                     1.4471111877054077e-04
88                                     2.7118563906886745e-04
89                                     6.4392290051024786e-05
90                                     1.8627336988175924e-03
91                                    -6.6337284377188804e-04
92                                    -7.8963871414966524e-04
93                                    -4.3619490947338635e-04
94                                     1.3288677789385223e-04
95                                    -2.3651967842287791e-04
96                                     1.4068391307131556e-04
97                                    -9.3150058820212767e-05
98                                    -9.3422321992338297e-05
99                                    -9.7509330047737541e-04
100                                    4.6348431226733017e-05
101                                   -2.3455015760120990e-05
102                                   -1.2265361921599827e-04
103                                    3.2910405303814699e-04
104                                    8.9064862671658918e-04
   &Method [&Type "String"] "SCF"
   &Level [&Type "String"] "Relaxed density"
   &Mult [&Type "Integer"] 1
   &State [&Type "Integer"] 0
   &Irrep [&Type "Integer"] 0
$End
$Geometry
   &GeometryIndex 3
   &NAtoms [&Type "Integer"] 35
   &NCorelessECP [&Type "Integer"] 0
   &NGhostAtoms [&Type "Integer"] 0
   &CartesianCoordinates [&Type "Coordinates", &Dim(35,4), &Units "Bohr"] 
              O      0.805178600545    1.200219561356   -0.477208536435
              O     -1.334084573326   -5.335771476702   -0.149133989743
              O      8.305328523145   -3.713398959510    0.621378849231
              O      8.816623165813    5.281156151417    0.067950643101
              O     -7.829319119144    2.456913804715    3.765242400840
              O    -11.040347141243    1.468930050269    0.016629738254
              C      0.207708107416   -3.241306887807    0.537889407570
              C     -0.634219741848   -1.025072898555   -1.126612361518
              C      3.021973803927   -3.794345718176    0.118658129996
              C      4.552758397906   -1.381498222737    0.076916528060
              C      3.369831364223    0.965587866282   -0.221680196733
              C     -3.397073024636   -0.352350794643   -0.872866283366
              C      7.192472826309   -1.393309046700    0.343262098242
              C      4.740734926759    3.230429726204   -0.228162373127
              C     -4.314201324826    0.754231490850    1.351176843686
              C     -5.084730435688   -0.839325702804   -2.833488799866
              C      8.608589833463    0.832465170502    0.340293859289
              C      7.358832676210    3.145878440590    0.059375017879
              C     -6.861930771730    1.359674342973    1.632607921189
              C     -7.646178409502   -0.253939426345   -2.566191209283
              C     -8.558652797361    0.843651983612   -0.348936907399
              H     -0.116539622288   -2.716931891701    2.527145453305
              H     -0.235082837095   -1.522959673461   -3.103807473585
              H      3.216799794237   -4.824376488446   -1.675347556375
              H      3.720841824524   -5.072035917573    1.597073948197
              H      3.738407348755    5.007060543781   -0.466555177080
              H     -3.007078412163    1.194612823004    2.878159205983
              H     -0.927024334217   -6.706557640881    0.996496912129
              H     -4.418148923088   -1.697277708740   -4.575329822945
              H     10.651836298037    0.808697938388    0.550192909393
              H     -8.946581421552   -0.651020768739   -4.110866570542
              H     10.113809512200   -3.475667545108    0.798917933778
              H      7.725612198192    6.735256970553   -0.164594621519
              H     -6.457533010609    2.703292966839    4.955291735025
              H    -11.975845646032    1.006431635296   -1.490043201573
$End
$SCF_Energy
   &GeometryIndex 3
   &Method [&Type "String"] "SCF"
   &totalEnergy [&Type "ArrayOfDoubles", &Dim (1,1)] "Total energy of each state"
                                                         0

0                                     -1.0307410581926522e+03
   &Mult [&Type "ArrayOfIntegers", &Dim (1,1)] "Multiplicity of each state"
                                                         0

0                                                        1
$End
$DFT_Energy
   &GeometryIndex 3
   &nAlphaEl [&Type "Integer"] 76
   &nBetaEl [&Type "Integer"] 76
   &nTotalEl [&Type "Integer"] 152
   &finalEn [&Type "Double"]      -1.0307410581926522e+03  "No Van der Waals correction"
   &eExchange [&Type "Double"]      -1.0519456036226799e+02
   &eCorr [&Type "Double"]      -6.2074364808496663e+00
   &eXC [&Type "Double"]      -1.1140199684311766e+02
   &eCNL [&Type "Double"]       0.0000000000000000e+00
$End
$SCF_Timings
   &GeometryIndex 3
   &TOTAL [&Type "Double"]       1.6274883200000002e+02
   &PREP [&Type "Double"]       1.5977730000000001e+00
   &FOCK [&Type "Double"]       1.4907273899999998e+02
   &DENS [&Type "Double"]       6.4142999999999972e-01
   &ETOT [&Type "Double"]       1.9973599999998726e-01
   &POP [&Type "Double"]       9.9999999747524271e-07
   &TRAFO [&Type "Double"]       1.7991000000002089e-01
   &DIIS [&Type "Double"]       9.7740599999998778e-01
   &SOSCF [&Type "Double"]       7.0040799999997105e-01
   &XC [&Type "Double"]       3.5557664999999972e+01
   &FOCKSTART [&Type "Double"]       1.9231099999999079e-01
   &INT_PREP [&Type "Double"]       2.9999999924257281e-06
   &INT_BF [&Type "Double"]       5.7053479999996100e+00
   &INT_DENS [&Type "Double"]       4.4793419999994519e+00
   &INT_DENSIO [&Type "Double"]       2.2348607886259975e+06
   &INT_FUNC [&Type "Double"]       7.7479300000025120e-01
   &INT_POT [&Type "Double"]       3.6567599999982328e+00
   &INT_POTIO [&Type "Double"]       5.8972129999996241e+00
   &INT_SUM [&Type "Double"]       1.4000000021496817e-05
   &SPLITRIJ [&Type "Double"]       1.4742718999999997e+01
   &COSX [&Type "Double"]       1.0635746600000000e+02
$End
$Single_Point_Data
   &GeometryIndex 3
   &FinalEnergy [&Type "Double"]      -1.0307410581926522e+03  "Final single point energy"
   &Converged [&Type "Boolean"] true
$End
$SCF_Nuc_Gradient
   &GeometryIndex 3
   &NAtoms [&Type "Integer"] 35
   &gradNorm [&Type "Double"]       8.7314823359473052e-03
   &grad [&Type "ArrayOfDoubles", &Dim (105,1)] 
                                                         0

0                                     -6.2647620537795157e-04
1                                     -4.1267392290786353e-04
2                                     -3.7632459072571567e-04
3                                     -1.0061698290403098e-03
4                                     -1.4857368070501573e-04
5                                     -1.1787246109820348e-03
6                                     -9.0388505886260240e-05
7                                      1.4889972222204007e-04
8                                      1.9761932421923090e-04
9                                     -1.4690752851653777e-04
10                                     7.2546686355492301e-04
11                                     1.3638364638288158e-05
12                                     2.5174400689570442e-04
13                                     3.8389055871707045e-04
14                                     7.4501211459186700e-04
15                                    -1.0301431431443131e-03
16                                     1.0370054903641179e-04
17                                    -2.4134613916954040e-04
18                                     3.9349779548240871e-04
19                                     2.8206377427040345e-03
20                                    -1.6404978431449821e-04
21                                    -2.0126133164075771e-05
22                                    -2.9337592696688751e-03
23                                     6.3964186149705407e-04
24                                     4.3499343652221925e-05
25                                    -7.5685353324143542e-04
26                                     2.7649889806135447e-04
27                                     1.8571730659811547e-03
28                                     1.5008237840318517e-03
29                                    -1.0248599400994231e-04
30                                     2.8027379491710191e-04
31                                     2.1053357170500164e-04
32                                     8.5476224430617448e-06
33                                    -7.9761126337468680e-04
34                                     3.3345669358621904e-04
35                                     7.2536568073282640e-04
36                                    -9.0464343315298235e-04
37                                    -2.0767740245618473e-03
38                                    -1.1856934279077039e-04
39                                    -5.8663143331799672e-04
40                                    -6.6456989892987872e-04
41                                    -1.3155899287795123e-04
42                                     1.0691923207334225e-03
43                                    -1.0709115462476416e-03
44                                    -8.9787510432756679e-04
45                                     2.4079183709865837e-04
46                                     8.0747914990657310e-04
47                                     1.4659550441716018e-04
48                                    -1.0939350484909238e-04
49                                     8.8403654361433187e-04
50                                    -1.2161482826805736e-04
51                                     1.2824739464792484e-03
52                                     1.7712016560120225e-04
53                                     1.0947357022104455e-04
54                                    -2.7992038349367136e-03
55                                    -4.4200554843732559e-04
56                                    -2.1257909745257056e-03
57                                    -3.8467567661641666e-04
58                                    -3.3283533721103695e-04
59                                    -9.8817002037873691e-04
60                                     2.1240502814392839e-03
61                                     9.5939871110070976e-04
62                                     3.1241965850070767e-03
63                                     8.4082187215617221e-05
64                                    -9.4031175811767204e-04
65                                     2.8135597375236743e-04
66                                    -4.5690861955930556e-04
67                                     1.9222866877924988e-04
68                                     1.6446929219537942e-05
69                                     5.3971340178736796e-04
70                                     1.7186153210931032e-04
71                                    -4.6961753503438342e-06
72                                    -4.2618458913313423e-04
73                                    -3.6217182242938295e-04
74                                     8.3122144406116982e-05
75                                     1.8669527817415099e-04
76                                     3.0171598625788887e-04
77                                     6.1041391872677930e-05
78                                     1.9849025618473570e-04
79                                    -1.2226817304879928e-04
80                                     4.4291606321023025e-05
81                                     9.1011548533803666e-05
82                                     9.5508359270404797e-04
83                                     6.3679273902300659e-04
84                                    -4.4991600249476293e-05
85                                    -1.9633572944321998e-05
86                                    -2.4303716451012924e-06
87                                     1.8965319000940895e-04
88                                     5.1086780585723329e-05
89                                     4.0749064941565660e-05
90                                     6.5365765538169529e-04
91                                    -3.5329143287382569e-04
92                                    -4.6365347125368328e-04
93                                    -2.2883954758634584e-04
94                                     2.1021948659868256e-04
95                                    -1.8387417547523557e-04
96                                     1.1615159173430922e-04
97                                    -1.8659990560038198e-04
98                                    -4.3435472110563839e-05
99                                    -1.1424272980356531e-04
100                                   -1.0545217547416191e-04
101                                   -1.0285401145676554e-04
102                                    1.7138595600080242e-04
103                                   -8.9544946015110427e-06
104                                    9.7064764628923550e-05
   &Method [&Type "String"] "SCF"
   &Level [&Type "String"] "Relaxed density"
   &Mult [&Type "Integer"] 1
   &State [&Type "Integer"] 0
   &Irrep [&Type "Integer"] 0
$End
$Geometry
   &GeometryIndex 4
   &NAtoms [&Type "Integer"] 35
   &NCorelessECP [&Type "Integer"] 0
   &NGhostAtoms [&Type "Integer"] 0
   &CartesianCoordinates [&Type "Coordinates", &Dim(35,4), &Units "Bohr"] 
              O      0.804257624479    1.200978157188   -0.461347807439
              O     -1.332976328100   -5.340229521183   -0.235585777140
              O      8.298230352113   -3.725478190670    0.565488460517
              O      8.805767453629    5.277309300320    0.209043076064
              O     -7.771100935181    2.667782318724    3.676793316509
              O    -11.035222157154    1.445345333712    0.067259561160
              C      0.209436758931   -3.258737942218    0.483536887745
              C     -0.635045782520   -1.012761959007   -1.150789767902
              C      3.020873126948   -3.802520169912    0.048117863349
              C      4.547699464683   -1.388709876586    0.050891589845
              C      3.365983888735    0.964661364773   -0.201075292435
              C     -3.394336482274   -0.343654896024   -0.891267322220
              C      7.188027931381   -1.397773265521    0.331501893557
              C      4.731045368157    3.232589151947   -0.153713678688
              C     -4.279771741575    0.870674962445    1.290822179336
              C     -5.114947620312   -0.957080787712   -2.785987282408
              C      8.600147134500    0.826839820500    0.384472318619
              C      7.346462510649    3.144430363156    0.146368200253
              C     -6.824167920518    1.465458398768    1.593576444548
              C     -7.677022677098   -0.383717341336   -2.494860071528
              C     -8.558876441396    0.822161947271   -0.325314458258
              H     -0.110410514133   -2.749385093463    2.478078785908
              H     -0.226528292101   -1.487276258074   -3.132483875997
              H      3.201854571050   -4.802824272888   -1.764466303598
              H      3.731586890106   -5.104323587560    1.498953959343
              H      3.724639140628    5.010159727757   -0.362237260741
              H     -2.948332494009    1.410260117639    2.763950642299
              H     -0.899644779113   -6.750238054286    0.852182620240
              H     -4.473511539815   -1.903046545989   -4.491046144780
              H     10.641911737099    0.800805757979    0.603657748835
              H     -9.011410340919   -0.873979546142   -3.983445178878
              H     10.105198085838   -3.495538761578    0.770315084686
              H      7.716596975360    6.737815119537    0.007664319565
              H     -6.381302419559    3.002328308842    4.824692897809
              H    -12.002342893199    0.895020617590   -1.389913174117
$End
$SCF_Energy
   &GeometryIndex 4
   &Method [&Type "String"] "SCF"
   &totalEnergy [&Type "ArrayOfDoubles", &Dim (1,1)] "Total energy of each state"
                                                         0

0                                     -1.0307413517687460e+03
   &Mult [&Type "ArrayOfIntegers", &Dim (1,1)] "Multiplicity of each state"
                                                         0

0                                                        1
$End
$DFT_Energy
   &GeometryIndex 4
   &nAlphaEl [&Type "Integer"] 76
   &nBetaEl [&Type "Integer"] 76
   &nTotalEl [&Type "Integer"] 152
   &finalEn [&Type "Double"]      -1.0307413517687460e+03  "No Van der Waals correction"
   &eExchange [&Type "Double"]      -1.0519464076538760e+02
   &eCorr [&Type "Double"]      -6.2075911507624761e+00
   &eXC [&Type "Double"]      -1.1140223191615009e+02
   &eCNL [&Type "Double"]       0.0000000000000000e+00
$End
$SCF_Timings
   &GeometryIndex 4
   &TOTAL [&Type "Double"]       1.6650683899999999e+02
   &PREP [&Type "Double"]       1.3426680000000002e+00
   &FOCK [&Type "Double"]       1.5292560100000003e+02
   &DENS [&Type "Double"]       6.5878199999998799e-01
   &ETOT [&Type "Double"]       2.4173500000001624e-01
   &TRAFO [&Type "Double"]       1.3995099999999638e-01
   &DIIS [&Type "Double"]       1.0952730000000024e+00
   &SOSCF [&Type "Double"]       7.4859600000000626e-01
   &XC [&Type "Double"]       3.9263659999999987e+01
   &FOCKSTART [&Type "Double"]       1.8747699999998635e-01
   &INT_PREP [&Type "Double"]       1.9999999949504854e-06
   &INT_BF [&Type "Double"]       6.0514720000000040e+00
   &INT_DENS [&Type "Double"]       4.9708189999992598e+00
   &INT_DENSIO [&Type "Double"]       2.2541752495309990e+06
   &INT_FUNC [&Type "Double"]       8.4109999999870766e-01
   &INT_POT [&Type "Double"]       3.7689850000008533e+00
   &INT_POTIO [&Type "Double"]       6.6639600000007846e+00
   &INT_SUM [&Type "Double"]       1.1000000021965661e-05
   &SPLITRIJ [&Type "Double"]       1.4590417000000055e+01
   &COSX [&Type "Double"]       1.0635198699999998e+02
$End
$Single_Point_Data
   &GeometryIndex 4
   &FinalEnergy [&Type "Double"]      -1.0307413517687460e+03  "Final single point energy"
   &Converged [&Type "Boolean"] true
$End
$SCF_Nuc_Gradient
   &GeometryIndex 4
   &NAtoms [&Type "Integer"] 35
   &gradNorm [&Type "Double"]       5.0132665183885124e-03
   &grad [&Type "ArrayOfDoubles", &Dim (105,1)] 
                                                         0

0                                      4.6843813735569784e-04
1                                     -2.3234903528449036e-04
2                                      1.9531279414772632e-04
3                                     -6.6466209625712369e-04
4                                     -7.3395889254625202e-06
5                                     -1.2272144706984012e-03
6                                     -4.1993273001907083e-04
7                                     -2.7521902958765887e-04
8                                      1.1899464265222167e-04
9                                      1.4345378752705917e-04
10                                     2.4998260916214016e-04
11                                     6.1009308503778836e-05
12                                    -7.0110056096556184e-04
13                                     2.2348392738533174e-04
14                                     3.8104053127735460e-05
15                                    -2.6222833017092162e-04
16                                     3.8644661633358002e-04
17                                     7.2248323168885853e-04
18                                     1.1311664050662473e-03
19                                     1.3167480751738909e-03
20                                    -1.0789174236982071e-04
21                                    -1.9357999054913366e-03
22                                    -1.9688339279152756e-03
23                                     4.9147829778279847e-04
24                                     3.5771866682503956e-05
25                                    -5.4926910679630597e-04
26                                     5.3358390583335344e-04
27                                     5.7826436949254267e-04
28                                     1.3149695805378392e-04
29                                    -6.7334612649409126e-05
30                                     3.5401251663117611e-04
31                                     1.0236301741459175e-03
32                                     1.0466865250563159e-04
33                                     1.7997755555079764e-04
34                                     3.7911033738408442e-04
35                                    -8.7264749403563602e-05
36                                     1.1104612597048757e-04
37                                    -9.8995087287223615e-05
38                                    -5.7826402708582164e-05
39                                    -7.4566141036562505e-04
40                                    -3.1883971360030516e-04
41                                    -1.9658212784943660e-04
42                                     2.7953135047109612e-04
43                                    -1.3487084168747679e-03
44                                    -1.5277463014368581e-03
45                                     2.4940938349725383e-05
46                                     5.8400310298095670e-04
47                                     5.1907161373043742e-05
48                                     1.2380712195345089e-04
49                                     2.7725512390753063e-04
50                                    -1.1964644489888265e-05
51                                     3.1771608907390711e-04
52                                     4.1279142563532822e-04
53                                     5.5059086889699960e-05
54                                     2.4623677884877057e-04
55                                     2.4204254573337303e-04
56                                     6.1283713108092885e-04
57                                     7.5961673808092045e-04
58                                    -1.3986352928291312e-04
59                                    -7.7158373321936646e-05
60                                    -4.1601745907313137e-04
61                                     7.2666270955213871e-05
62                                    -7.8311132245122150e-05
63                                     3.7019290010698730e-04
64                                    -1.2708905329731485e-04
65                                     2.2863903503364535e-04
66                                    -2.4393271339470668e-04
67                                    -2.3253409288196553e-04
68                                     1.9935462586079256e-05
69                                    -4.1385207547234293e-05
70                                    -1.0763037075836590e-04
71                                     4.3386140898021841e-05
72                                    -9.5456264463618379e-05
73                                    -1.4515580022401997e-04
74                                    -1.0877321048653743e-04
75                                     1.3099520052065050e-04
76                                     1.3549677757615508e-04
77                                     1.6472998980263109e-05
78                                    -6.1174421577325777e-05
79                                     1.6586628175691009e-04
80                                     2.9033328531463676e-04
81                                    -1.3988872391182405e-04
82                                     3.6049335049709308e-04
83                                     4.6586996252659385e-04
84                                     3.1425930742616515e-05
85                                    -2.7803943194321112e-06
86                                     8.8607736770107692e-07
87                                     7.7953005472253256e-05
88                                    -5.1143656289755635e-05
89                                     1.5713433141755634e-05
90                                     1.2785742396197175e-04
91                                    -1.3283118629189156e-04
92                                    -1.7594932481429515e-04
93                                    -5.5394062189045856e-05
94                                     8.9278410990552282e-05
95                                    -1.0776843460336832e-04
96                                     4.7613852413169733e-06
97                                    -1.1317332050261864e-04
98                                    -2.9398128358702064e-05
99                                     1.2218954825160555e-04
100                                   -1.0107432632257968e-04
101                                   -7.7447016312570671e-05
102                                    1.6327858026551900e-04
103                                   -9.7962319508829165e-05
104                                   -1.2804393619339494e-04
   &Method [&Type "String"] "SCF"
   &Level [&Type "String"] "Relaxed density"
   &Mult [&Type "Integer"] 1
   &State [&Type "Integer"] 0
   &Irrep [&Type "Integer"] 0
$End
$Geometry
   &GeometryIndex 5
   &NAtoms [&Type "Integer"] 35
   &NCorelessECP [&Type "Integer"] 0
   &NGhostAtoms [&Type "Integer"] 0
   &CartesianCoordinates [&Type "Coordinates", &Dim(35,4), &Units "Bohr"] 
              O      0.804673797912    1.214503066502   -0.439793566211
              O     -1.331758845264   -5.336721661289   -0.357397181767
              O      8.289027203817   -3.744752712685    0.491783054322
              O      8.803032275830    5.259168236447    0.394491470117
              O     -7.704803700157    2.941867888204    3.543119485244
              O    -11.036834463479    1.394552084206    0.132350383116
              C      0.205398943175   -3.270267951690    0.404806887016
              C     -0.632698515558   -0.980077876823   -1.184059516089
              C      3.014312369406   -3.803054404481   -0.048884885268
              C      4.540253782532   -1.394164754474    0.020553792597
              C      3.363197954639    0.966487574543   -0.171105153541
              C     -3.392982757361   -0.322240435085   -0.911722858860
              C      7.180614596994   -1.409979705198    0.318104816759
              C      4.728271934782    3.232241638665   -0.050147849266
              C     -4.242623578416    1.035510522991    1.202331261593
              C     -5.152427800738   -1.112089730307   -2.703217206402
              C      8.592402069435    0.808808299480    0.443305793994
              C      7.339938607756    3.132571334339    0.262954612754
              C     -6.786760731608    1.604888799877    1.531637700411
              C     -7.717018010677   -0.563371435131   -2.380534946210
              C     -8.562574305802    0.785657829003   -0.285757204153
              H     -0.115176145124   -2.793195993976    2.407174184999
              H     -0.213785897438   -1.414278460179   -3.173203500347
              H      3.186731259631   -4.756509512906   -1.887617796802
              H      3.731963897769   -5.140854365453    1.365265259383
              H      3.721578011464    5.013631640528   -0.217066402139
              H     -2.882573589871    1.706678681544    2.591668302380
              H     -0.853376428366   -6.793262240395    0.647273114266
              H     -4.539190257367   -2.175803597095   -4.347850533574
              H     10.632442226117    0.775613832330    0.672942904784
              H     -9.088297422433   -1.184792811536   -3.784375117979
              H     10.093293524526   -3.524345699596    0.730083232088
              H      7.718141296519    6.728333429638    0.234411269639
              H     -6.293099625439    3.395452407738    4.621796540112
              H    -12.036524021895    0.721140780266   -1.249485892906
$End
$SCF_Energy
   &GeometryIndex 5
   &Method [&Type "String"] "SCF"
   &totalEnergy [&Type "ArrayOfDoubles", &Dim (1,1)] "Total energy of each state"
                                                         0

0                                     -1.0307415724458522e+03
   &Mult [&Type "ArrayOfIntegers", &Dim (1,1)] "Multiplicity of each state"
                                                         0

0                                                        1
$End
$DFT_Energy
   &GeometryIndex 5
   &nAlphaEl [&Type "Integer"] 76
   &nBetaEl [&Type "Integer"] 76
   &nTotalEl [&Type "Integer"] 151
   &finalEn [&Type "Double"]      -1.0307415724458522e+03  "No Van der Waals correction"
   &eExchange [&Type "Double"]      -1.0519597934895766e+02
   &eCorr [&Type "Double"]      -6.2078855007174383e+00
   &eXC [&Type "Double"]      -1.1140386484967510e+02
   &eCNL [&Type "Double"]       0.0000000000000000e+00
$End
$SCF_Timings
   &GeometryIndex 5
   &TOTAL [&Type "Double"]       1.7198213800000002e+02
   &PREP [&Type "Double"]       1.4226989999999999e+00
   &FOCK [&Type "Double"]       1.5960533500000000e+02
   &DENS [&Type "Double"]       6.8969800000002124e-01
   &ETOT [&Type "Double"]       2.1410700000000205e-01
   &POP [&Type "Double"]       9.9999999747524271e-07
   &TRAFO [&Type "Double"]       1.4012399999998593e-01
   &DIIS [&Type "Double"]       9.7873699999999886e-01
   &SOSCF [&Type "Double"]       8.1736899999999935e-01
   &XC [&Type "Double"]       3.9339182000000008e+01
   &FOCKSTART [&Type "Double"]       2.1409199999999218e-01
   &INT_PREP [&Type "Double"]       9.9999999747524271e-07
   &INT_BF [&Type "Double"]       6.2705279999992030e+00
   &INT_DENS [&Type "Double"]       4.9483519999990087e+00
   &INT_DENSIO [&Type "Double"]       2.6249458519469970e+06
   &INT_FUNC [&Type "Double"]       8.4828400000166937e-01
   &INT_POT [&Type "Double"]       3.8312530000005367e+00
   &INT_POTIO [&Type "Double"]       6.6654030000001576e+00
   &INT_SUM [&Type "Double"]       1.4999999997655777e-05
   &SPLITRIJ [&Type "Double"]       1.5754543999999992e+01
   &COSX [&Type "Double"]       1.1058276599999999e+02
$End
$Single_Point_Data
   &GeometryIndex 5
   &FinalEnergy [&Type "Double"]      -1.0307415724458522e+03  "Final single point energy"
   &Converged [&Type "Boolean"] true
$End
$SCF_Nuc_Gradient
   &GeometryIndex 5
   &NAtoms [&Type "Integer"] 35
   &gradNorm [&Type "Double"]       6.1233697642601058e-03
   &grad [&Type "ArrayOfDoubles", &Dim (105,1)] 
                                                         0

0                                      8.5356734496622177e-04
1                                      4.5940552104958843e-04
2                                      4.7912106412664746e-04
3                                      2.9463019183387229e-04
4                                     -1.1118992977850184e-05
5                                     -5.4439861418778546e-04
6                                     -2.4246941787359200e-04
7                                     -3.4182103455637769e-04
8                                      1.2763970784953130e-05
9                                      2.3752802384652272e-04
10                                    -2.1710091947514665e-04
11                                     3.4922871791097376e-05
12                                    -7.7966527368750205e-04
13                                    -1.4268528392551161e-04
14                                    -4.5085468673036755e-04
15                                     5.2333779612326325e-04
16                                     3.4100003712747573e-04
17                                     7.3004971916226791e-04
18                                     6.8489857471926152e-04
19                                    -1.0143030330111297e-04
20                                     9.9882956037418424e-05
21                                    -1.9178480658714053e-03
22                                    -6.1231447660905179e-04
23                                     1.4655520271892458e-04
24                                     3.3478344774488453e-05
25                                     7.8073114307138092e-05
26                                     2.4783586988804535e-04
27                                    -6.8973419076856501e-04
28                                    -8.8188998989571776e-04
29                                    -5.8034878563390652e-05
30                                     5.7967405302020159e-05
31                                     7.9820262165872236e-04
32                                     4.4385632669886182e-05
33                                     8.3158933492619158e-04
34                                     6.3968259737385430e-05
35                                    -1.0581354460912681e-03
36                                     6.2341380687425119e-04
37                                     1.2396499415137964e-03
38                                     9.5496753380840821e-05
39                                    -2.9186510684469508e-04
40                                     9.2357938718146126e-05
41                                    -7.5374798501979612e-05
42                                    -5.1092593147859799e-04
43                                    -8.5172485443267901e-04
44                                    -6.6919317088055819e-04
45                                    -1.5328111062265504e-05
46                                     2.2980881671673392e-04
47                                     1.0392690339336430e-04
48                                     1.6734937401237382e-04
49                                    -2.7841631966176242e-04
50                                     4.2166257309055738e-05
51                                    -5.1544328427766475e-04
52                                     1.8086518957116660e-04
53                                    -1.7049381553412013e-05
54                                     2.3356594454808748e-03
55                                     9.1697704992908455e-04
56                                     2.0278459408998237e-03
57                                     6.9328855384612198e-04
58                                     2.7938766298440942e-04
59                                     6.0118067107650663e-04
60                                    -1.8654435274755091e-03
61                                    -9.8538905924856323e-04
62                                    -2.1419768907388927e-03
63                                     3.5042523925231731e-04
64                                     3.2328324638276895e-04
65                                     5.6303092211495986e-05
66                                    -3.8298604395498037e-07
67                                    -4.0467254435988531e-04
68                                     4.9455695940503475e-05
69                                    -3.3114770309267128e-04
70                                    -2.1175862480406205e-04
71                                     5.3134826287437598e-05
72                                     1.6762544040333643e-04
73                                     9.4590175573630586e-05
74                                    -1.3787539568492491e-04
75                                     3.0367728531405236e-05
76                                    -4.6124231584315778e-05
77                                    -1.8986979751733218e-05
78                                    -2.4049856946857517e-04
79                                     2.8566467708118770e-04
80                                     3.2793913684403542e-04
81                                    -3.8813960745762849e-04
82                                    -1.3936681863910283e-04
83                                     1.4693382682828826e-04
84                                     2.8253096208109840e-05
85                                     2.0031971290815354e-05
86                                    -5.1082606490032711e-05
87                                    -4.5775331023900634e-05
88                                    -9.6767221394245158e-05
89                                    -1.1147820245922813e-05
90                                    -2.6925109036902983e-04
91                                     9.6477596256992759e-05
92                                     1.2691865644698375e-04
93                                     9.4326997551491543e-05
94                                    -6.8869559006232844e-05
95                                    -1.9718054009028319e-05
96                                    -8.1154956430351533e-05
97                                     1.4294606625858686e-05
98                                    -5.8291119034332983e-06
99                                     1.6706936598753774e-04
100                                   -1.9820346134021005e-05
101                                    6.4755629001489456e-06
102                                    1.0296945563259552e-05
103                                   -1.0276783724137706e-04
104                                   -1.7363675135173562e-04
   &Method [&Type "String"] "SCF"
   &Level [&Type "String"] "Relaxed density"
   &Mult [&Type "Integer"] 1
   &State [&Type "Integer"] 0
   &Irrep [&Type "Integer"] 0
$End
$Geometry
   &GeometryIndex 6
   &NAtoms [&Type "Integer"] 35
   &NCorelessECP [&Type "Integer"] 0
   &NGhostAtoms [&Type "Integer"] 0
   &CartesianCoordinates [&Type "Coordinates", &Dim(35,4), &Units "Bohr"] 
              O      0.806225740508    1.226241928956   -0.415997997587
              O     -1.332340076438   -5.328421711985   -0.452568147176
              O      8.285419185095   -3.760276185223    0.433660909834
              O      8.806512599083    5.240919025320    0.526548858433
              O     -7.672700857593    3.143545130188    3.429157128915
              O    -11.044964785445    1.353177396549    0.173655956922
              C      0.201461308261   -3.275516501093    0.345274977918
              C     -0.630512152613   -0.950116622434   -1.201483333086
              C      3.009793322795   -3.800605837698   -0.120975249103
              C      4.537682038016   -1.397305489377    0.001892872274
              C      3.363836713099    0.967220886957   -0.144014338872
              C     -3.395193867566   -0.304972220802   -0.915698839202
              C      7.177561102044   -1.422488129466    0.306281433640
              C      4.731456580686    3.228651749973    0.029663108774
              C     -4.226185431990    1.159831210650    1.134699704355
              C     -5.175056395212   -1.224553092382   -2.624053204608
              C      8.590973578252    0.791209656412    0.481989129005
              C      7.341394051148    3.119342447975    0.346950905364
              C     -6.773273308038    1.707432315181    1.478648380202
              C     -7.741764510593   -0.695873144640   -2.283628792955
              C     -8.568661619134    0.758878263322   -0.253632448248
              H     -0.121847393462   -2.833318420441    2.354965750824
              H     -0.207806446733   -1.346667479430   -3.197787014444
              H      3.181100800575   -4.713558691229   -1.980292547795
              H      3.727389604796   -5.168737591055    1.264305706986
              H      3.725899210032    5.013515922963   -0.103455465641
              H     -2.849783835949    1.926698612622    2.455297948556
              H     -0.812730762296   -6.816726009367    0.482565366893
              H     -4.575539201977   -2.375162590995   -4.213984628920
              H     10.630332343736    0.751772254528    0.715816592604
              H     -9.130413279029   -1.415936918278   -3.621506525589
              H     10.087613127139   -3.545682213262    0.691616265366
              H      7.724284720816    6.715120585283    0.397627971897
              H     -6.248287914422    3.682477223231    4.450065495350
              H    -12.059106532281    0.587228937049   -1.147771476828
$End
$SCF_Energy
   &GeometryIndex 6
   &Method [&Type "String"] "SCF"
   &totalEnergy [&Type "ArrayOfDoubles", &Dim (1,1)] "Total energy of each state"
                                                         0

0                                     -1.0307416726729375e+03
   &Mult [&Type "ArrayOfIntegers", &Dim (1,1)] "Multiplicity of each state"
                                                         0

0                                                        1
$End
$DFT_Energy
   &GeometryIndex 6
   &nAlphaEl [&Type "Integer"] 76
   &nBetaEl [&Type "Integer"] 76
   &nTotalEl [&Type "Integer"] 152
   &finalEn [&Type "Double"]      -1.0307416726729375e+03  "No Van der Waals correction"
   &eExchange [&Type "Double"]      -1.0519679549002841e+02
   &eCorr [&Type "Double"]      -6.2080875715736790e+00
   &eXC [&Type "Double"]      -1.1140488306160209e+02
   &eCNL [&Type "Double"]       0.0000000000000000e+00
$End
$SCF_Timings
   &GeometryIndex 6
   &TOTAL [&Type "Double"]       1.6209476500000000e+02
   &PREP [&Type "Double"]       1.4887960000000000e+00
   &FOCK [&Type "Double"]       1.4902935199999999e+02
   &DENS [&Type "Double"]       6.5155099999999777e-01
   &ETOT [&Type "Double"]       2.2652799999999473e-01
   &TRAFO [&Type "Double"]       1.6740899999998504e-01
   &DIIS [&Type "Double"]       1.0453010000000056e+00
   &SOSCF [&Type "Double"]       7.2344499999997680e-01
   &XC [&Type "Double"]       3.6102959999999982e+01
   &FOCKSTART [&Type "Double"]       1.9517500000000476e-01
   &INT_PREP [&Type "Double"]       9.9999999747524271e-07
   &INT_BF [&Type "Double"]       5.7238409999999007e+00
   &INT_DENS [&Type "Double"]       4.5154909999979225e+00
   &INT_DENSIO [&Type "Double"]       2.2363745762039986e+06
   &INT_FUNC [&Type "Double"]       7.6930600000148530e-01
   &INT_POT [&Type "Double"]       3.5976340000007276e+00
   &INT_POTIO [&Type "Double"]       6.0726899999997386e+00
   &INT_SUM [&Type "Double"]       1.7000000038791541e-05
   &SPLITRIJ [&Type "Double"]       1.4642429000000009e+01
   &COSX [&Type "Double"]       1.0525622400000003e+02
$End
$Single_Point_Data
   &GeometryIndex 6
   &FinalEnergy [&Type "Double"]      -1.0307416726729375e+03  "Final single point energy"
   &Converged [&Type "Boolean"] true
$End
$SCF_Nuc_Gradient
   &GeometryIndex 6
   &NAtoms [&Type "Integer"] 35
   &gradNorm [&Type "Double"]       5.4799887606689027e-03
   &grad [&Type "ArrayOfDoubles", &Dim (105,1)] 
                                                         0

0                                      5.1022141915171848e-04
1                                      7.1268906071556004e-04
2                                      3.4007201037056928e-04
3                                      7.6616660633499478e-04
4                                      1.3223786344402494e-04
5                                      2.0877438852789920e-05
6                                      1.8240045766171331e-05
7                                     -1.6140052612079181e-04
8                                     -2.5930552461649742e-05
9                                      1.5642749048294657e-04
10                                    -2.4564957908026347e-04
11                                    -8.1417892158694438e-06
12                                    -3.4302348857684350e-04
13                                    -3.2207727311135692e-04
14                                    -5.0010978707991371e-04
15                                     6.5099889519484866e-04
16                                     8.5979581310430264e-05
17                                     2.6204508755481304e-04
18                                    -4.6297380891700823e-05
19                                    -7.9100999380633287e-04
20                                     1.7878568998676986e-04
21                                    -9.1738004383856014e-04
22                                     2.7066850383712995e-04
23                                    -1.3339968562252336e-05
24                                     1.0121080950051091e-04
25                                     4.3259353672544035e-04
26                                    -1.1281299758397756e-04
27                                    -9.3748238648569404e-04
28                                    -8.8619043497739636e-04
29                                    -8.7154422444626900e-06
30                                    -8.2407339977386140e-05
31                                     8.7618410632706034e-05
32                                    -3.4873503587645044e-05
33                                     5.3638986909262942e-04
34                                    -4.3901375866670783e-04
35                                    -1.4516898068331913e-03
36                                     4.9808670984255454e-04
37                                     1.1753411809117247e-03
38                                     1.0489364094212923e-04
39                                     2.2308386055876206e-04
40                                     2.8852708590827725e-04
41                                     6.2072362272245986e-05
42                                    -6.7762174507170203e-04
43                                    -1.0174403059607512e-04
44                                     3.2014393944600206e-04
45                                     2.6257269395455959e-04
46                                     1.0346312789667744e-04
47                                     3.3080600134878513e-04
48                                     1.4637042502692321e-04
49                                    -4.1022937367841961e-04
50                                     4.8806412360052551e-05
51                                    -6.9917564620038467e-04
52                                    -6.0892438492610168e-05
53                                    -6.8781414877623973e-05
54                                     2.2229785985094924e-03
55                                     9.2586960491150214e-04
56                                     1.6985295658317884e-03
57                                     9.8559728289995818e-05
58                                     3.8457245741162216e-04
59                                     5.7489415718026127e-04
60                                    -1.6125687069194622e-03
61                                    -1.1828229852770735e-03
62                                    -1.9919630790998372e-03
63                                     1.3576024615717316e-04
64                                     3.3643367643297617e-04
65                                    -4.6009962876014665e-05
66                                     1.2973949109999772e-04
67                                    -2.9825961580064869e-04
68                                     7.8691615768428091e-05
69                                    -2.9959224486367404e-04
70                                    -1.6616958713880359e-04
71                                     5.0610503546766328e-05
72                                     2.2356453300333839e-04
73                                     1.4112754111422765e-04
74                                    -6.1252759653240840e-05
75                                    -5.6089583381310759e-05
76                                    -1.0351277716802443e-04
77                                    -2.8849787072982372e-05
78                                    -2.0451526100198625e-04
79                                     1.9783548949869889e-04
80                                     1.4425983287172373e-04
81                                    -4.0407635070312947e-04
82                                    -2.3878474706040542e-04
83                                    -2.5728272042155331e-05
84                                     1.2241202997878564e-05
85                                     1.3791944868529749e-05
86                                    -8.4033357825891164e-05
87                                    -7.3209231105653139e-05
88                                    -6.2178540171983938e-05
89                                    -1.6188971886405001e-05
90                                    -3.3424029262964228e-04
91                                     1.8693476458893354e-04
92                                     2.1810962244400711e-04
93                                     8.1721905086262758e-05
94                                    -1.0863509957000084e-04
95                                     2.3101297915977675e-05
96                                    -5.6152537424275506e-05
97                                     5.6834924301224499e-05
98                                     1.6997762718870199e-05
99                                     6.1930691280187578e-05
100                                    6.5970650327873415e-05
101                                    6.3590045385975014e-05
102                                   -9.2433111179596184e-05
103                                   -1.9918617354550139e-05
104                                   -5.8865537595570450e-05
   &Method [&Type "String"] "SCF"
   &Level [&Type "String"] "Relaxed density"
   &Mult [&Type "Integer"] 1
   &State [&Type "Integer"] 0
   &Irrep [&Type "Integer"] 0
$End
$Geometry
   &GeometryIndex 7
   &NAtoms [&Type "Integer"] 35
   &NCorelessECP [&Type "Integer"] 0
   &NGhostAtoms [&Type "Integer"] 0
   &CartesianCoordinates [&Type "Coordinates", &Dim(35,4), &Units "Bohr"] 
              O      0.806434072594    1.228499952479   -0.395048521928
              O     -1.330793250063   -5.326897711906   -0.504998555040
              O      8.287477143620   -3.767846417145    0.400311049178
              O      8.807566140117    5.232271374362    0.589486884213
              O     -7.665053321877    3.253267732989    3.363234927920
              O    -11.053507920945    1.339998551680    0.184576269344
              C      0.200794131305   -3.281320738285    0.315063954328
              C     -0.630365203969   -0.936074330090   -1.202319823300
              C      3.009847345542   -3.800743455706   -0.157403913389
              C      4.538985793211   -1.399664462027   -0.004395019085
              C      3.364729071243    0.965413584674   -0.125155968541
              C     -3.398963833635   -0.299052051258   -0.905313166109
              C      7.178303198023   -1.430118798184    0.298691426020
              C      4.733182619629    3.224466121726    0.073124891192
              C     -4.224309699894    1.223979815747    1.103389956042
              C     -5.185207347367   -1.283152113713   -2.571912915238
              C      8.592118837888    0.782328880745    0.497585262908
              C      7.343451336074    3.111940105182    0.387999690718
              C     -6.774841839955    1.763287370496    1.448352274661
              C     -7.752407191676   -0.761435415761   -2.229589696484
              C     -8.574163738346    0.751415975660   -0.238443421443
              H     -0.124292468968   -2.866155266209    2.330060478018
              H     -0.210333344481   -1.306795002412   -3.204225475331
              H      3.184356259208   -4.688417160379   -2.028620616164
              H      3.724917344123   -5.187074887885    1.211342571139
              H      3.727771411693    5.010931805350   -0.040239865866
              H     -2.841817331681    2.037816713937    2.388242515823
              H     -0.779605216639   -6.831200059132    0.385273926806
              H     -4.589181250689   -2.480328238184   -4.128016778588
              H     10.631715208200    0.740820579782    0.730193868653
              H     -9.143886327116   -1.532716410443   -3.535345903789
              H     10.088928353901   -3.554004864253    0.663243746367
              H      7.725041501273    6.707423441693    0.476508421948
              H     -6.234958995114    3.830942070967    4.354051817456
              H    -12.069163829915    0.525538003502   -1.105869838380
$End
$SCF_Energy
   &GeometryIndex 7
   &Method [&Type "String"] "SCF"
   &totalEnergy [&Type "ArrayOfDoubles", &Dim (1,1)] "Total energy of each state"
                                                         0

0                                     -1.0307417151232385e+03
   &Mult [&Type "ArrayOfIntegers", &Dim (1,1)] "Multiplicity of each state"
                                                         0

0                                                        1
$End
$DFT_Energy
   &GeometryIndex 7
   &nAlphaEl [&Type "Integer"] 76
   &nBetaEl [&Type "Integer"] 76
   &nTotalEl [&Type "Integer"] 152
   &finalEn [&Type "Double"]      -1.0307417151232385e+03  "No Van der Waals correction"
   &eExchange [&Type "Double"]      -1.0519686509052231e+02
   &eCorr [&Type "Double"]      -6.2081479844222338e+00
   &eXC [&Type "Double"]      -1.1140501307494455e+02
   &eCNL [&Type "Double"]       0.0000000000000000e+00
$End
$SCF_Timings
   &GeometryIndex 7
   &TOTAL [&Type "Double"]       1.5181002200000000e+02
   &PREP [&Type "Double"]       1.4629829999999999e+00
   &FOCK [&Type "Double"]       1.4037475200000000e+02
   &DENS [&Type "Double"]       6.3050200000000700e-01
   &ETOT [&Type "Double"]       1.9674599999996900e-01
   &POP [&Type "Double"]       9.9999999747524271e-07
   &TRAFO [&Type "Double"]       1.4958200000000588e-01
   &DIIS [&Type "Double"]       9.9013500000000221e-01
   &SOSCF [&Type "Double"]       6.6041100000002118e-01
   &XC [&Type "Double"]       3.3221533000000001e+01
   &FOCKSTART [&Type "Double"]       1.8926899999996882e-01
   &INT_PREP [&Type "Double"]       3.9999999899009708e-06
   &INT_BF [&Type "Double"]       5.5333460000000301e+00
   &INT_DENS [&Type "Double"]       4.0912490000001327e+00
   &INT_DENSIO [&Type "Double"]       2.1419846718879980e+06
   &INT_FUNC [&Type "Double"]       7.3341799999905888e-01
   &INT_POT [&Type "Double"]       3.2510730000000265e+00
   &INT_POTIO [&Type "Double"]       5.6087069999998320e+00
   &INT_SUM [&Type "Double"]       1.5999999995131020e-05
   &SPLITRIJ [&Type "Double"]       1.4099408000000023e+01
   &COSX [&Type "Double"]       9.8779364999999999e+01
$End
$Single_Point_Data
   &GeometryIndex 7
   &FinalEnergy [&Type "Double"]      -1.0307417151232385e+03  "Final single point energy"
   &Converged [&Type "Boolean"] true
$End
$SCF_Nuc_Gradient
   &GeometryIndex 7
   &NAtoms [&Type "Integer"] 35
   &gradNorm [&Type "Double"]       3.1598378321506552e-03
   &grad [&Type "ArrayOfDoubles", &Dim (105,1)] 
                                                         0

0                                      1.8303024638205434e-05
1                                      4.8282903681587386e-04
2                                      1.5956913435324904e-05
3                                      6.7166516650163377e-04
4                                      1.3875384716020844e-04
5                                      2.2965118604184598e-04
6                                      1.2248192465982854e-04
7                                      1.5487316143258933e-05
8                                     -3.2763220324277809e-05
9                                      4.2702331460919840e-05
10                                    -8.4729468859311152e-05
11                                    -2.7792546237415117e-05
12                                     6.8250670320402218e-05
13                                    -2.5548811554464146e-04
14                                    -2.7215025655462355e-04
15                                     3.6291155130036001e-04
16                                    -1.2483263897788976e-04
17                                    -9.1294843145323101e-05
18                                    -4.5030860386353205e-04
19                                    -7.5461410962246629e-04
20                                     1.4289316050577344e-04
21                                     3.0411230286252894e-05
22                                     5.9732764205931536e-04
23                                    -5.0128985058045528e-05
24                                     1.2490697364381936e-04
25                                     3.7300387293275408e-04
26                                    -2.4293617847290921e-04
27                                    -5.2085412681232568e-04
28                                    -3.3857549791782571e-04
29                                     3.8077584091144451e-05
30                                    -6.2928927193457718e-05
31                                    -4.0242719548085754e-04
32                                    -6.7773049703952898e-05
33                                     1.5391646374096624e-07
34                                    -6.4244442839243854e-04
35                                    -9.8371993957897287e-04
36                                     1.3854919458498871e-04
37                                     4.6720609593992740e-04
38                                     4.6339484844518108e-05
39                                     4.1491965409387599e-04
40                                     2.5390846011937029e-04
41                                     1.0407342702072379e-04
42                                    -4.4970218752625468e-04
43                                     3.7436657481580010e-04
44                                     6.7727115494690959e-04
45                                     4.2738904422055801e-04
46                                     1.0918660405091762e-04
47                                     3.5492234763263852e-04
48                                     9.5346340609758773e-05
49                                    -2.5418521412905529e-04
50                                     2.9178908300857634e-05
51                                    -4.4296003938493894e-04
52                                    -1.3006689322954401e-04
53                                    -6.1185450026017812e-05
54                                     9.9347678044190563e-04
55                                     4.2462567157720496e-04
56                                     6.8580502846416619e-04
57                                    -3.0190204594479630e-04
58                                     1.9726249879150476e-04
59                                     2.2263412699052854e-04
60                                    -6.1426085479464321e-04
61                                    -5.9997502525770130e-04
62                                    -8.9532328019458277e-04
63                                    -2.2951403857010555e-05
64                                     1.3935641952456113e-04
65                                    -7.4650178499113817e-05
66                                     1.5203832397691491e-04
67                                    -9.6289670039800823e-05
68                                     5.7827554976630502e-05
69                                    -1.4268663567671216e-04
70                                    -7.4450385896623894e-05
71                                     3.3101350298547771e-05
72                                     1.3914583220820537e-04
73                                     6.9658921216020353e-05
74                                     2.9751438764963334e-06
75                                    -8.6764503956074379e-05
76                                    -7.9545683786153010e-05
77                                    -2.0500147535585864e-05
78                                    -7.7035630485458584e-05
79                                     5.7324035499850545e-05
80                                    -1.9405502458338941e-05
81                                    -2.6195685379472311e-04
82                                    -1.2645344697229111e-04
83                                    -4.4676652855235588e-05
84                                    -2.3580337950232511e-06
85                                     9.3112862765282189e-06
86                                    -4.7056178080512323e-05
87                                    -3.8283746694733889e-05
88                                    -4.7763042740540419e-06
89                                    -8.4771463784959200e-06
90                                    -1.9444420442440991e-04
91                                     1.4018127452335161e-04
92                                     1.4843527307431548e-04
93                                     2.1862189363286433e-05
94                                    -5.9274937761602531e-05
95                                     3.1564546127800519e-05
96                                    -6.1009748336809944e-06
97                                     4.1397257962372258e-05
98                                     2.3805511928197756e-05
99                                    -4.6634924367044972e-05
100                                    8.3492625135031528e-05
101                                    5.6331326726138942e-05
102                                   -1.0238059320341608e-04
103                                    5.3449624335524804e-05
104                                    3.8989507143094571e-05
   &Method [&Type "String"] "SCF"
   &Level [&Type "String"] "Relaxed density"
   &Mult [&Type "Integer"] 1
   &State [&Type "Integer"] 0
   &Irrep [&Type "Integer"] 0
$End
$Geometry
   &GeometryIndex 8
   &NAtoms [&Type "Integer"] 35
   &NCorelessECP [&Type "Integer"] 0
   &NGhostAtoms [&Type "Integer"] 0
   &CartesianCoordinates [&Type "Coordinates", &Dim(35,4), &Units "Bohr"] 
              O      0.805470709471    1.224796770672   -0.385290450121
              O     -1.329180531164   -5.329773573202   -0.519585560047
              O      8.290187559595   -3.768791574469    0.392598779150
              O      8.805203167788    5.232539864754    0.600750322682
              O     -7.664780676723    3.283759394162    3.346462414030
              O    -11.057086714071    1.345735043428    0.180816562449
              C      0.201890655782   -3.285774181080    0.308275103367
              C     -0.631546281041   -0.936085503223   -1.198195225513
              C      3.011709652884   -3.802733488186   -0.164457676758
              C      4.540779623291   -1.400931161867   -0.003436156239
              C      3.364525198168    0.963432050137   -0.118064029868
              C     -3.401204395199   -0.300398378932   -0.896123470883
              C      7.179695633319   -1.431859357640    0.297033760552
              C      4.731885544516    3.222533198139    0.083636980382
              C     -4.225955081432    1.237551673867    1.099201398702
              C     -5.188188761158   -1.297712358715   -2.555465734243
              C      8.592572446867    0.781860829846    0.499301967517
              C      7.343108405148    3.111165834357    0.395987449299
              C     -6.778135451634    1.778707572897    1.440785752936
              C     -7.754564961355   -0.774210019551   -2.216592056658
              C     -8.576362282323    0.755314178563   -0.236216364386
              H     -0.123769463721   -2.881830850353    2.325516525776
              H     -0.215624336798   -1.297457592407   -3.202718663234
              H      3.189875902394   -4.682568746490   -2.039045292559
              H      3.724448768967   -5.194315881620    1.200202461934
              H      3.725988947636    5.009170371222   -0.024352496522
              H     -2.842426696023    2.059647580998    2.377642039416
              H     -0.761923969043   -6.838498075424    0.353008889482
              H     -4.592350319458   -2.507503843869   -4.101652540728
              H     10.632517647639    0.741142258668    0.730193440337
              H     -9.144071039409   -1.557483627575   -3.517249201302
              H     10.091806709906   -3.553499935747    0.652922904896
              H      7.721214765385    6.706688057472    0.490095789784
              H     -6.232487701697    3.865324435248    4.331578197386
              H    -12.070455021190    0.519403733917   -1.103731366957
$End
$SCF_Energy
   &GeometryIndex 8
   &Method [&Type "String"] "SCF"
   &totalEnergy [&Type "ArrayOfDoubles", &Dim (1,1)] "Total energy of each state"
                                                         0

0                                     -1.0307417204251421e+03
   &Mult [&Type "ArrayOfIntegers", &Dim (1,1)] "Multiplicity of each state"
                                                         0

0                                                        1
$End
$DFT_Energy
   &GeometryIndex 8
   &nAlphaEl [&Type "Integer"] 76
   &nBetaEl [&Type "Integer"] 76
   &nTotalEl [&Type "Integer"] 152
   &finalEn [&Type "Double"]      -1.0307417204251421e+03  "No Van der Waals correction"
   &eExchange [&Type "Double"]      -1.0519666111729089e+02
   &eCorr [&Type "Double"]      -6.2081329155718654e+00
   &eXC [&Type "Double"]      -1.1140479403286275e+02
   &eCNL [&Type "Double"]       0.0000000000000000e+00
$End
$SCF_Timings
   &GeometryIndex 8
   &TOTAL [&Type "Double"]       1.2476365699999999e+02
   &PREP [&Type "Double"]       1.2554360000000000e+00
   &FOCK [&Type "Double"]       1.1361875400000001e+02
   &DENS [&Type "Double"]       3.8830000000000098e-01
   &ETOT [&Type "Double"]       1.2669999999997827e-01
   &POP [&Type "Double"]       9.9999999747524271e-07
   &TRAFO [&Type "Double"]       1.3519100000000250e-01
   &DIIS [&Type "Double"]       2.7691300000000041e-01
   &SOSCF [&Type "Double"]       6.1092400000001845e-01
   &XC [&Type "Double"]       2.2638899000000009e+01
   &FOCKSTART [&Type "Double"]       1.3141699999999990e-01
   &INT_PREP [&Type "Double"]       9.9999999747524271e-07
   &INT_BF [&Type "Double"]       3.8366979999995472e+00
   &INT_DENS [&Type "Double"]       2.7615010000000915e+00
   &INT_DENSIO [&Type "Double"]       1.2790113476600014e+06
   &INT_FUNC [&Type "Double"]       5.2605699999919509e-01
   &INT_POT [&Type "Double"]       2.3420500000009490e+00
   &INT_POTIO [&Type "Double"]       3.7164069999996023e+00
   &INT_SUM [&Type "Double"]       9.0000000056988938e-06
   &SPLITRIJ [&Type "Double"]       1.0172224000000003e+01
   &COSX [&Type "Double"]       8.7935430999999994e+01
$End
$Single_Point_Data
   &GeometryIndex 8
   &FinalEnergy [&Type "Double"]      -1.0307417204251421e+03  "Final single point energy"
   &Converged [&Type "Boolean"] true
$End
$SCF_Nuc_Gradient
   &GeometryIndex 8
   &NAtoms [&Type "Integer"] 35
   &gradNorm [&Type "Double"]       1.4041219592415854e-03
   &grad [&Type "ArrayOfDoubles", &Dim (105,1)] 
                                                         0

0                                     -1.9616959191934291e-04
1                                      1.1455912949992486e-04
2                                     -1.2548131365320431e-04
3                                      3.1741044707028765e-04
4                                      7.4505947338730782e-05
5                                      1.2568535325926944e-04
6                                      6.8879767274626635e-05
7                                      5.3186983324571280e-05
8                                     -2.3521106975125244e-05
9                                     -8.9579336639555862e-06
10                                     2.4163915835866134e-05
11                                    -2.1788579923090468e-05
12                                     1.5344492350394257e-04
13                                    -9.7479540910466733e-05
14                                    -5.2068720507850164e-05
15                                     7.8059511115807778e-05
16                                    -1.2305419725486266e-04
17                                    -1.3078792374815462e-04
18                                    -3.5087070193950270e-04
19                                    -3.6116640474211960e-04
20                                     5.0793277698940598e-05
21                                     2.7997621799710423e-04
22                                     4.0685656999366222e-04
23                                    -2.6850170333204276e-05
24                                     9.1864704099610742e-05
25                                     1.3219256084872483e-04
26                                    -1.4174889445087505e-04
27                                    -9.2902836064626126e-05
28                                     6.4957918813501880e-05
29                                     3.9384169726573021e-05
30                                     1.1702859870489635e-05
31                                    -3.7192279775968493e-04
32                                    -3.2355229941025826e-05
33                                    -1.9723348855985035e-04
34                                    -3.9315841738182811e-04
35                                    -3.0076446281868119e-04
36                                    -4.8822283037541769e-05
37                                    -2.3941273580855432e-05
38                                    -3.2480063051759656e-06
39                                     2.7444420144592113e-04
40                                     1.2398382030616439e-04
41                                     5.8329102432330823e-05
42                                    -1.4953329240920826e-04
43                                     3.1644784460853337e-04
44                                     4.0298284951957586e-04
45                                     3.1954753018170398e-04
46                                     9.8094971567493083e-05
47                                     2.0404871568055483e-04
48                                     4.2574350489987811e-05
49                                    -8.1364762810117591e-05
50                                     1.0657877969498172e-05
51                                    -1.3326453274793704e-04
52                                    -5.1867138923536449e-05
53                                    -2.3510905683163472e-05
54                                     6.1936421002255909e-05
55                                     1.4070555069575080e-05
56                                    -7.2186487391073806e-06
57                                    -2.7037273190005928e-04
58                                     8.2978107524764311e-06
59                                    -2.8355986562283997e-05
60                                     4.7397439992991064e-05
61                                    -4.9009513634779706e-05
62                                    -8.0065429468596794e-05
63                                    -5.0848903002723850e-05
64                                     5.4151287194256770e-06
65                                    -3.2469113300043206e-05
66                                     8.2006698383853271e-05
67                                     1.8635075900573506e-05
68                                     1.7651466329066112e-05
69                                    -3.5011393237201205e-05
70                                    -1.2610095190435100e-05
71                                     1.6000552123390799e-05
72                                     3.9884719450260231e-05
73                                     2.9318976165759736e-06
74                                     9.4949977478137049e-06
75                                    -6.6652309611142657e-05
76                                    -3.5717421328296250e-05
77                                    -7.8622837299830578e-06
78                                     2.3816511560512121e-05
79                                    -3.3423207858554460e-05
80                                    -5.3500039384021814e-05
81                                    -1.0596309715545094e-04
82                                    -3.2805092406718028e-06
83                                     8.7364671396833460e-06
84                                    -2.0594507857372990e-05
85                                     2.1876468018766637e-06
86                                    -9.9081640531628601e-06
87                                    -3.9137136498834657e-06
88                                     2.1629457283235155e-05
89                                    -1.1675073510186706e-06
90                                    -4.7269293176263605e-05
91                                     4.7620154686053850e-05
92                                     4.8686281296894673e-05
93                                    -1.1562670990783452e-05
94                                    -2.7504597176347678e-06
95                                     2.2921589115251773e-05
96                                     1.4308358511141983e-05
97                                     9.1621620156301375e-06
98                                     1.7321947839163757e-05
99                                    -6.3411105825417202e-05
100                                    4.8947983611602464e-05
101                                    2.0965442165385428e-05
102                                   -5.3900409014873141e-05
103                                    5.2898250850488826e-05
104                                    4.9012391726721560e-05
   &Method [&Type "String"] "SCF"
   &Level [&Type "String"] "Relaxed density"
   &Mult [&Type "Integer"] 1
   &State [&Type "Integer"] 0
   &Irrep [&Type "Integer"] 0
$End
$Geometry
   &GeometryIndex 9
   &NAtoms [&Type "Integer"] 35
   &NCorelessECP [&Type "Integer"] 0
   &NGhostAtoms [&Type "Integer"] 0
   &CartesianCoordinates [&Type "Coordinates", &Dim(35,4), &Units "Bohr"] 
              O      0.805057573093    1.222719005655   -0.382627167321
              O     -1.329184614842   -5.330820311065   -0.521628873245
              O      8.290657109469   -3.768631977373    0.392788036203
              O      8.803934717591    5.233420104261    0.600455850148
              O     -7.664690506692    3.287941783588    3.344932925417
              O    -11.057694521417    1.349552016811    0.179069767757
              C      0.202427325790   -3.287019506700    0.307998908631
              C     -0.632334953877   -0.937701400959   -1.196480504098
              C      3.012330444657   -3.803663279792   -0.163876097569
              C      4.541273354700   -1.401249354964   -0.002243721246
              C      3.364218761997    0.962982389576   -0.116457070251
              C     -3.401642565657   -0.300914795920   -0.893943891252
              C      7.180057748430   -1.431776698653    0.297465509594
              C      4.730840132946    3.222298582068    0.084338998818
              C     -4.226435820159    1.237996218674    1.099394571288
              C     -5.188847932052   -1.298948282080   -2.553460762785
              C      8.592414309373    0.782585991007    0.499145919332
              C      7.342511787689    3.111623929445    0.396117333823
              C     -6.778932597293    1.780754538124    1.440143194547
              C     -7.754581894481   -0.774227507679   -2.215509968506
              C     -8.576810763406    0.757571844537   -0.236310065002
              H     -0.123096822856   -2.885283733756    2.325780595127
              H     -0.218006812488   -1.297709946749   -3.201597087646
              H      3.191994137315   -4.682678434788   -2.038751418850
              H      3.724059898539   -5.195644425857    1.200820847888
              H      3.725008163674    5.009008234905   -0.023223980886
              H     -2.843046369480    2.059981537679    2.378201578562
              H     -0.755509251346   -6.840989385007    0.344400994325
              H     -4.592993494531   -2.510417569981   -4.098296148089
              H     10.632454512040    0.742272077367    0.729601289497
              H     -9.143194634898   -1.558636916200   -3.516504116045
              H     10.092610170033   -3.553037238209    0.650647505888
              H      7.719432999905    6.707092853264    0.488646452081
              H     -6.231543275597    3.867158957763    4.330246701431
              H    -12.069968660858    0.521735399004   -1.105451653507
$End
$SCF_Energy
   &GeometryIndex 9
   &Method [&Type "String"] "SCF"
   &totalEnergy [&Type "ArrayOfDoubles", &Dim (1,1)] "Total energy of each state"
                                                         0

0                                     -1.0307417304977901e+03
   &Mult [&Type "ArrayOfIntegers", &Dim (1,1)] "Multiplicity of each state"
                                                         0

0                                                        1
$End
$DFT_Energy
   &GeometryIndex 9
   &nAlphaEl [&Type "Integer"] 76
   &nBetaEl [&Type "Integer"] 76
   &nTotalEl [&Type "Integer"] 152
   &finalEn [&Type "Double"]      -1.0307417304977901e+03  "No Van der Waals correction"
   &eExchange [&Type "Double"]      -1.0519651588664544e+02
   &eCorr [&Type "Double"]      -6.2081220040274987e+00
   &eXC [&Type "Double"]      -1.1140463789067294e+02
   &eCNL [&Type "Double"]       0.0000000000000000e+00
$End
$SCF_Timings
   &GeometryIndex 9
   &TOTAL [&Type "Double"]       1.1266979400000001e+02
   &PREP [&Type "Double"]       1.2810429999999999e+00
   &FOCK [&Type "Double"]       1.0219265200000001e+02
   &DENS [&Type "Double"]       3.2242100000001983e-01
   &ETOT [&Type "Double"]       5.4859099999998762e-01
   &TRAFO [&Type "Double"]       6.7250000000001364e-02
   &DIIS [&Type "Double"]       9.5917000000000030e-02
   &SOSCF [&Type "Double"]       6.5050700000001171e-01
   &XC [&Type "Double"]       2.0468260000000008e+01
   &FOCKSTART [&Type "Double"]       1.1508700000000238e-01
   &INT_BF [&Type "Double"]       3.3044219999996436e+00
   &INT_DENS [&Type "Double"]       2.4105799999995874e+00
   &INT_DENSIO [&Type "Double"]       1.0493670035849973e+06
   &INT_FUNC [&Type "Double"]       4.5471299999999104e-01
   &INT_POT [&Type "Double"]       1.9536550000002499e+00
   &INT_POTIO [&Type "Double"]       3.2171040000001838e+00
   &INT_SUM [&Type "Double"]       1.2000000001677336e-05
   &SPLITRIJ [&Type "Double"]       8.6329500000000046e+00
   &COSX [&Type "Double"]       7.9464449999999985e+01
$End
$Single_Point_Data
   &GeometryIndex 9
   &FinalEnergy [&Type "Double"]      -1.0307417304977901e+03  "Final single point energy"
   &Converged [&Type "Boolean"] true
$End
$SCF_Nuc_Gradient
   &GeometryIndex 9
   &NAtoms [&Type "Integer"] 35
   &gradNorm [&Type "Double"]       6.0691491357519689e-04
   &grad [&Type "ArrayOfDoubles", &Dim (105,1)] 
                                                         0

0                                     -1.3392542494788939e-04
1                                     -4.4950733068177540e-05
2                                     -8.3139298179924631e-05
3                                      8.6327596998336809e-05
4                                      3.3113612725857444e-05
5                                     -1.0263881956490417e-05
6                                      1.0395573806221137e-05
7                                      2.0594169629906123e-05
8                                     -1.7840884864294554e-05
9                                     -7.3636235248808468e-06
10                                     2.5892038928651551e-05
11                                    -1.1672567367275455e-05
12                                     6.4502397786658783e-05
13                                    -1.5139270397451776e-05
14                                     1.9884141681511536e-05
15                                    -1.6456545003068479e-05
16                                    -4.1317889178216216e-05
17                                    -4.6004537160193593e-05
18                                    -1.2650105571938158e-04
19                                    -1.0551515054904766e-04
20                                     3.8755857127009685e-07
21                                     1.4479223901359486e-04
22                                     1.5467727820316080e-04
23                                     1.5406193023290854e-05
24                                     4.7227155328160436e-05
25                                     4.4499487708918317e-06
26                                    -3.0243329302737099e-05
27                                     3.2395000366655657e-05
28                                     1.1310073442361013e-04
29                                     1.7475215958465823e-05
30                                     3.9283826239099040e-05
31                                    -1.5245047714872520e-04
32                                     4.4578427330667358e-06
33                                    -1.2845116030379966e-04
34                                    -1.0487174035526264e-04
35                                    -1.6970135020487678e-05
36                                    -3.8385795154916025e-05
37                                    -9.1690134395965017e-05
38                                    -1.6138507037081334e-06
39                                     1.0170903948304721e-04
40                                     4.3683908003397387e-05
41                                     1.3849005609962387e-05
42                                    -9.1666795859687844e-06
43                                     1.1575963764649810e-04
44                                     1.1828242572912984e-04
45                                     1.3508925401058136e-04
46                                     4.9327085719662322e-05
47                                     7.7535621760299600e-05
48                                     8.7636444497662946e-06
49                                    -1.8970200627604905e-05
50                                    -9.1101444317509550e-07
51                                    -7.8259686081133539e-06
52                                     1.1913424012369167e-05
53                                     2.7271388824273712e-08
54                                    -1.2909412240334761e-04
55                                    -7.3390130522793529e-05
56                                    -1.2481220110575203e-04
57                                    -9.9330683825546440e-05
58                                    -4.8681421697158167e-05
59                                    -6.9125237905476311e-05
60                                     1.2915451613420420e-04
61                                     7.8629153680651737e-05
62                                     1.0068503921023889e-04
63                                    -1.8821280992044331e-05
64                                    -8.0848170663748442e-06
65                                    -7.6091728634652966e-07
66                                     1.2189383159860734e-05
67                                     2.4569591915584582e-05
68                                    -5.6464329994954099e-07
69                                    -1.0782761703541366e-05
70                                     3.0623734187384954e-08
71                                     4.5822803209083496e-06
72                                     9.3196314859822493e-07
73                                    -1.0808846500384717e-05
74                                    -2.8771095260810009e-06
75                                    -3.9040826996225575e-05
76                                    -1.5874799667692230e-05
77                                    -3.0370203299486670e-06
78                                     4.5078533924894360e-05
79                                    -3.9563212274135173e-05
80                                    -3.5737388463380482e-05
81                                    -3.7589528798634420e-05
82                                     2.6652793088527416e-05
83                                     3.7916451996161671e-05
84                                    -1.8196136250266115e-05
85                                    -4.3368589392883683e-06
86                                    -2.0158571095163502e-06
87                                     5.2955718797265128e-06
88                                     1.7878451373349105e-05
89                                     5.5035580615730995e-07
90                                     3.7902424953190073e-06
91                                     4.7049584079583706e-06
92                                     4.9739441427693043e-06
93                                    -1.1938078370937744e-05
94                                     1.2073241607468005e-05
95                                     1.3744572012076156e-05
96                                     8.0963374686771061e-06
97                                    -4.3866118107638297e-06
98                                     9.1933721650585415e-06
99                                    -2.7136679867367786e-05
100                                    2.0073302705550522e-05
101                                    5.3913270639527333e-07
102                                   -1.5016052617888853e-05
103                                    2.2908391874396083e-05
104                                    1.8099443513275304e-05
   &Method [&Type "String"] "SCF"
   &Level [&Type "String"] "Relaxed density"
   &Mult [&Type "Integer"] 1
   &State [&Type "Integer"] 0
   &Irrep [&Type "Integer"] 0
$End
$Geometry
   &GeometryIndex 10
   &NAtoms [&Type "Integer"] 35
   &NCorelessECP [&Type "Integer"] 0
   &NGhostAtoms [&Type "Integer"] 0
   &CartesianCoordinates [&Type "Coordinates", &Dim(35,4), &Units "Bohr"] 
              O      0.804878673737    1.222116672147   -0.381624411990
              O     -1.329314338099   -5.331264443674   -0.520157775426
              O      8.290450331559   -3.768567703969    0.393218008600
              O      8.803665278511    5.233604951644    0.599111341453
              O     -7.665139415433    3.287380665301    3.345540597337
              O    -11.057898376119    1.351020600905    0.178046756247
              C      0.202628999473   -3.287156641041    0.309213409085
              C     -0.632726743197   -0.938585294858   -1.195459190865
              C      3.012337499089   -3.803873023849   -0.162594050147
              C      4.541201582525   -1.401278243836   -0.001728189262
              C      3.363977280472    0.963063699057   -0.116109042891
              C     -3.401716992457   -0.300962700751   -0.893536400853
              C      7.180008476347   -1.431594666591    0.297552198451
              C      4.730429781979    3.222390716371    0.083845317621
              C     -4.226848682406    1.237056358903    1.099974646781
              C     -5.188905119393   -1.298081895661   -2.554040844922
              C      8.592272884519    0.782861102036    0.498564175752
              C      7.342272046136    3.111787007590    0.395301407322
              C     -6.779319341391    1.780531248206    1.440435253032
              C     -7.754360320267   -0.772768545364   -2.216412266220
              C     -8.577051979507    0.758461131489   -0.236847390696
              H     -0.122389444440   -2.885341392146    2.327075945227
              H     -0.218580441702   -1.298969688454   -3.200551933816
              H      3.192275998000   -4.683359114262   -2.037252800754
              H      3.723985711569   -5.195381526433    1.202589997697
              H      3.724930504214    5.009266873424   -0.023818738665
              H     -2.843962572328    2.058488935033    2.379754528926
              H     -0.751537068704   -6.842297231537    0.341724904092
              H     -4.592848321528   -2.509099954048   -4.099144235268
              H     10.632334709796    0.742527428908    0.728796556908
              H     -9.142629890948   -1.556530566394   -3.518220844146
              H     10.092691478651   -3.553137307623    0.649318549610
              H      7.719144265205    6.707208652852    0.486362610462
              H     -6.231834872429    3.864512077341    4.331921701664
              H    -12.069653926119    0.523316517288   -1.107015336288
$End
$SCF_Mulliken_Population_Analysis
   &GeometryIndex 10
   &NAtoms [&Type "Integer"] 35
   &ATNO [&Type "ArrayOfIntegers", &Dim (35,1)] 
                                                         0

0                                                        8
1                                                        8
2                                                        8
3                                                        8
4                                                        8
5                                                        8
6                                                        6
7                                                        6
8                                                        6
9                                                        6
10                                                       6
11                                                       6
12                                                       6
13                                                       6
14                                                       6
15                                                       6
16                                                       6
17                                                       6
18                                                       6
19                                                       6
20                                                       6
21                                                       1
22                                                       1
23                                                       1
24                                                       1
25                                                       1
26                                                       1
27                                                       1
28                                                       1
29                                                       1
30                                                       1
31                                                       1
32                                                       1
33                                                       1
34                                                       1
   &AtomicCharges [&Type "ArrayOfDoubles", &Dim (35,1)] 
                                                         0

0                                     -5.3144220384677077e-01
1                                     -6.4256622515980766e-01
2                                     -6.4104250762240333e-01
3                                     -6.4390799324906212e-01
4                                     -6.2936848433463233e-01
5                                     -6.2659269117901317e-01
6                                      1.4522690300977725e-01
7                                      5.9760673405250486e-02
8                                     -3.5454391233469185e-01
9                                      3.4435448893608722e-02
10                                     3.2889008986211898e-01
11                                     1.2820948027388557e-01
12                                     3.0275031188226720e-01
13                                    -2.9347812180883981e-01
14                                    -2.5784595882843675e-01
15                                    -1.6284222446436747e-01
16                                    -2.6178351575586323e-01
17                                     3.7289317353905016e-01
18                                     3.2142385941243834e-01
19                                    -2.1466983534957862e-01
20                                     3.1931455365684247e-01
21                                     1.2466499491987404e-01
22                                     1.4076475026565005e-01
23                                     1.6052957728043715e-01
24                                     1.5187040885288350e-01
25                                     1.2377176361678299e-01
26                                     1.2889938925199362e-01
27                                     4.0124784334274699e-01
28                                     1.2845621620242342e-01
29                                     1.2357075159286435e-01
30                                     1.1613324275519221e-01
31                                     4.1460778399567433e-01
32                                     4.1340963250085294e-01
33                                     4.0975840501183047e-01
34                                     4.0949442040879203e-01
   &Method [&Type "String"] "SCF"
   &Level [&Type "String"] "Relaxed density"
   &Mult [&Type "Integer"] 1
   &State [&Type "Integer"] -1
   &Irrep [&Type "Integer"] 0
$End
$SCF_Loewdin_Population_Analysis
   &GeometryIndex 10
   &NAtoms [&Type "Integer"] 35
   &ATNO [&Type "ArrayOfIntegers", &Dim (35,1)] 
                                                         0

0                                                        8
1                                                        8
2                                                        8
3                                                        8
4                                                        8
5                                                        8
6                                                        6
7                                                        6
8                                                        6
9                                                        6
10                                                       6
11                                                       6
12                                                       6
13                                                       6
14                                                       6
15                                                       6
16                                                       6
17                                                       6
18                                                       6
19                                                       6
20                                                       6
21                                                       1
22                                                       1
23                                                       1
24                                                       1
25                                                       1
26                                                       1
27                                                       1
28                                                       1
29                                                       1
30                                                       1
31                                                       1
32                                                       1
33                                                       1
34                                                       1
   &AtomicCharges [&Type "ArrayOfDoubles", &Dim (35,1)] 
                                                         0

0                                     -1.5798374636824519e-01
1                                     -3.9635286496028499e-01
2                                     -3.1803625784335310e-01
3                                     -3.1761071877715175e-01
4                                     -3.1260220347042100e-01
5                                     -3.1116978766174164e-01
6                                     -2.1594036537377015e-02
7                                      1.3189355031916428e-02
8                                     -2.3644318441413859e-01
9                                     -1.0863896888252000e-01
10                                     8.8568709911978516e-02
11                                    -3.3851379509219015e-02
12                                     8.4515115945890784e-02
13                                    -2.3168864648048437e-01
14                                    -1.7224439503171318e-01
15                                    -1.3282824569758578e-01
16                                    -2.3130434755937479e-01
17                                     8.4294989811501075e-02
18                                     4.8820550415706876e-02
19                                    -1.7629685472352730e-01
20                                     4.8866918039255580e-02
21                                     1.1039845370815415e-01
22                                     1.2516232470596589e-01
23                                     1.3500336110884770e-01
24                                     1.3374967603122345e-01
25                                     1.3557471929281295e-01
26                                     1.3355896203419348e-01
27                                     3.1541138362824972e-01
28                                     1.3422355422110321e-01
29                                     1.3559501292435094e-01
30                                     1.2706805938547405e-01
31                                     3.2747497945213810e-01
32                                     3.2671801561767433e-01
33                                     3.2518503809897648e-01
34                                     3.2526645855145286e-01
   &Method [&Type "String"] "SCF"
   &Level [&Type "String"] "Relaxed density"
   &Mult [&Type "Integer"] 1
   &State [&Type "Integer"] -1
   &Irrep [&Type "Integer"] 0
$End
$SCF_Mayer_Population_Analysis
   &GeometryIndex 10
   &NAtoms [&Type "Integer"] 35 "Total number of atoms"
   &NBondOrdersPrint [&Type "Integer"] 37 "The number of bond orders larger than threshold"
   &bondThresh [&Type "Double"]       1.0000000000000001e-01  "The threshold for printing"
   &components [&Type "ArrayOfIntegers", &Dim (37,4)] "The indices and atomic numbers of the bonding atoms"
                                                         0                           1                           2                           3

0                                                        0                           8                           7                           6
1                                                        0                           8                          10                           6
2                                                        1                           8                           6                           6
3                                                        1                           8                          27                           1
4                                                        2                           8                          12                           6
5                                                        2                           8                          31                           1
6                                                        3                           8                          17                           6
7                                                        3                           8                          32                           1
8                                                        4                           8                          18                           6
9                                                        4                           8                          33                           1
10                                                       5                           8                          20                           6
11                                                       5                           8                          34                           1
12                                                       6                           6                           7                           6
13                                                       6                           6                           8                           6
14                                                       6                           6                          21                           1
15                                                       7                           6                          11                           6
16                                                       7                           6                          22                           1
17                                                       8                           6                           9                           6
18                                                       8                           6                          23                           1
19                                                       8                           6                          24                           1
20                                                       9                           6                          10                           6
21                                                       9                           6                          12                           6
22                                                      10                           6                          13                           6
23                                                      11                           6                          14                           6
24                                                      11                           6                          15                           6
25                                                      12                           6                          16                           6
26                                                      13                           6                          17                           6
27                                                      13                           6                          25                           1
28                                                      14                           6                          18                           6
29                                                      14                           6                          26                           1
30                                                      15                           6                          19                           6
31                                                      15                           6                          28                           1
32                                                      16                           6                          17                           6
33                                                      16                           6                          29                           1
34                                                      18                           6                          20                           6
35                                                      19                           6                          20                           6
36                                                      19                           6                          30                           1
   &BondOrders [&Type "ArrayOfDoubles", &Dim (37,1)] "The bond orders"
                                                         0

0                                      8.5229178830352836e-01
1                                      9.1905432901409800e-01
2                                      9.1864332845574548e-01
3                                      7.8238146064534475e-01
4                                      9.6974578779565312e-01
5                                      7.7584493795867693e-01
6                                      9.4621964887408083e-01
7                                      7.7806568009874921e-01
8                                      9.6978071588198500e-01
9                                      7.7837760170946879e-01
10                                     9.7710755832977625e-01
11                                     7.7889714309794811e-01
12                                     9.5153052738440813e-01
13                                     9.7724747849446003e-01
14                                     9.1415171731640821e-01
15                                     9.9761723032382854e-01
16                                     9.0837350437978093e-01
17                                     9.6776370938656553e-01
18                                     9.1575347010816599e-01
19                                     9.2144778799224902e-01
20                                     1.3875609978377534e+00
21                                     1.3477659944944493e+00
22                                     1.3642574930662632e+00
23                                     1.4021180589538160e+00
24                                     1.4486509633588054e+00
25                                     1.3723597267790049e+00
26                                     1.3749861227007185e+00
27                                     9.1092067122756715e-01
28                                     1.3907424874465435e+00
29                                     9.0727800635122213e-01
30                                     1.4041852177947394e+00
31                                     9.2008205508986840e-01
32                                     1.3771760751402322e+00
33                                     9.1370735105434431e-01
34                                     1.3293838167288161e+00
35                                     1.4126634586928417e+00
36                                     9.2162648726622687e-01
   &ATNO [&Type "ArrayOfIntegers", &Dim (35,1)] "Atomic number of the elements"
                                                         0

0                                                        8
1                                                        8
2                                                        8
3                                                        8
4                                                        8
5                                                        8
6                                                        6
7                                                        6
8                                                        6
9                                                        6
10                                                       6
11                                                       6
12                                                       6
13                                                       6
14                                                       6
15                                                       6
16                                                       6
17                                                       6
18                                                       6
19                                                       6
20                                                       6
21                                                       1
22                                                       1
23                                                       1
24                                                       1
25                                                       1
26                                                       1
27                                                       1
28                                                       1
29                                                       1
30                                                       1
31                                                       1
32                                                       1
33                                                       1
34                                                       1
   &NA [&Type "ArrayOfDoubles", &Dim (35,1)] "Mulliken gross atomic population"
                                                         0

0                                      8.5314422038468294e+00
1                                      8.6425662251598201e+00
2                                      8.6410425076223945e+00
3                                      8.6439079932490355e+00
4                                      8.6293684843346234e+00
5                                      8.6265926911789972e+00
6                                      5.8547730969902299e+00
7                                      5.9402393265947300e+00
8                                      6.3545439123346901e+00
9                                      5.9655645511063939e+00
10                                     5.6711099101378633e+00
11                                     5.8717905197260833e+00
12                                     5.6972496881177239e+00
13                                     6.2934781218088647e+00
14                                     6.2578459588284350e+00
15                                     6.1628422244643311e+00
16                                     6.2617835157558766e+00
17                                     5.6271068264609587e+00
18                                     5.6785761405875688e+00
19                                     6.2146698353495715e+00
20                                     5.6806854463431584e+00
21                                     8.7533500508012629e-01
22                                     8.5923524973434939e-01
23                                     8.3947042271956340e-01
24                                     8.4812959114711650e-01
25                                     8.7622823638321801e-01
26                                     8.7110061074800660e-01
27                                     5.9875215665725323e-01
28                                     8.7154378379757647e-01
29                                     8.7642924840713499e-01
30                                     8.8386675724480801e-01
31                                     5.8539221600432545e-01
32                                     5.8659036749914717e-01
33                                     5.9024159498816919e-01
34                                     5.9050557959120786e-01
   &ZA [&Type "ArrayOfDoubles", &Dim (35,1)] "Total nuclear charge"
                                                         0

0                                      8.0000000000000000e+00
1                                      8.0000000000000000e+00
2                                      8.0000000000000000e+00
3                                      8.0000000000000000e+00
4                                      8.0000000000000000e+00
5                                      8.0000000000000000e+00
6                                      6.0000000000000000e+00
7                                      6.0000000000000000e+00
8                                      6.0000000000000000e+00
9                                      6.0000000000000000e+00
10                                     6.0000000000000000e+00
11                                     6.0000000000000000e+00
12                                     6.0000000000000000e+00
13                                     6.0000000000000000e+00
14                                     6.0000000000000000e+00
15                                     6.0000000000000000e+00
16                                     6.0000000000000000e+00
17                                     6.0000000000000000e+00
18                                     6.0000000000000000e+00
19                                     6.0000000000000000e+00
20                                     6.0000000000000000e+00
21                                     1.0000000000000000e+00
22                                     1.0000000000000000e+00
23                                     1.0000000000000000e+00
24                                     1.0000000000000000e+00
25                                     1.0000000000000000e+00
26                                     1.0000000000000000e+00
27                                     1.0000000000000000e+00
28                                     1.0000000000000000e+00
29                                     1.0000000000000000e+00
30                                     1.0000000000000000e+00
31                                     1.0000000000000000e+00
32                                     1.0000000000000000e+00
33                                     1.0000000000000000e+00
34                                     1.0000000000000000e+00
   &QA [&Type "ArrayOfDoubles", &Dim (35,1)] "Mulliken gross atomic charge"
                                                         0

0                                     -5.3144220384682939e-01
1                                     -6.4256622515982009e-01
2                                     -6.4104250762239445e-01
3                                     -6.4390799324903547e-01
4                                     -6.2936848433462345e-01
5                                     -6.2659269117899719e-01
6                                      1.4522690300977015e-01
7                                      5.9760673405270026e-02
8                                     -3.5454391233469007e-01
9                                      3.4435448893606058e-02
10                                     3.2889008986213675e-01
11                                     1.2820948027391665e-01
12                                     3.0275031188227608e-01
13                                    -2.9347812180886468e-01
14                                    -2.5784595882843497e-01
15                                    -1.6284222446433105e-01
16                                    -2.6178351575587655e-01
17                                     3.7289317353904128e-01
18                                     3.2142385941243123e-01
19                                    -2.1466983534957151e-01
20                                     3.1931455365684158e-01
21                                     1.2466499491987371e-01
22                                     1.4076475026565061e-01
23                                     1.6052957728043660e-01
24                                     1.5187040885288350e-01
25                                     1.2377176361678199e-01
26                                     1.2889938925199340e-01
27                                     4.0124784334274677e-01
28                                     1.2845621620242353e-01
29                                     1.2357075159286501e-01
30                                     1.1613324275519199e-01
31                                     4.1460778399567455e-01
32                                     4.1340963250085283e-01
33                                     4.0975840501183081e-01
34                                     4.0949442040879214e-01
   &VA [&Type "ArrayOfDoubles", &Dim (35,1)] "Mayer's total valence"
                                                         0

0                                      1.9608030014927060e+00
1                                      1.7843784946648593e+00
2                                      1.8796245248813730e+00
3                                      1.8701371623184611e+00
4                                      1.8739793543112284e+00
5                                      1.8760371014142592e+00
6                                      3.7951826154867758e+00
7                                      3.7960689440823314e+00
8                                      3.8364756630624059e+00
9                                      3.8334210060755418e+00
10                                     3.9030990521517794e+00
11                                     4.0015572890517239e+00
12                                     3.8680007901892552e+00
13                                     3.8233440007598625e+00
14                                     3.8866131014464136e+00
15                                     3.9432054869405380e+00
16                                     3.8236548540879647e+00
17                                     3.8715658309662380e+00
18                                     3.8282502210755576e+00
19                                     3.9033775036708076e+00
20                                     3.8535320254263752e+00
21                                     9.3151195777573315e-01
22                                     9.3228193020511585e-01
23                                     9.3033110497695193e-01
24                                     9.3410758098332947e-01
25                                     9.4552712545217432e-01
26                                     9.5004826931307895e-01
27                                     8.0445812744837164e-01
28                                     9.4387510372994465e-01
29                                     9.4446250356052319e-01
30                                     9.4170345363800456e-01
31                                     7.9927434953246879e-01
32                                     7.9952700238677288e-01
33                                     8.0306169964444063e-01
34                                     8.0274115147032055e-01
   &BVA [&Type "ArrayOfDoubles", &Dim (35,1)] "Mayer's bonded valence"
                                                         0

0                                      1.9608030014926323e+00
1                                      1.7843784946648691e+00
2                                      1.8796245248814254e+00
3                                      1.8701371623185481e+00
4                                      1.8739793543112317e+00
5                                      1.8760371014143233e+00
6                                      3.7951826154867399e+00
7                                      3.7960689440823541e+00
8                                      3.8364756630624037e+00
9                                      3.8334210060755569e+00
10                                     3.9030990521518429e+00
11                                     4.0015572890517799e+00
12                                     3.8680007901893108e+00
13                                     3.8233440007598340e+00
14                                     3.8866131014464638e+00
15                                     3.9432054869405833e+00
16                                     3.8236548540880100e+00
17                                     3.8715658309662730e+00
18                                     3.8282502210755540e+00
19                                     3.9033775036708271e+00
20                                     3.8535320254264001e+00
21                                     9.3151195777573614e-01
22                                     9.3228193020511851e-01
23                                     9.3033110497694771e-01
24                                     9.3410758098333047e-01
25                                     9.4552712545217343e-01
26                                     9.5004826931309461e-01
27                                     8.0445812744837386e-01
28                                     9.4387510372994143e-01
29                                     9.4446250356054107e-01
30                                     9.4170345363801355e-01
31                                     7.9927434953247334e-01
32                                     7.9952700238677687e-01
33                                     8.0306169964444207e-01
34                                     8.0274115147031866e-01
   &FA [&Type "ArrayOfDoubles", &Dim (35,1)] "Mayer's free valence"
                                                         0

0                                      0.0000000000000000e+00
1                                      0.0000000000000000e+00
2                                      0.0000000000000000e+00
3                                      0.0000000000000000e+00
4                                      0.0000000000000000e+00
5                                      0.0000000000000000e+00
6                                      0.0000000000000000e+00
7                                      0.0000000000000000e+00
8                                      0.0000000000000000e+00
9                                      0.0000000000000000e+00
10                                     0.0000000000000000e+00
11                                     0.0000000000000000e+00
12                                     0.0000000000000000e+00
13                                     0.0000000000000000e+00
14                                     0.0000000000000000e+00
15                                     0.0000000000000000e+00
16                                     0.0000000000000000e+00
17                                     0.0000000000000000e+00
18                                     0.0000000000000000e+00
19                                     0.0000000000000000e+00
20                                     0.0000000000000000e+00
21                                     0.0000000000000000e+00
22                                     0.0000000000000000e+00
23                                     0.0000000000000000e+00
24                                     0.0000000000000000e+00
25                                     0.0000000000000000e+00
26                                     0.0000000000000000e+00
27                                     0.0000000000000000e+00
28                                     0.0000000000000000e+00
29                                     0.0000000000000000e+00
30                                     0.0000000000000000e+00
31                                     0.0000000000000000e+00
32                                     0.0000000000000000e+00
33                                     0.0000000000000000e+00
34                                     0.0000000000000000e+00
   &Method [&Type "String"] "SCF"
   &Level [&Type "String"] "Relaxed density"
   &Mult [&Type "Integer"] 1
   &State [&Type "Integer"] -1
   &Irrep [&Type "Integer"] 0
$End
$SCF_Energy
   &GeometryIndex 10
   &Method [&Type "String"] "SCF"
   &totalEnergy [&Type "ArrayOfDoubles", &Dim (1,1)] "Total energy of each state"
                                                         0

0                                     -1.0307417174696950e+03
   &Mult [&Type "ArrayOfIntegers", &Dim (1,1)] "Multiplicity of each state"
                                                         0

0                                                        1
$End
$DFT_Energy
   &GeometryIndex 10
   &nAlphaEl [&Type "Integer"] 76
   &nBetaEl [&Type "Integer"] 76
   &nTotalEl [&Type "Integer"] 152
   &finalEn [&Type "Double"]      -1.0307417174696950e+03  "No Van der Waals correction"
   &eExchange [&Type "Double"]      -1.0519646055082259e+02
   &eCorr [&Type "Double"]      -6.2081174278445523e+00
   &eXC [&Type "Double"]      -1.1140457797866715e+02
   &eCNL [&Type "Double"]       0.0000000000000000e+00
$End
$SCF_Timings
   &GeometryIndex 10
   &TOTAL [&Type "Double"]       9.3092898000000005e+01
   &PREP [&Type "Double"]       1.2632440000000000e+00
   &FOCK [&Type "Double"]       8.2581901999999999e+01
   &DENS [&Type "Double"]       2.0321900000000426e-01
   &ETOT [&Type "Double"]       8.2288000000005468e-02
   &POP [&Type "Double"]       4.8181900000000155e-01
   &TRAFO [&Type "Double"]       7.1826000000001500e-02
   &DIIS [&Type "Double"]       9.8113999999998924e-02
   &SOSCF [&Type "Double"]       3.9531199999999345e-01
   &XC [&Type "Double"]       1.3704908999999997e+01
   &FOCKSTART [&Type "Double"]       9.9418000000009110e-02
   &INT_BF [&Type "Double"]       2.3799130000000659e+00
   &INT_DENS [&Type "Double"]       1.7725249999996855e+00
   &INT_DENSIO [&Type "Double"]       5.9615902081899461e+05
   &INT_FUNC [&Type "Double"]       3.1976100000015606e-01
   &INT_POT [&Type "Double"]       1.5946920000002436e+00
   &INT_POTIO [&Type "Double"]       2.1794040000005204e+00
   &INT_SUM [&Type "Double"]       9.0000000021461801e-06
   &SPLITRIJ [&Type "Double"]       6.3695099999999973e+00
   &COSX [&Type "Double"]       7.0057642000000001e+01
$End
$Single_Point_Data
   &GeometryIndex 10
   &FinalEnergy [&Type "Double"]      -1.0307417174696950e+03  "Final single point energy"
   &Converged [&Type "Boolean"] true
$End
$SCF_Dipole_Moment
   &GeometryIndex 10
   &dipoleMagnitude [&Type "Double", &Units "a.u."]       8.1817537451906241e-01
   &dipoleElecContrib [&Type "ArrayOfDoubles", &Dim (3,1)] "Electronic contribution"
                                                         0

0                                     -8.6938188265977567e-01
1                                      4.5044380543234768e+00
2                                      1.1849114078743248e+00
   &dipoleNucContrib [&Type "ArrayOfDoubles", &Dim (3,1)] "Nuclear contribution"
                                                         0

0                                      1.5868687666423451e+00
1                                     -4.8961486377590697e+00
2                                     -1.1504682139611826e+00
   &dipoleTotal [&Type "ArrayOfDoubles", &Dim (3,1)] "Total"
                                                         0

0                                      7.1748688398256943e-01
1                                     -3.9171058343559295e-01
2                                      3.4443193913142212e-02
   &doAtomicDipole [&Type "Boolean"] false
   &Method [&Type "String"] "SCF"
   &Level [&Type "String"] "Relaxed density"
   &Mult [&Type "Integer"] 1
   &State [&Type "Integer"] -1
   &Irrep [&Type "Integer"] 0
$End
$THERMOCHEMISTRY_Energies
   &GeometryIndex 10
   &temperature [&Type "Double"]       2.9814999999999998e+02
   &pressure [&Type "Double"]       1.0000000000000000e+00
   &totalMass [&Type "Double"]       2.9027099999999984e+02
   &spinDegeneracy [&Type "Integer"] 1
   &elEnergy [&Type "Double"]      -1.0307417174696950e+03
   &transEnergy [&Type "Double"]       1.4162714244859817e-03
   &rotEnergy [&Type "Double"]       1.4162714244859817e-03
   &vibEnergy [&Type "Double"]       1.5658369379669027e-02
   &numOfFreqs [&Type "Integer"] 105
   &freqScalingFactor [&Type "Double"]       1.0000000000000000e+00
   &FREQ [&Type "ArrayOfDoubles", &Units "cm^-1", &Dim (105,1)] 
                                                         0

0                                      0.0000000000000000e+00
1                                      0.0000000000000000e+00
2                                      0.0000000000000000e+00
3                                      0.0000000000000000e+00
4                                      0.0000000000000000e+00
5                                      0.0000000000000000e+00
6                                      2.4381149025419575e+01
7                                      3.2839937542192196e+01
8                                      5.3579815494104409e+01
9                                      7.0936533255635823e+01
10                                     1.2616098116484334e+02
11                                     1.6342862976920054e+02
12                                     1.7742808585005579e+02
13                                     2.1082873100413684e+02
14                                     2.1429131219121552e+02
15                                     2.2651404581938820e+02
16                                     2.3509165671672355e+02
17                                     2.5354419411175567e+02
18                                     2.5942308697771483e+02
19                                     3.1014049829997253e+02
20                                     3.1718101981942829e+02
21                                     3.2550479341557576e+02
22                                     3.3696451167641902e+02
23                                     3.4512278226331972e+02
24                                     3.6307619050016376e+02
25                                     3.6695861562827736e+02
26                                     3.8720099721264017e+02
27                                     3.9323024253721036e+02
28                                     4.1896657415639180e+02
29                                     4.3722235732887356e+02
30                                     4.6852970927576212e+02
31                                     4.8109037415289885e+02
32                                     5.1532473233141320e+02
33                                     5.3076128760510119e+02
34                                     5.5740177121895738e+02
35                                     5.6595013473392112e+02
36                                     5.9290566662224262e+02
37                                     6.2030518150936120e+02
38                                     6.3256110574923150e+02
39                                     6.3803462162384585e+02
40                                     6.6308641030908996e+02
41                                     6.7552551262597819e+02
42                                     7.1559815270331035e+02
43                                     7.1849178134369220e+02
44                                     7.7382263182834902e+02
45                                     7.9011843718489581e+02
46                                     7.9516556094208988e+02
47                                     8.0340952544539334e+02
48                                     8.0904284115651831e+02
49                                     8.2725066402230277e+02
50                                     8.6277665786072657e+02
51                                     8.9946074604439707e+02
52                                     9.0654928759922279e+02
53                                     9.9831108922339922e+02
54                                     1.0072226337026142e+03
55                                     1.0523652386245681e+03
56                                     1.0548569113222611e+03
57                                     1.0657910105537999e+03
58                                     1.0999693954336140e+03
59                                     1.1229139670852474e+03
60                                     1.1360976798629201e+03
61                                     1.1871064709414231e+03
62                                     1.1914385794674124e+03
63                                     1.1985950855252813e+03
64                                     1.2073923438964744e+03
65                                     1.2088755799117282e+03
66                                     1.2158620991907560e+03
67                                     1.2196402833214472e+03
68                                     1.2483020249084866e+03
69                                     1.2571279921813443e+03
70                                     1.2785171101276935e+03
71                                     1.2977712873784637e+03
72                                     1.3314727369108386e+03
73                                     1.3345519259423352e+03
74                                     1.3420440073906757e+03
75                                     1.3592557259401199e+03
76                                     1.3790937808802064e+03
77                                     1.3895487469148954e+03
78                                     1.3974250928752169e+03
79                                     1.4122526471575936e+03
80                                     1.4200283960614311e+03
81                                     1.4499285959732181e+03
82                                     1.4922414815090135e+03
83                                     1.5115352406505297e+03
84                                     1.5193670514276218e+03
85                                     1.5627485820706902e+03
86                                     1.5809090498868034e+03
87                                     1.6609640026367024e+03
88                                     1.6652574084348482e+03
89                                     1.6794095766554647e+03
90                                     1.6813220047693756e+03
91                                     2.9955990407521022e+03
92                                     3.0211323412729053e+03
93                                     3.0291176949138053e+03
94                                     3.0646399824576310e+03
95                                     3.1647066367341154e+03
96                                     3.1853264066589563e+03
97                                     3.1964177983884342e+03
98                                     3.1985133198496915e+03
99                                     3.2089390488744875e+03
100                                    3.7373289882788417e+03
101                                    3.7450457477553950e+03
102                                    3.7459353792263819e+03
103                                    3.7462683599033935e+03
104                                    3.7478235738301914e+03
   &zpe [&Type "Double"]       2.7086840541346252e-01
   &innerEnergyU [&Type "Double"]      -1.0304523581520530e+03
   &enthalpyH [&Type "Double"]      -1.0304514139430107e+03
   &qEl [&Type "Double"]       0.0000000000000000e+00
   &qRot [&Type "Double"]       1.6390715455875740e-02
   &qVib [&Type "Double"]       2.6629362933664545e-02
   &qTrans [&Type "Double"]       2.0380484374932412e-02
   &entropyS [&Type "Double"]       6.3400562764472701e-02
   &freeEnergyG [&Type "Double"]      -1.0305148145057751e+03
   &isLinear [&Type "Boolean"] false
$End
$Hessian
   &GeometryIndex 10
   &HESSIAN [&Type "ArrayOfDoubles", &Dim (105,105)] "The Hessian"
                                                         0                           1                           2                           3                           4                           5                           6                           7

0                                      5.0019967598686843e-01         4.6974166841246549e-02         7.5052918967174503e-02         4.1024848701507674e-03        -2.9131540789500685e-03         8.6672358852280407e-04        -2.9379532851828843e-03         3.0275306946956179e-03
1                                      4.6974166841246549e-02         3.2069150724369677e-01         6.7544802999804365e-02         4.4338268414472219e-03        -1.0442783645447606e-02         6.2008192150414367e-03         2.2481232956354492e-03         1.4209376131447018e-03
2                                      7.5052918967174503e-02         6.7544802999804365e-02         9.8002885046752128e-02        -8.3502031100683889e-04         3.9571022371353570e-03        -1.6388951540530016e-04        -6.7899790080045742e-04         3.7516125472663014e-04
3                                      4.1024848701507674e-03         4.4338268414472219e-03        -8.3502031100683889e-04         2.2799966357321030e-01        -1.4681399210421407e-02         1.4957546970855226e-01        -4.6431913068692519e-04         7.3964339410533030e-04
4                                     -2.9131540789500685e-03        -1.0442783645447606e-02         3.9571022371353570e-03        -1.4681399210421407e-02         5.6231107654494705e-01        -1.3353879353728149e-01        -6.4403096271875701e-04         9.0043300578001835e-04
5                                      8.6672358852280407e-04         6.2008192150414367e-03        -1.6388951540530016e-04         1.4957546970855226e-01        -1.3353879353728149e-01         2.1136616217956380e-01        -1.2021576132677681e-04         1.2266485518503127e-04
6                                     -2.9379532851828843e-03         2.2481232956354492e-03        -6.7899790080045742e-04        -4.6431913068692519e-04        -6.4403096271875701e-04        -1.2021576132677681e-04         6.3864100237496368e-01        -4.3245266004137133e-02
7                                      3.0275306946956179e-03         1.4209376131447018e-03         3.7516125472663014e-04         7.3964339410533030e-04         9.0043300578001835e-04         1.2266485518503127e-04        -4.3245266004137133e-02         3.8661874071061236e-01
8                                     -3.1256891928338091e-04         3.6049795461844228e-04        -6.1017774034018157e-05        -4.6875521784100072e-05        -9.5666099015097989e-06         1.5839682667325794e-04         8.1770191199659961e-02         2.1971163688235262e-03
9                                     -3.2870111349657689e-03        -3.4426991670269162e-03        -6.6255846353443289e-04        -7.3851432667060117e-04        -5.8901789247306274e-04         1.0456382903944062e-05         1.6115246322521868e-03         9.2511494940868133e-04
10                                    -2.3556395926992097e-03        -2.0415198139928672e-04        -3.2586799700326139e-04        -1.3621470812310850e-03        -6.7030483085760270e-04        -6.6047216186228627e-05        -5.8295011477228417e-04        -3.4704019163799109e-03
11                                    -3.0089453776358422e-04        -3.8632250323950056e-04         1.1042900868027560e-04        -1.1961876960869212e-04        -6.0461243115747521e-05         4.7011851839824496e-05         1.0709380825564671e-04         5.8447397009845888e-05
12                                    -1.0878554049340789e-03        -2.3310928949986376e-04        -2.1143374414005342e-04        -4.6524897880353879e-05         2.3473777376486300e-04        -5.4131714445865980e-05        -1.5841299433349502e-04         1.6004876455199407e-04
13                                     1.9326951651055381e-03         5.3152753399384465e-04         2.3731197208251835e-04         4.1191343965439440e-04        -1.9665759411011634e-04         5.8687853389607111e-05         1.9398584335600816e-04        -1.3362164231441227e-04
14                                     2.6070989896877892e-03         5.9234256215533838e-04         4.4497698664407512e-04         3.5617376146386570e-04        -3.3999245452927035e-04         2.6557803621809074e-04         2.8205982637862805e-04        -2.7100457180221217e-04
15                                    -3.9826646519493655e-03        -7.3230284698047230e-04        -1.9104547082465605e-04        -1.3823799413276649e-04         7.5044455981388824e-04         9.5680955382439453e-05        -5.2684687470513003e-04         5.6120478556641307e-04
16                                     7.6848212444558580e-04         2.5418135657443287e-04         1.4846457292260222e-04         1.2644594508889797e-04        -3.7868743098887041e-05        -4.5736175066259663e-05         9.0306883715695089e-05        -7.0803091270452709e-05
17                                     4.7719116191682117e-04         1.0505513592753383e-04         2.2897926218103305e-04        -2.4354458294795428e-05        -7.9758125189982598e-05         8.3529988419799505e-05         5.3642637734865797e-05        -6.0558481585406589e-05
18                                    -4.1859551352953581e-03        -2.6109556028734125e-02         6.8625093424148267e-03        -1.2477700685998165e-01        -7.9996107494055946e-02        -3.7663743213660804e-02         6.7624687828757345e-04        -5.7015276401196522e-04
19                                    -2.1895573085461660e-03        -3.3775112806652852e-02         6.9441541109654878e-03        -3.9892681568930971e-02        -1.6710728083881171e-01        -1.4472457565276951e-02         1.2056608853080126e-03         1.8073522509453634e-04
20                                    -7.5610922933275551e-04        -1.7153108440898564e-02         5.4753084373935501e-03        -4.3845588968380422e-02        -4.4913766307545469e-02        -9.7835573846235424e-02        -5.0479707252204997e-04        -1.0266215172093605e-04
21                                    -8.9659011745131786e-02        -1.2447316915188772e-02        -1.0511068976740374e-02         4.3678502786610313e-03        -2.2120580673145301e-02         1.0119803580528684e-02         1.3721742099726585e-03        -2.0868969167520002e-03
22                                    -3.9308640289006824e-02        -1.5911058658372343e-01        -4.0035592562600933e-02        -1.3858757462184915e-03        -3.3922135044732356e-02         1.0492587327640735e-02         1.2641017676548049e-03        -1.8522538006285163e-03
23                                    -2.0336010659849107e-02        -3.3849915123698546e-02        -7.4577860192592438e-02         3.6689497390676915e-03        -1.2875619574076933e-02         7.9328505909777580e-03         8.2638869991715456e-04        -5.8162224138152193e-04
24                                    -2.7550903173744886e-03        -2.6754225366851609e-03        -9.7556290807585639e-05        -3.0193220185963706e-02        -8.2283683584363776e-03        -3.0877606087495457e-04         9.4291746295768059e-04        -3.2070754505759847e-03
25                                    -5.8454397405532394e-03         3.4895520852266850e-03        -1.3568145468715949e-03        -4.2405479163145646e-02        -6.1411390417266259e-03        -1.6138189159587476e-03         3.0149573329758105e-03        -1.7551899325358679e-03
26                                     2.4286606923332068e-03        -7.6256471260467001e-04        -3.2899439606265059e-03        -1.3042290131393333e-02        -1.0147312436790755e-03         2.9956290026617871e-03         1.2301507227714171e-03         1.0792122991047453e-03
27                                    -4.3081711011698193e-02         4.1459694303707537e-02        -5.9785761131796941e-03        -9.1153819766273628e-03        -2.4119907222417847e-03        -1.2611067001765119e-04        -3.3437899181803774e-02         1.9813414367453631e-02
28                                     1.3473016096964482e-02         2.0598182566235242e-03         1.8206479389784452e-03         4.5125756990728825e-03         2.8983626367666774e-03         5.9496494933375301e-04         5.1689546253812890e-02        -7.4028934462218830e-03
29                                    -5.7793144816478369e-03         2.2033244375636966e-03         6.8166046298089658e-03         3.5641397733657439e-04        -1.0482587720692641e-04         2.0625414244966529e-03        -4.0190931920888531e-03         1.6519297110624224e-03
30                                    -2.7479398818098233e-01         1.2916986835310958e-02        -3.2425119813090500e-02        -3.8084839437986700e-03         6.4503842486184626e-03        -1.3064250020413432e-03        -3.3753716987583639e-03        -6.6000332037843938e-03
31                                     4.1825141311015182e-02        -1.1104935427883147e-01        -7.1088990270649311e-03         2.1303963908101053e-03         3.8367516561032297e-04         3.8689962921483443e-04        -1.0946303343559722e-02         3.7787894887959740e-04
32                                    -2.0635988030578124e-02        -8.3055153220400642e-03        -4.6091595522507522e-02        -5.4101782796187525e-04         4.5744756248941452e-04        -6.5395514201461373e-04        -5.5719334385606221e-04        -6.6758279612596778e-04
33                                    -3.2605433422493155e-02        -7.1775447054355061e-03        -4.1910518922344750e-03        -6.7717645139931250e-04        -1.4166575661397514e-03         1.4907242100065728e-04         7.6506641202962310e-05        -1.9552056725752939e-05
34                                    -3.7425948172181520e-02         3.6133107011170982e-03        -1.0241512524480226e-03         1.0376447431908200e-03         1.3323434874763741e-04        -6.6228683374871546e-05        -1.1400793418694650e-04         3.4260915962194664e-04
35                                    -1.5609739937702847e-02         1.2277387276796552e-03         1.4176667765709826e-03         5.3755781370912106e-04        -1.9460105290407389e-04         7.2802151734057763e-04        -2.1390293842887939e-05        -4.9453309246569517e-05
36                                     8.6300097746979890e-03        -5.9161087716281761e-03         1.1666756875493593e-03         9.3101632807446582e-04         1.1967127196268383e-03         4.0989655168908621e-04        -1.4179484408677909e-01         4.5636497590725286e-02
37                                    -4.8396410714612783e-04        -8.9851148838011406e-03         7.3970523713143689e-04        -3.7988273795040162e-03        -1.3456272722550231e-03        -3.4647856841183247e-05         1.0051319086986996e-01        -2.7428330170749038e-01
38                                     1.6021140640025530e-04        -1.1190749655916119e-03         8.3098078698561860e-03         5.4595510818116822e-04        -2.4667796407908940e-05         2.3034729200152018e-04        -1.0724758649346246e-02         1.1763370999378457e-03
39                                    -5.1183826999313474e-02        -4.7091563546816928e-02        -7.3912331259369662e-03         3.0848057065948356e-04        -1.3413680802439351e-03         4.0349263653369498e-04         2.8955722966372459e-03         4.4345280920788941e-03
40                                    -1.2528418059077687e-02         8.0372006988535596e-03         9.4277759325089860e-04        -3.3772746458984306e-04        -1.7078217577318612e-04         1.6375400307172474e-04         4.5416381743897038e-03        -4.1659991604852320e-03
41                                    -7.5685490590901494e-03        -5.0313218408749218e-03         6.3246053274100059e-03         7.2248694778015031e-05        -1.9009738589497076e-04         7.3558223520751363e-05         7.0005333990659491e-04         3.3045927815420525e-04
42                                    -1.0804353766621713e-03         1.6514539356040150e-03         1.0820103861861104e-03         4.7585841659632277e-04         2.3931920591132823e-05        -8.6326766122749401e-05        -1.1905734854028615e-04         5.2809796649547778e-05
43                                    -5.1557908382400194e-04         7.9713605355536885e-05        -1.1392780622070577e-03        -1.1015565747845690e-04        -9.1037056767226095e-05        -2.1899654142808287e-04        -5.7648845687088704e-07         2.3699604310066470e-06
44                                     3.2144292424734697e-04        -3.2637806050036982e-03        -2.4230862937133896e-03        -5.6425107233071801e-04         2.0873423677683216e-04         1.4387256024248497e-05        -3.7115765763680330e-05        -3.4768510145063904e-05
45                                    -5.9685684215425600e-03         7.2240092032390280e-04        -3.0291336008099121e-04        -5.6022465770920503e-04         1.2417495515900045e-03        -6.8632022876593439e-04        -1.1923527196712930e-04         1.4759992715850231e-04
46                                     2.0706847224531036e-03        -4.9393379907281074e-04        -2.5619623962058302e-04         1.6307755240210593e-03        -1.0571582389671706e-03         1.5024526755726868e-04         6.6710831390325606e-05        -6.0783884941487619e-05
47                                     5.2109912216793926e-03         7.8000803022072870e-04         9.8056185245524075e-04        -1.1042053977393998e-03        -2.8659640930081684e-05        -9.4542814710163415e-04         1.4085591352826904e-04        -1.5101009253319360e-04
48                                    -7.3444998911853798e-03        -2.4006914830937935e-04         3.2398680122617429e-05        -8.3896684876937381e-04        -6.3738777714173627e-04         1.5194816129547898e-05         1.3227145528386088e-02         2.4434719480553167e-02
49                                     9.6714620862101434e-04         5.1483848483762553e-03        -1.0952271258283489e-03        -2.2457407807871833e-04         9.8790063418089080e-05        -2.1556026719787575e-04        -1.3051617231609580e-02        -5.4759353541217325e-02
50                                    -7.4019818959302646e-04         2.8612992001470554e-05        -1.2734742002967559e-03        -1.8284008564817568e-04        -5.8503379094812012e-05        -6.4266088662413373e-05         6.3043012210092331e-04         1.6830654937595915e-03
51                                     7.3409745969948495e-03         5.7570607612509924e-03        -1.8555680088159750e-03         3.9539629175567084e-04         8.3385319381359718e-04        -2.2513678498714749e-04        -7.2386288150881970e-03        -8.3750386822423924e-03
52                                    -4.1221589169808566e-05        -8.9851811031983544e-03        -5.0099680735615413e-04         1.2956915006015254e-03         4.2007523678454358e-04         2.1314406408126391e-04        -9.2595881221778711e-05         5.2663266776911636e-03
53                                    -4.5915936142839134e-04         5.1681515976838765e-04         3.7436350981665794e-03         1.0856782795588422e-04         2.8680920128694107e-07        -1.0093283442206581e-05        -1.8580782310273257e-03        -8.9501056619890331e-04
54                                     1.8782043952210860e-04        -2.8585439501811142e-04         3.6911400868346370e-04        -2.3221035307803171e-04        -1.0167078985742371e-05        -1.7048095205339243e-04         4.3887618012230904e-05        -4.5247747784721530e-05
55                                    -2.7782733415841641e-03        -3.1676252298647211e-04         4.2364703743897345e-04        -3.7405389909795500e-04         2.2332593799447031e-04         6.2328170993111980e-05        -2.5982948746141395e-04         2.2922299168132675e-04
56                                    -4.2866623296953094e-03        -1.5765595005159689e-04         7.9500473533526965e-04        -4.0644477717444779e-04         4.9956800440844381e-04        -4.3504685995293538e-05        -3.3099885737784243e-04         3.3763357489449393e-04
57                                    -1.2057518242172315e-03         5.1620613909168040e-04        -1.8451534013091039e-04         8.0500980207367275e-04         7.1776930076654865e-05         2.7522054960571349e-04        -5.3301760600987531e-05         6.0294016384918828e-05
58                                     7.4215278566029056e-04         2.3167451851181217e-05         2.7041879733463324e-04         2.0540549719632611e-04         1.1454363106751364e-04         1.2589731808044927e-04         2.9504360533668154e-05        -2.1048142195352355e-05
59                                    -1.9006887324154080e-03         1.9560088073306936e-04         2.3281559109107942e-04        -2.4024851495194847e-04         1.9353996268379309e-04         1.2116148028645281e-06         1.7639368843203333e-05         9.5812775954384321e-07
60                                     3.0892998730942464e-03         7.3266591671289415e-04         3.1355213315559092e-04         3.5729131367880117e-04        -5.5699588078514774e-04        -9.9525228035719044e-05         4.4390551665266409e-04        -4.7457256573225307e-04
61                                    -4.3829391518733995e-04         3.3593466976225343e-05        -2.8920018690114271e-04         7.9294856889414449e-05        -7.8584308326602888e-05         1.5225763927194722e-04        -3.5056560917130775e-05         2.3229462748184325e-05
62                                     8.0809128359441719e-05         2.6375251449723813e-04        -4.2007316810645110e-04         3.7248165268972505e-04        -1.9921416140649442e-04         1.3898029002856564e-04         9.7798054633353140e-06        -1.3870315296646946e-05
63                                     6.4339665639900141e-04        -5.8928126701099609e-04         1.2151502455277851e-03         2.5624629284942170e-04        -1.2705856126755715e-02        -2.4688144346303027e-02         5.9621491148565005e-05        -1.9115123959203130e-04
64                                     7.2503052186256270e-04         2.4745152544089826e-03        -1.2555329428949259e-03        -7.0962734616689463e-03        -1.5885359883979822e-02        -3.2576249269774163e-02        -7.1341616926806563e-05         1.7161673582712306e-05
65                                    -1.3582094949301203e-04        -3.3733471752243026e-04         2.5537065787280761e-03        -6.6084642994502646e-03        -1.1748920877553181e-02        -5.8600803282492144e-03        -6.1937461789709526e-05         6.1088858469807335e-05
66                                    -2.0666826459599819e-03        -1.1575888900885192e-02        -2.2841832238708698e-02         2.1268587516610257e-04        -3.0051094169522053e-04         5.9857541541428940e-04        -4.2769165597229299e-05         1.3154725005531465e-04
67                                    -8.1435008071409215e-03        -1.6249270010354304e-02        -3.2377741655023336e-02         6.0008625447628499e-04         2.0634082626751265e-03        -1.4535445863752877e-03        -1.2330769831992935e-04         2.3718434803930808e-04
68                                    -7.8525065087543255e-03        -1.0939779520911623e-02        -5.7223230755390243e-03         3.7141261206287499e-04        -2.5091726680107599e-04         2.0399388385965783e-03        -5.6295488180776228e-05         1.5536725307903863e-04
69                                     1.5717421280550170e-03         4.4029525670381169e-04        -5.7238043346350092e-04         4.1777350442106041e-03         4.8423929738852355e-04        -1.2368214718760555e-03         3.4368553182759871e-04         1.0886035664235587e-03
70                                     1.7889644574897077e-03         2.2033235314841568e-04        -3.8788785584046648e-05        -1.4493643633428643e-03         7.3312380638867244e-04         1.4803216735781301e-03        -1.0112928608313348e-03         1.5512002710585473e-03
71                                     3.6095331670478285e-04         4.8544698622111351e-04         5.2186390189887298e-04        -1.5771270376041206e-03         1.6241208082352354e-03         2.3141240774835737e-03        -1.2244504092984252e-04         5.5536530695709900e-04
72                                     1.7413878202651319e-03         2.2009800045845007e-04         4.7567722322143871e-04         2.0068801702924888e-03         2.6243108212902627e-06         1.2571964420315823e-03        -1.3654575146807798e-03         7.3531504413448974e-04
73                                     6.6882407414720351e-04         6.9001084631422943e-04         3.7464345834633389e-04         1.9934793963970188e-04         1.4742807930795930e-03        -4.6597713561194031e-04        -4.3524438332512858e-04         2.0514027799172800e-03
74                                    -5.4064496831921416e-04         3.1720345188657011e-04         1.8967011548834314e-04        -9.0981517078216924e-04        -1.3346777416630585e-03         4.1252948670880002e-05         1.4086337604979734e-04        -1.1969586480806453e-03
75                                     1.2829930289661069e-03         6.8356962524259335e-04         6.2846614461451421e-04        -1.1232611622583781e-04         8.9177082299989703e-05        -1.3673524660000845e-05         3.5208355560582133e-04         4.9119306966420844e-05
76                                     1.2360229034067988e-03         2.2322220181154317e-03         3.0460006011338034e-04        -2.8347597470442486e-04         7.8431726483312644e-05        -3.7429938468554235e-05         2.0726586410306979e-04        -1.1759087355306310e-04
77                                     6.8854840608754801e-04         3.6886177584042050e-04        -3.2213878824874321e-03        -1.3332141672170184e-05         3.4675582020902288e-05        -5.0360255819304338e-05        -8.7430723987614591e-06         9.6542150518453412e-05
78                                    -1.3668415994661921e-03         8.3751695778416183e-04         1.1902612903104005e-03        -1.1282828497855826e-04        -1.7752472317109080e-04         4.0936668500657272e-05         1.0415344425782785e-04        -1.3572564336893512e-04
79                                    -8.1039614980604746e-04         3.4313356953272504e-04         1.0956936415324517e-03         7.4686793841110166e-05         2.7090819862941851e-04         2.8204662855841917e-04        -2.6379562043031242e-05         1.8064716049258876e-05
80                                    -4.9040764634520001e-04         5.7915360498492978e-04         7.2572097698083218e-04         1.9591730683303412e-04         1.7132381202526964e-04         4.3194140170218186e-05        -1.1507832341555585e-04         1.5699800590476386e-04
81                                    -9.9593155434280021e-04        -2.0750972096756633e-03         2.0517512072532111e-04        -7.4298240544574512e-02         1.3723818850975425e-01        -9.7015089145861877e-02         1.2608835170051366e-04         4.4822484093218987e-05
82                                    -4.8714243819602144e-04        -2.0316054264755846e-03         9.2171980748922782e-04         9.6586707844996192e-02        -3.3436966193650997e-01         1.6399967428309697e-01         1.4004418818672247e-04        -1.7346717555713010e-04
83                                    -2.5082240942478980e-04        -8.1377152783997596e-04         6.1242625927082877e-04        -8.6668270338897735e-02         1.9962515160918365e-01        -1.2512026999674070e-01        -4.0579746771322086e-06        -3.2261279622673548e-05
84                                     3.7428059936935672e-04         3.7064320636377170e-04         4.2347993704264014e-04        -2.2430642034314025e-04         6.2386225395350383e-05        -8.4261278880962999e-05         3.9681850149190481e-05        -3.9098446901626597e-05
85                                    -3.9012580061827226e-04         8.3025683216363935e-05         2.9567493970898196e-04        -9.9864517434844718e-05        -4.7307001315313106e-04         1.9574338946712116e-04         6.2957859056763862e-07        -5.4965010748268296e-06
86                                     4.2898621089721583e-04         2.2438965013423114e-04         4.3775309938843946e-04         6.0123386041234538e-04         6.7785077992960074e-05         4.6717601169112585e-04         7.0015172993270411e-06         3.3762371761040903e-06
87                                    -2.3553497415397572e-04        -7.6300826808768868e-05        -5.9887795113497074e-05        -2.4916089208571954e-04        -1.1118851595989018e-04         1.0179654063323601e-05         2.7181329060421266e-03         1.3090909634282111e-04
88                                     2.8071491424308325e-04         3.9434492595006183e-04         6.6292409414024026e-06        -3.1001047669271329e-04        -4.4997785924405914e-05        -1.0641412042813940e-05        -1.0887605206122794e-03         3.6966428871294922e-03
89                                     1.0070198098744413e-04         8.9710487857253571e-05        -3.1534657454226816e-05        -1.1240267359235114e-04         7.4880017588890347e-06        -6.0486941872422777e-05         8.5617596287551894e-04         6.0843154331750599e-05
90                                    -1.0479743335883110e-03        -4.8969873069085179e-05        -1.1556283444007841e-04         6.8931041327286694e-05         2.1182090428530152e-04         3.7646647313266911e-05        -7.2179130941903711e-05         8.1355758150661144e-05
91                                     2.6336435405056977e-04         2.2448491470290679e-05         7.2526984058060708e-05        -6.0826118064421239e-05        -3.9310455034568701e-05        -4.9089882685265582e-06        -3.3082795733153881e-06        -3.0255747323578754e-06
92                                    -2.2175814532261620e-04        -4.5679532145836586e-05        -3.9752003482246441e-05         3.7831063105998289e-05         6.7612683223460977e-05        -1.0000585404975931e-05        -2.2890621634285516e-05         3.1231919624745332e-05
93                                     2.2964326505102266e-04         4.2716429513813556e-04         1.2886851609856024e-05         7.8372387544304537e-05         6.9148861170534402e-05         2.4604032173812778e-05        -4.7167873230801560e-01        -3.7298908728532323e-02
94                                    -6.3230759881990211e-04        -6.5828244421794915e-04         2.4873029380628319e-05        -2.2332472419688668e-04        -1.8474211755111058e-04        -2.7823026773498099e-05        -9.2765217227969321e-02        -5.4602297966013194e-02
95                                     6.2541060453296065e-06         4.9947676766341211e-05        -4.8005891262646095e-04         2.6518654318985122e-05        -2.2775460620848211e-05        -6.2479201827804411e-05        -6.7441865072709051e-02        -6.1602771411700188e-03
96                                     6.0288663086461919e-04         3.2026517655179480e-04         8.8396214675730018e-05         3.8736957787487061e-05         1.0887643534063826e-04        -1.6637223045441393e-06        -4.3430752509539825e-04         2.0653548428223312e-04
97                                     1.1044547887131308e-03         6.2300566596967810e-04         1.5354758285399150e-04         1.9476532975398145e-04         1.7335414488082990e-04         1.7306348485401912e-06        -6.5881131550048861e-04        -4.6507583852017833e-05
98                                     7.1712498607739278e-05         5.4664603542293119e-05        -7.9058915727705240e-05         1.8281058578558220e-05         3.9795727664442151e-06        -3.2227812452070682e-05        -2.1591050152148633e-05         1.8406067983667469e-05
99                                     2.7581308918530039e-04        -1.2337888676227933e-04        -1.7785141019492764e-04        -6.3859373825203092e-05        -9.9800876067228025e-05        -3.9613608733713584e-05         6.1196744476018500e-05        -8.8361636983868772e-05
100                                   -5.1089100427270228e-04        -1.3814617371320042e-04         6.7836646719377858e-05        -1.0454689913071824e-04         5.3320859821682207e-05         9.9173986027556893e-05        -4.0261402297371183e-05         1.2083128496901026e-06
101                                   -6.3511247356456534e-04         8.6167140204919564e-07        -2.2731576425168458e-05        -1.2131921227271410e-05         1.0548416690290131e-04        -5.2898743205819594e-05        -8.7270539222841260e-05         1.0804935934478769e-04
102                                    6.0031315095531530e-04         1.1939285377059715e-04         1.0096984853791632e-04         6.8350044692637945e-05        -8.6252341010532082e-05         3.0543586004220906e-06         8.3789058244630493e-05        -9.2585491641112433e-05
103                                   -4.0965734149507149e-05        -2.5648010041586238e-05         1.6296154708663369e-05        -1.0029343480544761e-04        -7.1843380047948010e-05         8.6064497300144920e-06        -1.4545240962917727e-06        -1.1312803847855443e-05
104                                    1.4283411644551262e-05         4.2266137556969184e-05        -2.6633903076080307e-05         4.2541652461059788e-05         2.3563386756633112e-05        -3.8377536752668274e-05        -5.4411765477058345e-07         9.5574676885169189e-06
                                                         8                           9                          10                          11                          12                          13                          14                          15

0                                     -3.1256891928338091e-04        -3.2870111349657689e-03        -2.3556395926992097e-03        -3.0089453776358422e-04        -1.0878554049340789e-03         1.9326951651055381e-03         2.6070989896877892e-03        -3.9826646519493655e-03
1                                      3.6049795461844228e-04        -3.4426991670269162e-03        -2.0415198139928672e-04        -3.8632250323950056e-04        -2.3310928949986376e-04         5.3152753399384465e-04         5.9234256215533838e-04        -7.3230284698047230e-04
2                                     -6.1017774034018157e-05        -6.6255846353443289e-04        -3.2586799700326139e-04         1.1042900868027560e-04        -2.1143374414005342e-04         2.3731197208251835e-04         4.4497698664407512e-04        -1.9104547082465605e-04
3                                     -4.6875521784100072e-05        -7.3851432667060117e-04        -1.3621470812310850e-03        -1.1961876960869212e-04        -4.6524897880353879e-05         4.1191343965439440e-04         3.5617376146386570e-04        -1.3823799413276649e-04
4                                     -9.5666099015097989e-06        -5.8901789247306274e-04        -6.7030483085760270e-04        -6.0461243115747521e-05         2.3473777376486300e-04        -1.9665759411011634e-04        -3.3999245452927035e-04         7.5044455981388824e-04
5                                      1.5839682667325794e-04         1.0456382903944062e-05        -6.6047216186228627e-05         4.7011851839824496e-05        -5.4131714445865980e-05         5.8687853389607111e-05         2.6557803621809074e-04         9.5680955382439453e-05
6                                      8.1770191199659961e-02         1.6115246322521868e-03        -5.8295011477228417e-04         1.0709380825564671e-04        -1.5841299433349502e-04         1.9398584335600816e-04         2.8205982637862805e-04        -5.2684687470513003e-04
7                                      2.1971163688235262e-03         9.2511494940868133e-04        -3.4704019163799109e-03         5.8447397009845888e-05         1.6004876455199407e-04        -1.3362164231441227e-04        -2.7100457180221217e-04         5.6120478556641307e-04
8                                      4.0883122302405615e-02         1.6721388647153738e-04        -9.5184655287367624e-05         3.1187260101069064e-04        -2.7113662612893424e-05         3.6339194191770207e-05         7.2579032939063177e-05        -5.0316425382739582e-05
9                                      1.6721388647153738e-04         4.0847247724211466e-01        -8.6814953465788186e-02         4.4672712551880683e-02        -2.0983700840938348e-04         3.3540880402458957e-04         3.9657226100543903e-04        -6.4523904566286653e-04
10                                    -9.5184655287367624e-05        -8.6814953465788186e-02         6.2389075202788347e-01        -2.9848990819991792e-03        -2.7205288151078348e-04         4.8012257594742781e-04         5.2462700070635853e-04        -7.9969120840875049e-04
11                                     3.1187260101069064e-04         4.4672712551880683e-02        -2.9848990819991792e-03         3.3357900433415223e-02        -4.5964643645960270e-05         8.5302711794431682e-05         1.1842651335468933e-04        -8.2607013709686005e-05
12                                    -2.7113662612893424e-05        -2.0983700840938348e-04        -2.7205288151078348e-04        -4.5964643645960270e-05         4.6645786733195388e-01         4.4286517927585756e-02         1.2376516883387545e-01         7.5971481863873688e-03
13                                     3.6339194191770207e-05         3.3540880402458957e-04         4.8012257594742781e-04         8.5302711794431682e-05         4.4286517927585756e-02         2.0839539719737157e-01         2.5129536881190340e-01        -4.8149097414892138e-03
14                                     7.2579032939063177e-05         3.9657226100543903e-04         5.2462700070635853e-04         1.1842651335468933e-04         1.2376516883387545e-01         2.5129536881190340e-01         3.8385740917466771e-01        -4.6539155131034909e-03
15                                    -5.0316425382739582e-05        -6.4523904566286653e-04        -7.9969120840875049e-04        -8.2607013709686005e-05         7.5971481863873688e-03        -4.8149097414892138e-03        -4.6539155131034909e-03         5.3770821306323024e-01
16                                     5.7632791267615998e-06         1.3702455344159412e-04         1.8474680338712165e-04         1.5582565354927845e-05        -2.1751737304103675e-03         9.8116922916454611e-04         5.0272592000373548e-03         3.9839741913413593e-02
17                                     1.4406838016271187e-05         6.0107984743951529e-05         7.1006114375265746e-05         1.8183820529147081e-05        -1.3128340359876292e-03         4.6127316329883086e-03         3.0732912867864107e-03         1.3427017511465325e-01
18                                     2.1760910410862399e-05         5.7106222930839790e-04         1.3580094139706567e-03         9.1677479125282631e-05        -4.9026258755950451e-06        -2.0114698529009791e-04        -7.2376790576429936e-05        -1.0015613684127419e-03
19                                     1.9486460914546280e-04         1.0266681070640734e-04        -2.1484670856793125e-04         4.8033460230461548e-06        -3.7181031899098443e-04         1.8693037562034117e-04         3.5501551367181052e-04        -1.4776161245305397e-03
20                                    -1.4640845374232648e-05        -2.8879174276177574e-04        -2.3931270923454489e-04        -1.0061483949570495e-04         2.7848595095970180e-04        -3.5315345822741059e-05        -3.6637096492900522e-04         4.6395865701025045e-04
21                                     2.1241133627079807e-04         8.3324112751568310e-04         1.3622808908462950e-03         2.2634508401793923e-04         1.0611686167451861e-03        -1.8138561149848612e-03        -2.6820592917821398e-03         4.3650422273885329e-03
22                                     1.0723840047016834e-04         1.1527840410410989e-03         7.4180402886219507e-04         1.1679332287867168e-04         1.1628019007532216e-03        -4.8771233143006645e-04        -1.1935747077954115e-03         1.5556249277806980e-03
23                                     3.1916521798066233e-05         7.0843005964638800e-04         5.4739593923023482e-04        -2.4987337576534675e-04         1.6782121096322444e-03        -8.9075302223108577e-04        -5.2665569202530631e-04        -4.6691052898657683e-04
24                                     3.8248003829250365e-04         6.1027926884255892e-04         3.5407719463903688e-04         9.1754088568043568e-05         5.9296393271074258e-05        -9.8356272163677044e-05        -7.5353401991430657e-05         1.3951930387394270e-04
25                                     9.2300729644189186e-04         1.1579727553417008e-04         7.0323275564848501e-04         4.1369983903129411e-05         1.2415969248600516e-04        -1.3203381661217273e-04        -1.9929821150531333e-04         6.5910618108249840e-04
26                                    -3.7180586425637091e-03        -2.3086442398654542e-04        -4.8421908503226056e-04        -1.3834467864397586e-04        -9.3626025436516691e-05         8.5281324410838835e-05         1.7670793450733308e-04        -4.7935279049754145e-04
27                                    -4.2676480419314867e-03         2.5930512493237174e-03        -5.3593239217139526e-03         3.9239323376506616e-04        -2.5453208660574864e-04         3.5009128074365019e-04         4.7932931497354081e-04        -6.9430101570929403e-04
28                                     5.6740852035625806e-03        -4.2906097711155776e-03        -5.8310775783451023e-04        -5.4560689616966595e-04         1.2137242902140934e-04        -1.7941051224357234e-04        -2.4176484476979708e-04         4.2018959272916725e-04
29                                     6.8456189603518271e-03         6.3795881450138137e-04        -2.9837881742049530e-04        -1.3373453456440585e-03        -1.0181540019836414e-05        -6.7158302534721528e-06         2.5012747100972237e-05         7.6802668701424204e-06
30                                    -1.0769420612787616e-03        -5.6003088591353653e-04         3.8275300925553462e-03        -1.1038445463678879e-03         1.0817033886112021e-03        -1.4827087502270655e-03        -1.9695130128185414e-03         2.8936103430098788e-03
31                                    -1.1337952226896206e-03         1.1991323788280373e-02        -1.9546539811419756e-03         1.3043573901171147e-03        -2.5335836422255703e-05         1.1201713921963515e-05         8.9169890308744804e-05        -3.2127952377227701e-04
32                                     3.9505769914993548e-03        -9.8249363788923240e-04         2.4531929628910276e-04         7.9450572993099225e-03         1.4437511467107296e-04        -1.4963263339280971e-04        -2.4873532180124096e-04         1.9574383420095019e-04
33                                     2.0433901653997327e-05         7.4931386670817196e-05         2.2910568530932628e-04         4.2351355418551945e-05        -4.8173789549814019e-03        -2.7482866275564200e-04        -1.8874723230874425e-03        -4.2002341989290353e-03
34                                    -3.1087014490241725e-05        -3.0841104096409233e-04        -7.1270068485199676e-05        -4.4196133798558179e-06        -2.6566030336942297e-03         4.8916930576016013e-03        -4.4821550382678141e-03         3.2235574519684377e-03
35                                     1.8474567909525246e-05        -8.1350531409902192e-05         1.8861691741075507e-05         2.6033126644838239e-07        -6.5389893598967281e-03        -4.0069708819523049e-03         1.2028181019304220e-03         5.9341321658139086e-03
36                                    -1.1717175529146912e-02        -9.0150850476832245e-03         8.1081865234918695e-03        -1.2659576345103174e-03         2.8479166484792623e-04        -4.0051108607501722e-04        -5.1802027127352155e-04         8.8323994703781445e-04
37                                     9.0803683590588227e-03         1.8359893884288062e-03         4.0554718517248761e-03         3.2602669238849386e-04        -9.7281469335648747e-05         7.0208795858706197e-05         1.6813428674000499e-04        -3.8197585277579632e-04
38                                    -4.5215617662098181e-02        -1.3186922130142490e-03         1.0254099165410860e-03         3.6202926770976607e-03         3.4396765929251352e-05        -5.9949026214873850e-05        -8.5053374421620716e-05         1.0019048594349088e-04
39                                     4.8665221158911658e-04        -3.2432034853156350e-02        -1.2932078696908073e-02        -5.3753494475560536e-03        -3.2637066782781289e-04         5.1243736005612318e-04         6.2736401651366114e-04        -9.8966658998051924e-04
40                                     3.3556961988409628e-04        -5.0741357483114126e-02        -7.4756485463500031e-03        -6.1385613519339332e-03        -6.2371685790939962e-05         6.8746946150451181e-05         1.2593112291016631e-04        -1.6277853596586851e-04
41                                    -1.1668565109228433e-03        -5.6191539438096997e-03        -1.5984937862755025e-03         9.0731497358737222e-03        -7.4290860690043889e-05         1.3986160165138162e-04         1.9078322764448489e-04        -1.5865750722384705e-04
42                                    -3.2515795827181250e-05        -1.2354333118468909e-04        -2.1834839022647320e-04        -6.1356040107800151e-05        -1.4931027993708905e-02         9.3728869444611312e-03         9.5017500616582790e-03         8.0741955399592710e-03
43                                    -1.2320381293025877e-05         1.8190226753935141e-05         3.5058327169652713e-05        -1.0625152378337705e-05         3.1577693540267709e-02        -6.7008720185706694e-03        -1.3556761047369796e-02        -3.3628455405120667e-03
44                                    -5.9713432391112236e-06        -9.6293272698482401e-05        -1.3856139972346043e-04        -2.6112956797875260e-05         3.9501270854724657e-02        -1.6590568422791076e-02        -9.0907193760345981e-03        -4.5834474460266349e-03
45                                    -1.2782753228583964e-05        -1.9957597626219415e-04        -1.8641349787309284e-04        -2.9680367392704394e-05         1.7750107752667141e-03         3.9482725910265273e-03         5.9645545026582912e-03        -7.7391243737424606e-04
46                                    -6.5390923008491872e-06         9.1696693116230152e-05         9.4601263157091127e-05         1.0224791190283105e-06         1.6729390248536083e-03        -2.2592132508105992e-03        -9.8446551641074805e-04        -5.7888506365358534e-04
47                                     7.9021337007534375e-06         1.5938624504880121e-04         1.4493114123587076e-04         2.9150914743254400e-05         2.9985958179686981e-03        -1.5220236846832213e-03        -2.9291973017189750e-03        -1.6386247372434039e-03
48                                     6.9489221936343520e-04         2.0171005671903129e-02        -2.4723203817542595e-02         1.2725037565071034e-03        -1.1428124755745168e-04         1.6474051109552159e-04         2.1704613106311079e-04        -3.3408500835065239e-04
49                                    -2.5814721171779692e-03         1.1759995443187246e-02        -5.6073318551323262e-02         1.4390867487144420e-04        -4.4972402665699939e-05         1.3129824105759073e-04         9.7866517680510317e-05        -1.0877566103136075e-04
50                                     9.5382858919773189e-03         1.7604605518330872e-03        -3.8063478660480647e-03         7.0625995905546531e-03        -2.6378754833188221e-05         4.2042740990643330e-05         6.8013421125868960e-05        -5.0760286031130058e-05
51                                    -1.8205668632456195e-03        -1.7745640294711026e-01        -1.2366586273533403e-01        -1.7582201765431404e-02         2.6694233068114137e-04        -3.7341727035454595e-04        -4.9012379900487233e-04         8.1231661561247234e-04
52                                    -6.4004266981338397e-05        -6.7546816607290477e-02        -2.4459622877671428e-01        -1.0648564106547378e-02         1.9460483531870323e-04        -3.5359287917299380e-04        -3.7550998953157620e-04         5.5327316090341869e-04
53                                     7.7873600678627138e-03        -1.6713964027799514e-02        -1.7430537585188657e-02        -4.5313681814230788e-02         4.3360174358731275e-05        -6.8390753569670234e-05        -9.6517379270717125e-05         1.0620168530558026e-04
54                                     1.5483099604608585e-05         5.4759259988846704e-05         7.1837400621313328e-05         2.6506481338354445e-05        -1.3248693262715289e-01         6.3453739484679222e-02         7.1997338349179610e-02        -5.8102584364558514e-02
55                                    -4.2754581896745650e-05        -3.6873157747517116e-04        -4.9652041640917805e-04        -8.7259174242873886e-05         3.1761093334566511e-02        -1.3390824615535157e-01        -1.2311044930695178e-01         1.0226523955260913e-02
56                                    -6.3360850703424930e-05        -4.7234072504041564e-04        -6.2118523784161512e-04        -1.1406261285143676e-04         2.9342864229744213e-02        -1.1877716501986776e-01        -1.9465525149144616e-01         3.4006247210017215e-03
57                                    -1.8317886204661068e-06        -4.0389577576714804e-05        -3.0043365661675903e-05         2.6532089405148225e-06        -7.6925553726594790e-03        -3.0618095709349737e-03        -6.0799317148028135e-03        -2.7781939818906053e-02
58                                     3.0983036226977199e-06         5.0392334348528587e-05         6.6117364625070809e-05         4.1556010941851042e-06        -2.5481804502824022e-04         5.3454543193849685e-03         1.9425804463397527e-03         9.4115228287396796e-03
59                                     9.3130133993172160e-06         8.4446493576334491e-07         3.0704447164737851e-05         1.1576900921782406e-05        -2.1228553083353328e-03         1.6597098183409563e-03         5.8053451079252919e-03         7.2884894734051853e-03
60                                     4.4003274178907746e-05         5.5384903522570032e-04         6.9034683515903155e-04         7.4574838857632494e-05         9.3496649090365758e-03         8.4700607317571425e-03         1.1664599918420167e-02        -2.9820762896354580e-01
61                                    -4.0579202769387116e-07        -4.4070255778500827e-05        -5.3843800805856407e-05        -6.4037313861158956e-07        -1.5829705227925189e-02        -1.6450952735834100e-02        -3.3527328488986714e-02         6.8282101844646378e-02
62                                    -1.2873889375199975e-06         3.5533247625696776e-05         5.4458131720197777e-05         4.1796225011114780e-06        -2.0979345312117908e-02        -2.9595420381176914e-02        -3.7220792341848913e-02         5.2253027962882337e-02
63                                    -9.5310576659961855e-05        -3.9180525568007721e-05        -7.1326536418011492e-05        -2.9863652798198532e-05         4.0899733562240956e-05        -6.2082469665016710e-07         3.7570593490326038e-06         4.2385672989647444e-05
64                                     7.5166562259822866e-06         4.5332907781319440e-05         8.1950197457088521e-05         9.0108508901548680e-06        -1.2404240060840928e-05        -4.2223256909406054e-05        -1.6641978870546257e-05         5.4508991590940611e-05
65                                     6.6846085476533475e-05         4.1861722318138270e-05         6.6346279560811463e-05         4.8309445468044140e-05        -8.1890861821556221e-06        -6.2697724309694917e-06         1.0195814004739342e-04        -8.1339085442859319e-05
66                                     7.6384230435485668e-06        -1.3435011665674057e-04        -5.7138645267972986e-05        -5.6545964202893900e-05        -6.5037354085252714e-04         3.7760422774940877e-04         1.5984302906588344e-04        -5.1867153993484538e-04
67                                    -2.0460494013900029e-05        -2.0172982525858645e-04        -1.4397655151925003e-04        -5.5750857346192846e-05         6.6030684807190680e-05        -7.8354612885740222e-05         5.1008261243416978e-05         2.2236724758226652e-04
68                                     3.0105733995058222e-05        -1.1875673608302984e-04        -2.8575982537026542e-05         2.0338223421090284e-05         8.9159425498399648e-05         1.0568960422141103e-04         7.4852869125897263e-05         1.1685000581412907e-04
69                                    -1.0237897736181504e-04        -5.1757148623216031e-04        -6.8442967715707354e-04        -9.4463842211952394e-05         8.4208856364733145e-10         1.9931704763463167e-05        -2.6023752442912703e-06        -5.3729531866386687e-05
70                                    -5.8990844467863624e-04        -4.7626501171715721e-04        -8.0877891535004003e-04        -6.4381549837285910e-05        -2.5014980563004344e-05         4.5924148416881625e-05         4.9014221017637259e-05        -3.4315273303112305e-05
71                                     2.0874227297575055e-04        -1.7000174651310082e-04        -1.8897171250287445e-04        -4.7314482266212982e-06         6.0186863791791834e-07        -3.9559313786095298e-06         9.5502210898788537e-06         4.7235654101411453e-05
72                                     5.7338476217449737e-04        -3.6569739030032971e-04        -5.1348748112976111e-04        -2.7133680475848046e-05        -8.8118790575818446e-05         1.1344423342499386e-04         1.7466324585633939e-04        -3.7970378389073206e-04
73                                    -2.0505376148911023e-04        -4.2319975079178332e-04        -4.8396101873705448e-04        -7.7402875342665988e-05         3.7161178197988014e-05        -3.3073923583359205e-05        -7.4214545492543379e-05         1.3773416898758378e-04
74                                    -1.6142063756448234e-04         1.4667671012124012e-04         2.4781354892548281e-04         3.1000492340980479e-05        -1.8625392863378092e-05         7.5394359729235444e-07         7.4891507477944648e-07         4.5564474101006717e-05
75                                     3.8953465788489692e-05         2.9436113627717003e-03         1.0963024802037207e-03         9.4481639069124738e-04         2.4012801895955359e-05        -1.2210048021580385e-05        -4.3387082471895615e-05         7.5439634478890712e-05
76                                     2.4821186723163256e-05         1.4924850433664302e-04         3.4314597147257217e-03         9.6380936964470063e-05        -2.2781180469399337e-07         2.8468267428388847e-05         7.2339907590897225e-06         4.5947803598492395e-06
77                                    -8.6556818145260222e-06         8.5824308709736108e-04         1.2016157630906696e-04        -4.2049068832248418e-03         1.3548111803213822e-05        -3.9859471259957950e-05        -5.6309909922192328e-05        -4.1172698904645249e-06
78                                     1.0562547784253543e-05         1.2524184679608193e-04         1.4705281155453988e-04         1.4035029656028525e-05         2.8939337391151211e-03        -1.0847683635207897e-03        -6.5041382447449114e-04        -9.1896439865083411e-04
79                                     8.1749330180586532e-06        -4.9521614505161453e-05        -8.0633333182722066e-05        -6.8455982570045436e-07        -2.9529823055253826e-04        -1.0048819727112445e-03         4.1839408427271300e-03         6.1705481076039905e-05
80                                    -1.0662796703662990e-05        -8.9628961159798036e-05        -8.8694654399136064e-05        -1.1134220364792920e-05         6.8018161040083770e-04         3.8109226954887729e-03         1.0680914441696466e-03        -2.1538830768417561e-04
81                                     4.8072975968334168e-07         1.8512177726250035e-04         3.3916835005941802e-04         3.3170409228084290e-05        -6.9561229928704650e-05         8.8930884541039404e-05         2.2364711969803203e-04        -2.6572933797657872e-04
82                                    -2.5005717080407079e-05         1.2011360333740720e-04         2.4560013330230908e-04         1.5125890741383215e-05        -2.1997246430228816e-05         6.1671291322133964e-05         3.8434997248061411e-05        -1.7130175138308889e-04
83                                    -9.4514304265012623e-05        -5.3681807223575611e-05        -1.0903236167440010e-04        -2.6829349951789576e-05        -1.7047889078330991e-05         8.3683831070674496e-05         2.4617368469582914e-05        -8.7433393669374593e-05
84                                     7.0531840673950015e-06         5.3589425306783218e-05         7.0588115531387932e-05         1.0135459583146181e-05         2.7571761088843855e-04         5.1275176351174182e-05         1.9508850334125247e-04        -8.5052019958767387e-04
85                                     7.2079022105294035e-06        -7.9218975605976037e-06        -8.7421750487491558e-06         1.0556768125766767e-05         9.1207584226545447e-05        -3.7760513766422734e-04         1.2801278393709405e-04         2.5259126927538750e-04
86                                     2.9569668573906213e-06         3.4242244163429358e-05         5.5591263110302660e-05         9.1909830018779880e-06         1.5889683408730135e-04         2.3699876394854839e-04        -1.0702878693128989e-04         2.6902505074202895e-04
87                                     8.0464663259932102e-04         1.1498212031528423e-03        -5.5503905445849350e-04         4.9181004752219882e-04        -2.5121093332070282e-05         3.3909664981814341e-05         4.8758366310679201e-05        -8.1135067045664676e-05
88                                    -2.5717578501341040e-05        -9.6919311971957424e-04         2.0949878073971990e-03         1.9059805401937615e-06         3.5223493461629710e-06         3.2807087714949243e-06        -3.6845090961271735e-06         1.0606230267523656e-05
89                                    -4.1913682972802482e-03         3.9820599041362123e-04        -4.7107524180095171e-05        -3.1930626652931027e-03         2.5694898666857985e-06        -3.5957238652187715e-06        -1.0802332127960031e-05        -6.0070966290976663e-06
90                                    -2.5299198917942505e-06        -8.4899082685648952e-05        -9.5556572559079905e-05        -6.1991869737077019e-06         5.5981297784609514e-04        -3.6388257777418597e-05         1.9545632266594268e-05         4.2555797273101112e-03
91                                     1.6074223359261055e-06        -1.0501728588398814e-05        -1.9949514231619968e-05         2.2690127758827024e-06        -8.2912470209451456e-04        -2.8619463495416014e-04        -6.9331435567759870e-04        -1.1704362706324990e-03
92                                    -3.1634721565792254e-06        -2.1178219746216184e-05        -2.2959539596366688e-05        -3.0284027213846950e-06        -1.1091096338533527e-03        -5.9690177833071644e-04        -8.4858046620512771e-04        -2.1478196599260778e-04
93                                    -6.5693044562417896e-02         1.5264729490995464e-05        -5.9051099432415723e-04         2.2575265250721066e-06         2.2683896902309271e-05        -2.6811064891675080e-05        -3.7223498497051058e-05         8.2442384601806465e-05
94                                    -1.4115948222731375e-02         2.8039073520852702e-05         7.7232928995157933e-04         1.1534752615710288e-05        -3.8884869626798946e-05         4.3782071742611399e-05         6.8693724856763982e-05        -1.4199667406349187e-04
95                                    -1.4731599206027929e-02         5.0659512687910345e-05        -5.9993564817984517e-05        -1.1756233195137891e-04         1.1856531240612457e-05        -1.6546511666999657e-05        -3.6920430758228002e-05         1.0294033096779542e-05
96                                     1.4387826215502247e-05        -2.1433310814327883e-01         2.4402719148114072e-01        -2.2363450625470620e-02         3.1649385372263961e-05        -2.4233738280406082e-05        -5.3123444369051754e-05         1.2011567390452996e-04
97                                    -6.6439399019221153e-05         1.8754859607632529e-01        -3.1926958010357381e-01         1.8749487477336839e-02         6.8723511446644285e-05        -1.1856208388536795e-04        -1.2688764484657767e-04         1.9905233859340886e-04
98                                    -4.5882522921634084e-04        -2.3089771219862120e-02         2.5670655773533384e-02        -6.9363213764723070e-03         2.3810136651681308e-05        -4.8230649319996321e-05        -7.3529327022702978e-05         1.5164183119066237e-05
99                                     1.2746977739768383e-06         6.2162838076273465e-05         6.5574087011519618e-05        -4.7497946680904101e-06        -3.2909650611728603e-01        -1.2154473865399626e-01        -2.1105630653754798e-01         2.3541546721535678e-04
100                                    2.3643406114251119e-06        -1.0284866665924582e-04        -1.6419011649223208e-04        -2.3291003633012854e-05        -8.7813001558733172e-02        -5.8408730068501349e-02        -8.5718065448990133e-02         1.0995730382910972e-03
101                                   -2.6140685526419990e-05        -9.8566744111145115e-05        -1.1423843929649828e-04        -3.7439998965730509e-05        -1.6550559264091630e-01        -9.0444623531655902e-02        -1.5036875603651112e-01         1.5844092984846850e-03
102                                    8.7285819036205057e-06         1.0147659331450373e-04         1.2321063780866185e-04         1.3895105429213958e-05         2.7798806942974348e-04         1.1234645975281613e-03         1.5966417991766307e-03        -1.6683730759583010e-01
103                                    3.2511849021906857e-06        -2.0129866664694894e-05        -3.4125076834921214e-05         1.5309474963085923e-06        -4.9342213748008144e-04        -1.2493784620938792e-04         1.4260720772674721e-04        -1.2329182644166591e-01
104                                   -5.3154804202660004e-06         7.7183568304366006e-06         1.4624655890957189e-05        -3.8781447292624482e-06        -6.2082209589203827e-04         4.0007315071831633e-04         1.4046000415359676e-04        -1.9319545328072937e-01
                                                        16                          17                          18                          19                          20                          21                          22                          23

0                                      7.6848212444558580e-04         4.7719116191682117e-04        -4.1859551352953581e-03        -2.1895573085461660e-03        -7.5610922933275551e-04        -8.9659011745131786e-02        -3.9308640289006824e-02        -2.0336010659849107e-02
1                                      2.5418135657443287e-04         1.0505513592753383e-04        -2.6109556028734125e-02        -3.3775112806652852e-02        -1.7153108440898564e-02        -1.2447316915188772e-02        -1.5911058658372343e-01        -3.3849915123698546e-02
2                                      1.4846457292260222e-04         2.2897926218103305e-04         6.8625093424148267e-03         6.9441541109654878e-03         5.4753084373935501e-03        -1.0511068976740374e-02        -4.0035592562600933e-02        -7.4577860192592438e-02
3                                      1.2644594508889797e-04        -2.4354458294795428e-05        -1.2477700685998165e-01        -3.9892681568930971e-02        -4.3845588968380422e-02         4.3678502786610313e-03        -1.3858757462184915e-03         3.6689497390676915e-03
4                                     -3.7868743098887041e-05        -7.9758125189982598e-05        -7.9996107494055946e-02        -1.6710728083881171e-01        -4.4913766307545469e-02        -2.2120580673145301e-02        -3.3922135044732356e-02        -1.2875619574076933e-02
5                                     -4.5736175066259663e-05         8.3529988419799505e-05        -3.7663743213660804e-02        -1.4472457565276951e-02        -9.7835573846235424e-02         1.0119803580528684e-02         1.0492587327640735e-02         7.9328505909777580e-03
6                                      9.0306883715695089e-05         5.3642637734865797e-05         6.7624687828757345e-04         1.2056608853080126e-03        -5.0479707252204997e-04         1.3721742099726585e-03         1.2641017676548049e-03         8.2638869991715456e-04
7                                     -7.0803091270452709e-05        -6.0558481585406589e-05        -5.7015276401196522e-04         1.8073522509453634e-04        -1.0266215172093605e-04        -2.0868969167520002e-03        -1.8522538006285163e-03        -5.8162224138152193e-04
8                                      5.7632791267615998e-06         1.4406838016271187e-05         2.1760910410862399e-05         1.9486460914546280e-04        -1.4640845374232648e-05         2.1241133627079807e-04         1.0723840047016834e-04         3.1916521798066233e-05
9                                      1.3702455344159412e-04         6.0107984743951529e-05         5.7106222930839790e-04         1.0266681070640734e-04        -2.8879174276177574e-04         8.3324112751568310e-04         1.1527840410410989e-03         7.0843005964638800e-04
10                                     1.8474680338712165e-04         7.1006114375265746e-05         1.3580094139706567e-03        -2.1484670856793125e-04        -2.3931270923454489e-04         1.3622808908462950e-03         7.4180402886219507e-04         5.4739593923023482e-04
11                                     1.5582565354927845e-05         1.8183820529147081e-05         9.1677479125282631e-05         4.8033460230461548e-06        -1.0061483949570495e-04         2.2634508401793923e-04         1.1679332287867168e-04        -2.4987337576534675e-04
12                                    -2.1751737304103675e-03        -1.3128340359876292e-03        -4.9026258755950451e-06        -3.7181031899098443e-04         2.7848595095970180e-04         1.0611686167451861e-03         1.1628019007532216e-03         1.6782121096322444e-03
13                                     9.8116922916454611e-04         4.6127316329883086e-03        -2.0114698529009791e-04         1.8693037562034117e-04        -3.5315345822741059e-05        -1.8138561149848612e-03        -4.8771233143006645e-04        -8.9075302223108577e-04
14                                     5.0272592000373548e-03         3.0732912867864107e-03        -7.2376790576429936e-05         3.5501551367181052e-04        -3.6637096492900522e-04        -2.6820592917821398e-03        -1.1935747077954115e-03        -5.2665569202530631e-04
15                                     3.9839741913413593e-02         1.3427017511465325e-01        -1.0015613684127419e-03        -1.4776161245305397e-03         4.6395865701025045e-04         4.3650422273885329e-03         1.5556249277806980e-03        -4.6691052898657683e-04
16                                     1.8028251228667902e-01         2.1534402573619499e-01         1.8874522118755908e-04         2.4413610054165816e-04        -1.0791081592217717e-04        -6.8389271808757960e-04        -6.6675958893428757e-04         3.3560788770130908e-04
17                                     2.1534402573619499e-01         3.4094127812396824e-01         1.5971748948525786e-04         1.1459674121217975e-04        -2.0706054343363773e-04        -6.8678991858974782e-04         2.5664392682957736e-04         7.6728631234215371e-05
18                                     1.8874522118755908e-04         1.5971748948525786e-04         4.7865971827062231e-01        -1.4430984041092112e-03        -1.6183743541321439e-02        -8.4523104123062673e-02         3.1452883831177808e-02        -1.7731020936916947e-02
19                                     2.4413610054165816e-04         1.1459674121217975e-04        -1.4430984041092112e-03         5.0168833907273014e-01         1.7562945701663474e-02         2.4994876279776104e-02        -1.1241158225066529e-01         4.5345905715706264e-02
20                                    -1.0791081592217717e-04        -2.0706054343363773e-04        -1.6183743541321439e-02         1.7562945701663474e-02         5.9404011924085376e-01        -1.4023881904843386e-02         4.1946900773763285e-02        -1.1776756441144622e-01
21                                    -6.8389271808757960e-04        -6.8678991858974782e-04        -8.4523104123062673e-02         2.4994876279776104e-02        -1.4023881904843386e-02         5.1055576699871708e-01        -3.5634504789688666e-02        -3.0435600336001900e-02
22                                    -6.6675958893428757e-04         2.5664392682957736e-04         3.1452883831177808e-02        -1.1241158225066529e-01         4.1946900773763285e-02        -3.5634504789688666e-02         4.3356908730576305e-01         3.3553738266450119e-02
23                                     3.3560788770130908e-04         7.6728631234215371e-05        -1.7731020936916947e-02         4.5345905715706264e-02        -1.1776756441144622e-01        -3.0435600336001900e-02         3.3553738266450119e-02         5.7951248763872498e-01
24                                    -2.6652848779876734e-05        -1.0607870802351927e-05        -1.6672768965113835e-01         2.3870731488523950e-02         2.1672145170434198e-02        -1.3834658805709119e-02         1.2849707832055388e-02        -2.2438651338326267e-03
25                                    -1.4427726509614811e-04        -9.4846146367771195e-05         3.6703157084979253e-02        -8.6771571788890750e-02        -2.3863483467095308e-03         3.0611941678768628e-02        -4.3281005526692711e-03        -1.6109248066995801e-03
26                                     9.6882675857774218e-05         5.5426730208048237e-05         2.3532478874177726e-02        -2.8045886871826339e-03        -8.9586804649493951e-02        -2.0938949470537000e-02         4.8054880556018748e-03         2.7046268084052402e-03
27                                     1.1502931334774489e-04         5.3560659422571691e-05        -1.7888944793698052e-02        -2.9559313916161515e-02        -3.3383901352815075e-03         7.6596955889096791e-03         8.3845735198472514e-03         2.8538291680849908e-03
28                                    -8.7211881371178530e-05        -4.2451117038375726e-05        -7.6325632704737079e-03         4.8308324981639148e-03         1.4071331775628877e-03        -1.7303438934788556e-03        -4.7112524884865108e-04        -6.0374028612997406e-04
29                                    -1.4219940440379211e-05         5.9682446591599776e-06         1.3670102921917904e-03         3.7065467361838836e-03        -1.3726252201241435e-03         8.1125836259894092e-04         3.2599370818144967e-03         1.4068772976331538e-03
30                                    -4.9691399018103491e-04        -2.3771614288663418e-04         9.1379924876841632e-03        -4.9321199605145607e-03         3.5718039323806095e-03        -4.5193804617773579e-02        -2.1633909317989017e-02        -5.4602312979072469e-03
31                                     3.7761923320485261e-05         7.9248933748449950e-05        -2.0522257198739924e-03        -6.5987677259748360e-04        -5.3048322617835490e-04        -3.1325572333041993e-02         7.7318241674149465e-03         3.8691065147217901e-04
32                                    -3.5414363995783164e-05         2.1676129119648662e-05         1.5571649476032747e-03         1.5867484944074007e-03         2.8577904885351726e-03        -1.2829959689178490e-02        -5.9808713155836898e-04        -8.9154046164631184e-03
33                                     1.6063602307569936e-03         2.1722318248787688e-03        -1.4315239085906168e-02         1.5081543849301070e-02        -4.6703182637335867e-03        -1.8687951145071341e-01         2.6869774414797182e-02         1.7842640548801525e-02
34                                    -3.1787250120399440e-04         2.0242025842563040e-03         2.6217198402591950e-02        -5.2987566064574883e-03        -3.8074186333471901e-03         3.9226046822828514e-02        -8.1423971123913697e-02        -1.3947649881549423e-02
35                                     1.3957994384714251e-03         1.6074170479783705e-03        -1.7074296517328429e-02         3.6344969807075109e-03         4.3917596929034537e-03         1.6696773850039998e-02        -1.5525252839889953e-02        -9.0351277796384036e-02
36                                    -1.6305507900223276e-04        -8.5535748442036510e-05        -4.0544746092609739e-04        -1.2346217425494117e-03        -8.4178606391974165e-04        -3.3819713687905616e-03        -2.7378113424952736e-03        -1.2081356213674982e-03
37                                     4.4567309153398325e-05         4.2212315282569171e-05         9.3018693293913865e-04        -6.1343526995496942e-03        -9.5940905974053396e-04         6.5497267034971213e-04         8.3289689898592527e-05        -4.1302534896723946e-04
38                                    -1.9566641817534173e-05        -1.8744742282773993e-05        -1.0188797298999201e-04         6.3795692293297567e-04         2.0697746598553456e-05        -1.4557576920088929e-04        -5.2437535495355320e-04        -2.2689076889155697e-04
39                                     1.9962094973618815e-04         1.0381303084798033e-04        -2.1154005921316847e-03         7.0021179490204410e-04        -1.2063461905477992e-03         1.1167425275690314e-03         6.3662344305011852e-03         2.1393567347136530e-03
40                                     2.7440641111316590e-05         6.2254860572091321e-06         1.9105140343985642e-04         6.5781574856645358e-05        -5.9225674064185361e-04         4.3305662811869133e-03         1.1564118764885900e-03        -1.5784025518454734e-04
41                                     3.0742979020724758e-05         3.0272913927541526e-05        -5.2770917088666843e-04        -2.4857794852268622e-04        -5.0062679583655909e-04        -5.2799512718889165e-04         6.1982822598384644e-04         2.0406415042276719e-03
42                                    -6.2484410620751224e-04        -3.2624535604815338e-04        -6.1313651287493894e-04        -1.8093249952621055e-03         2.4060443700167915e-03        -1.2671375166649398e-02         1.8629259849434136e-02         2.6555934293988656e-02
43                                    -5.4275055616395608e-05        -6.0176815075515455e-03        -5.1549506846944359e-04         7.2629773445205309e-04        -1.2535155763505369e-04         7.4421326236976601e-03        -2.8016786688594393e-03        -4.4272934811362425e-03
44                                    -5.5768190584901609e-03        -4.2079563114152153e-03        -8.7004461595648844e-04         7.1996569286292104e-04        -5.3236246961202004e-04         1.0782861810903314e-02         9.9009189845989179e-04         9.2762960347690941e-04
45                                    -3.0313716257039610e-03        -5.7446969527619480e-03         4.5881197074191865e-04        -1.5285242739288150e-03         2.3111634655956139e-04        -2.4224705038004293e-02        -8.0156254514730883e-03        -1.8049054355725833e-02
46                                     3.4164615743656280e-03        -6.1891991708228665e-03         4.3383697870112703e-04        -9.4946123156367359e-04         2.0616807597145293e-05         2.2175133621076676e-03         6.4690744560131335e-03         6.0861648404442990e-03
47                                    -6.3918546707434631e-03        -1.3570531355875425e-03         1.5804885222724374e-03         6.1583377688504846e-04         1.5491028122286733e-04        -3.5204646345027915e-03         2.7198943557386686e-03         5.6772185101806542e-03
48                                     6.2577825667343816e-05         3.0972276930827758e-05        -5.9626076874542988e-05        -9.4292605896146480e-04        -6.3579132765825179e-04         1.8713612570175607e-03         1.8480273819162125e-03         4.7830126551685155e-04
49                                     4.3902976460889943e-05         6.6961867187492318e-06         1.2282326596532124e-03         3.6269399816434738e-04         4.0080286547832482e-04         1.1720294406746101e-04        -1.2702235808456964e-04         4.7160088962236159e-04
50                                     7.9480766247892900e-06         1.1178358161084429e-05         2.4514562287256242e-05        -5.0744319471089736e-04         1.8453494402313232e-04         2.5224078595877754e-04         2.3808910962174503e-04        -1.7088536521919480e-04
51                                    -1.5365184264839050e-04        -7.2862309245309246e-05         4.9169019710451991e-04        -5.4072664292429513e-04         7.0946840745398287e-04        -2.0941509618997343e-03        -1.6667202838841788e-03         3.1598251778021478e-06
52                                    -1.3128886732820776e-04        -4.1156663487161571e-05        -1.6108125896182627e-03         5.1505979767018512e-04        -7.0355351888688571e-05        -2.3470799213722838e-03        -1.5277934963472896e-04        -2.4490169115514836e-04
53                                    -1.7276724012332091e-05        -1.8466197230964090e-05        -1.2058909470327907e-04        -1.1420030214457294e-04         4.5992554835176354e-05        -2.1319881877707340e-04        -2.9662761389163722e-04         2.1238923846415084e-03
54                                    -1.3937447762133261e-02        -2.9076632356955887e-02        -2.8179929101775818e-04         2.6461982353198968e-04        -4.7091267748188600e-04         3.2199494452723526e-03         8.0015613459684387e-04        -6.9247165233938136e-04
55                                     7.5534182208615054e-03         3.3846240219246532e-03        -7.8944011225501537e-04        -2.0653027481851464e-04         2.4592507858257982e-05         1.8131474972192269e-03         2.3834999708352033e-03        -6.1404463914653245e-03
56                                    -4.5602518225690628e-04         6.2461324091620078e-03         5.7394118265422780e-04        -4.1199206050789548e-04        -5.0279764139511771e-04         2.0846541878442098e-03        -4.0408382969670566e-03        -1.5765889595815187e-03
57                                     3.1416114108186954e-02         3.7943759773624464e-02        -1.7225778707976023e-03        -5.3591511726790576e-04         2.7388712896165256e-04         1.7579493629959579e-03        -2.6437870046663141e-03        -3.2247461002069019e-03
58                                    -1.3307553927083184e-03        -9.9555037631852122e-03        -5.3939420089093009e-04        -3.7379107939323038e-04        -3.7545658121829651e-05        -3.0298120189813805e-03         3.8467820691856919e-03        -4.2745199715901435e-03
59                                    -6.1717886374579242e-03        -7.8183757488537939e-04         1.4640589917630051e-03         3.1309056652638410e-04        -3.3760870709814012e-04        -1.2793254947689459e-03        -4.9514591286530943e-03        -4.5232624272245137e-04
60                                     3.6834363016383334e-02         9.2639379991784968e-03         5.1385341183773480e-04         8.3550805029620426e-04        -1.1996698147830141e-05        -4.2361290583338099e-03        -1.3929033338293414e-03         5.8106314850899302e-05
61                                    -7.5026062041466834e-02        -3.8234924715853630e-02        -4.2231643624568069e-04        -1.7526244545664621e-04         2.6936185732447955e-04         3.5938788485261205e-04        -1.2404744665241775e-03        -2.5495375007297176e-04
62                                    -4.3448801190313163e-02        -8.9625263715182008e-02        -1.0204662548287690e-03        -1.6617085212536955e-04         6.0442827382677978e-04         3.3856322054826775e-04        -9.5502744046499109e-04        -1.5473996516972243e-03
63                                    -6.0151276170258361e-06        -6.6696912218843635e-06        -6.0146488742288257e-02         8.4845160703760150e-03         4.5897316762599283e-02         1.5386891783643868e-03         3.9197408090219966e-05        -1.1151981939601775e-02
64                                    -1.3512228141240304e-05         2.6327206058517994e-05         9.7467658292888903e-03        -5.7194898706317929e-02        -3.2988099058682760e-02        -3.0555830122375744e-03         2.3575637890974454e-03         2.8428717901027491e-02
65                                     3.1153070562845841e-05         3.4076694192861252e-05         4.4975953545618647e-02        -3.3997013700449621e-02        -2.7735974413134135e-01         2.7554492892961965e-03        -1.6398821205002440e-03        -2.1316899526632484e-02
66                                     1.3139354616137567e-04        -6.3502986280734603e-05         2.5030529595972701e-03         1.3736740476085231e-03        -9.8369988196857182e-03        -6.5090895842088589e-02         8.9616477348510287e-03         5.4934258665935209e-02
67                                     2.5171722787435799e-05        -1.7469219932116347e-05        -3.7957746524526822e-03         2.8171322727156434e-03         2.9028736653996648e-02         7.6745410003016788e-03        -5.1765093668065428e-02        -2.9834946860907458e-02
68                                     8.7333611406103899e-05        -6.0388765397146899e-05         3.4598220346025756e-03        -9.7647519580768699e-04        -2.2510705341804594e-02         5.3996632996197613e-02        -3.1363420034733032e-02        -2.8069355715318411e-01
69                                     1.7712194648284764e-05        -1.8319893238573641e-07        -7.0231126776711204e-03         1.4297821691702337e-02         3.3036913821198444e-02         8.8762449298379880e-04        -2.0638719412990154e-03         1.2234395360839047e-03
70                                     1.1753141064207713e-05         9.5041030626751705e-06         8.2085141492285220e-04        -3.5910991049838466e-03        -7.2617877846811625e-03        -8.7468061115204398e-04        -4.4021374046408247e-04        -1.8028929446080224e-03
71                                    -4.2535328476029158e-06         1.2796432246162288e-06         1.4585876137404655e-03        -3.2880508934081988e-03        -8.3409688525807150e-03        -4.5244205908928723e-04        -1.8810223090277769e-04        -5.8890498546407093e-05
72                                     7.5758280060491063e-05         4.7783874944179417e-05        -1.1629376636419260e-02         2.3536710896339637e-02        -2.3364962219614129e-02        -6.5299195117372952e-03        -1.0085422748145655e-03         1.9483152727008731e-03
73                                    -2.2379659006214721e-05        -2.0743193646491570e-05         1.7959446889169936e-03        -5.1206804634006450e-03         3.2942216462135566e-03         5.1036276148514782e-04         1.5445627784951236e-04        -9.6235644975231280e-04
74                                    -1.0859545649123323e-05        -3.4235414808595106e-06         4.4011752855291457e-03        -6.0037360835753298e-03         4.8141191798323725e-03         1.5825832872453345e-03        -3.0310505878295823e-05         2.1049528753877122e-04
75                                    -8.8755064383890404e-06        -5.9480486080286041e-06         2.7950676242557450e-04        -6.7494629600239756e-05         7.8265767368287942e-05        -6.3131303279934927e-05        -6.2152745304004274e-05        -7.0588738303034495e-05
76                                     9.1724531189941484e-06         1.3459354235730546e-06         5.4159622630717687e-04         4.5481491472660306e-05         2.8022932082177009e-05        -3.5966196843241244e-04         6.3347729634751328e-05        -1.2461291702873904e-04
77                                     3.0522089144636067e-07        -9.1898095673282644e-06         1.2565870619210586e-04         1.5149363552478150e-04         8.3385464601853113e-05        -9.9523655974479518e-05        -6.2518000178171334e-05        -8.1509653863791646e-04
78                                    -7.5261933211785400e-04        -1.1481332286001418e-03         5.6372547619958991e-05         1.2063427528211709e-04        -1.3844968477420665e-04        -1.8233511855762514e-04        -2.5369759493812372e-06         1.7640337185672282e-04
79                                     2.9683989201220403e-04         2.8239556683980443e-04         5.5751500498737170e-04        -1.9117285480187889e-04        -9.7132357395701891e-04        -1.4096598783161366e-03        -2.2808994941824635e-03         1.4150747520216013e-03
80                                     1.3407945637397209e-04         2.2343676810380455e-04        -1.7199345395341138e-04        -1.8082593176789582e-04         8.0678035332203135e-05        -2.1536566281064682e-03         9.4837165447508951e-04        -1.6162987824929554e-03
81                                    -1.4234021235257218e-05         6.2789554028581528e-05         4.0980900388475003e-03        -2.8076636149347446e-02         1.1688709670197837e-02        -2.7393537628049190e-03        -1.5885931829760459e-03        -1.7478046204465981e-03
82                                     3.3067833215174713e-05         9.7201306116594631e-06         1.2399740998112307e-02        -3.1935390780279002e-02         1.8708864175845951e-02        -4.1297039874593836e-03        -2.5485224594970872e-03        -4.7301832088455110e-03
83                                     3.2259491533325304e-05        -2.4514593896609628e-06         9.0092262197267667e-04        -1.7395870970686005e-02         4.4273699923038116e-03        -8.6912298818386813e-04        -6.8006621906042345e-04        -1.0113508168882214e-03
84                                     1.0871503955281253e-03         1.4522537073517643e-03        -1.3676206206059442e-04        -3.6874524044212646e-06        -1.4337520479115393e-04         9.6864476718229529e-04        -1.2218129583478942e-03        -1.3644192056796495e-03
85                                     1.6750594927683648e-04        -4.1080639196048154e-04         6.6054945933751742e-04         5.7512806249045384e-04         4.3677783150725038e-05         1.6970608645329420e-03        -2.7340607145533088e-03         1.3286707353421887e-03
86                                    -3.2805138409259475e-04        -4.3023414399337434e-05        -1.2438168126230960e-03        -9.5177599927091187e-04        -1.9204853050605424e-04         1.0484945048565165e-03         1.9237848286015897e-03        -1.4074946692447018e-03
87                                     1.4740183410393926e-05         8.3337826988784912e-06         1.5959549191406092e-04        -2.4356595240305600e-04        -1.0232451056953326e-04         1.5284426758831594e-04         5.6864529989873172e-05         9.4212475297833411e-05
88                                     5.4825397299378120e-07        -7.3535636985129797e-07         1.9545591702543018e-04        -4.0542702136422157e-04        -1.0585202061761059e-04        -7.2106447262047904e-05        -1.9676836108576117e-04        -1.7186860575290561e-05
89                                     2.2757973669496089e-06        -2.0157911331949118e-06         1.4342015234419553e-04        -1.6586862536854650e-04        -4.0777398796000975e-05        -3.1867414539778384e-05         7.1678435241462514e-06        -4.7024634314702816e-05
90                                    -3.8542011729206325e-04         7.7220132603709850e-04        -1.7126370196039558e-04        -2.4991202422530419e-04         1.4026019095642701e-04         3.9106867314093281e-04        -6.6872030660718477e-04        -1.1212200309105734e-03
91                                    -1.5815426148032032e-03         3.1040367433958493e-03        -4.0165261905711087e-05         8.2141394338374222e-05        -1.5578042063589840e-05         1.3800646905598869e-04         4.6672206135362561e-04        -8.3142753394019504e-05
92                                     3.1929737784910771e-03         3.9865015561520167e-04         1.9587731524241085e-05        -1.0667908987213831e-04        -1.4448822059113728e-05         2.3726602009651980e-04        -6.3208709031028750e-05         3.8650233347539784e-04
93                                    -1.3943161643032928e-05        -7.3548409233298827e-06        -1.2887686449006958e-05         8.7747242465837337e-06        -7.0466671058338603e-05        -1.2640196088524827e-04        -7.0901176259499567e-05        -6.2692577289555178e-06
94                                     2.2560405401182812e-05         1.5754969064219750e-05         3.0721448780096508e-04         2.6167966067861984e-04        -2.0040958459216122e-04         5.6870188510234972e-05         1.6552169425060166e-04         5.9720202839838219e-05
95                                     2.4123075439540925e-08        -6.6895781356140788e-06         5.6977273776158042e-05        -3.9295717336423831e-05         1.9352108738618725e-04         3.7615395807524815e-05         4.1209041856105785e-05         6.5584632334468520e-05
96                                    -1.8231182728392376e-05        -1.0483435677345696e-05         1.7248916536238867e-05        -7.4259175890724642e-05         4.5834693098044475e-05        -2.3539676332695538e-04        -3.0191989963284749e-04        -1.2783065573869186e-04
97                                    -4.5494546622813943e-05        -1.7051433720110306e-05        -1.3672691912126954e-04        -4.7973343173309197e-05         6.9196407234664060e-05        -3.4364141055152572e-04        -3.8056335259937634e-04        -1.7272227451138556e-04
98                                    -7.7489680547484173e-07        -1.1576305831068463e-05        -4.9628215824019009e-06         1.3419729875242074e-05         5.2010957570097148e-05        -6.1097913821147741e-05        -3.7174713766449056e-05         6.9636282754129771e-05
99                                    -4.9624744531511595e-04        -6.0124767984117474e-04         5.7179611552945955e-05         1.3079552166005842e-04         2.4382887109900171e-05         8.2575431653908026e-05         1.5467377870338240e-04         2.0009784749799907e-04
100                                   -1.0243208936866228e-04         4.3862379077786243e-04         6.1423533851477061e-05        -1.0921714009032996e-04        -1.3277837701710250e-04         3.0629305374059511e-04         1.7989666287224464e-04         1.3582316850641366e-04
101                                    1.7894263817595985e-04         1.9847124697577661e-04        -3.8128929705269379e-05        -1.5640489842348661e-04         1.5766345159169172e-04         3.7205008492189684e-04         2.0774832998708882e-04         1.5619463348924036e-04
102                                   -8.9698065325399950e-02        -1.4755496384123895e-01         6.1861180761628724e-05         1.3235873676313472e-04        -6.9072712238716456e-05        -5.3653185292963906e-04        -1.1741502862648974e-04         1.1069537134642373e-04
103                                   -1.1400438250643222e-01        -1.6873955195130247e-01         9.7303288541468957e-05         9.1915658847023735e-05         1.5714609515749944e-06        -7.0379097316768872e-05        -2.6978620423552687e-05        -3.0798342993591495e-05
104                                   -1.6345061086201540e-01        -2.5691524340711153e-01         3.2862449706521518e-05         1.6017478439116998e-05        -9.4581724880467982e-07        -1.5499393387939132e-04        -1.1327734528095081e-04         6.0570318376005489e-06
                                                        24                          25                          26                          27                          28                          29                          30                          31

0                                     -2.7550903173744886e-03        -5.8454397405532394e-03         2.4286606923332068e-03        -4.3081711011698193e-02         1.3473016096964482e-02        -5.7793144816478369e-03        -2.7479398818098233e-01         4.1825141311015182e-02
1                                     -2.6754225366851609e-03         3.4895520852266850e-03        -7.6256471260467001e-04         4.1459694303707537e-02         2.0598182566235242e-03         2.2033244375636966e-03         1.2916986835310958e-02        -1.1104935427883147e-01
2                                     -9.7556290807585639e-05        -1.3568145468715949e-03        -3.2899439606265059e-03        -5.9785761131796941e-03         1.8206479389784452e-03         6.8166046298089658e-03        -3.2425119813090500e-02        -7.1088990270649311e-03
3                                     -3.0193220185963706e-02        -4.2405479163145646e-02        -1.3042290131393333e-02        -9.1153819766273628e-03         4.5125756990728825e-03         3.5641397733657439e-04        -3.8084839437986700e-03         2.1303963908101053e-03
4                                     -8.2283683584363776e-03        -6.1411390417266259e-03        -1.0147312436790755e-03        -2.4119907222417847e-03         2.8983626367666774e-03        -1.0482587720692641e-04         6.4503842486184626e-03         3.8367516561032297e-04
5                                     -3.0877606087495457e-04        -1.6138189159587476e-03         2.9956290026617871e-03        -1.2611067001765119e-04         5.9496494933375301e-04         2.0625414244966529e-03        -1.3064250020413432e-03         3.8689962921483443e-04
6                                      9.4291746295768059e-04         3.0149573329758105e-03         1.2301507227714171e-03        -3.3437899181803774e-02         5.1689546253812890e-02        -4.0190931920888531e-03        -3.3753716987583639e-03        -1.0946303343559722e-02
7                                     -3.2070754505759847e-03        -1.7551899325358679e-03         1.0792122991047453e-03         1.9813414367453631e-02        -7.4028934462218830e-03         1.6519297110624224e-03        -6.6000332037843938e-03         3.7787894887959740e-04
8                                      3.8248003829250365e-04         9.2300729644189186e-04        -3.7180586425637091e-03        -4.2676480419314867e-03         5.6740852035625806e-03         6.8456189603518271e-03        -1.0769420612787616e-03        -1.1337952226896206e-03
9                                      6.1027926884255892e-04         1.1579727553417008e-04        -2.3086442398654542e-04         2.5930512493237174e-03        -4.2906097711155776e-03         6.3795881450138137e-04        -5.6003088591353653e-04         1.1991323788280373e-02
10                                     3.5407719463903688e-04         7.0323275564848501e-04        -4.8421908503226056e-04        -5.3593239217139526e-03        -5.8310775783451023e-04        -2.9837881742049530e-04         3.8275300925553462e-03        -1.9546539811419756e-03
11                                     9.1754088568043568e-05         4.1369983903129411e-05        -1.3834467864397586e-04         3.9239323376506616e-04        -5.4560689616966595e-04        -1.3373453456440585e-03        -1.1038445463678879e-03         1.3043573901171147e-03
12                                     5.9296393271074258e-05         1.2415969248600516e-04        -9.3626025436516691e-05        -2.5453208660574864e-04         1.2137242902140934e-04        -1.0181540019836414e-05         1.0817033886112021e-03        -2.5335836422255703e-05
13                                    -9.8356272163677044e-05        -1.3203381661217273e-04         8.5281324410838835e-05         3.5009128074365019e-04        -1.7941051224357234e-04        -6.7158302534721528e-06        -1.4827087502270655e-03         1.1201713921963515e-05
14                                    -7.5353401991430657e-05        -1.9929821150531333e-04         1.7670793450733308e-04         4.7932931497354081e-04        -2.4176484476979708e-04         2.5012747100972237e-05        -1.9695130128185414e-03         8.9169890308744804e-05
15                                     1.3951930387394270e-04         6.5910618108249840e-04        -4.7935279049754145e-04        -6.9430101570929403e-04         4.2018959272916725e-04         7.6802668701424204e-06         2.8936103430098788e-03        -3.2127952377227701e-04
16                                    -2.6652848779876734e-05        -1.4427726509614811e-04         9.6882675857774218e-05         1.1502931334774489e-04        -8.7211881371178530e-05        -1.4219940440379211e-05        -4.9691399018103491e-04         3.7761923320485261e-05
17                                    -1.0607870802351927e-05        -9.4846146367771195e-05         5.5426730208048237e-05         5.3560659422571691e-05        -4.2451117038375726e-05         5.9682446591599776e-06        -2.3771614288663418e-04         7.9248933748449950e-05
18                                    -1.6672768965113835e-01         3.6703157084979253e-02         2.3532478874177726e-02        -1.7888944793698052e-02        -7.6325632704737079e-03         1.3670102921917904e-03         9.1379924876841632e-03        -2.0522257198739924e-03
19                                     2.3870731488523950e-02        -8.6771571788890750e-02        -2.8045886871826339e-03        -2.9559313916161515e-02         4.8308324981639148e-03         3.7065467361838836e-03        -4.9321199605145607e-03        -6.5987677259748360e-04
20                                     2.1672145170434198e-02        -2.3863483467095308e-03        -8.9586804649493951e-02        -3.3383901352815075e-03         1.4071331775628877e-03        -1.3726252201241435e-03         3.5718039323806095e-03        -5.3048322617835490e-04
21                                    -1.3834658805709119e-02         3.0611941678768628e-02        -2.0938949470537000e-02         7.6596955889096791e-03        -1.7303438934788556e-03         8.1125836259894092e-04        -4.5193804617773579e-02        -3.1325572333041993e-02
22                                     1.2849707832055388e-02        -4.3281005526692711e-03         4.8054880556018748e-03         8.3845735198472514e-03        -4.7112524884865108e-04         3.2599370818144967e-03        -2.1633909317989017e-02         7.7318241674149465e-03
23                                    -2.2438651338326267e-03        -1.6109248066995801e-03         2.7046268084052402e-03         2.8538291680849908e-03        -6.0374028612997406e-04         1.4068772976331538e-03        -5.4602312979072469e-03         3.8691065147217901e-04
24                                     4.7596462795929495e-01        -2.9293514722978871e-02         2.5748552648520127e-02        -1.2258747621657806e-01        -5.0394051740450974e-02        -6.5574315611904247e-03         1.5729732492257620e-02         5.9955086432137705e-03
25                                    -2.9293514722978871e-02         5.3986556180153256e-01        -8.8384363020948768e-03        -5.0176055985805046e-02        -1.7316376255383492e-01        -7.2523608874465427e-03        -1.2828440323409261e-02        -3.1752519766519036e-02
26                                     2.5748552648520127e-02        -8.8384363020948768e-03         5.6653582708746164e-01        -5.0366731306225234e-03        -6.0267552111133056e-03        -6.6441262131765738e-02        -2.3671175029268098e-04         5.2576582801572378e-04
27                                    -1.2258747621657806e-01        -5.0176055985805046e-02        -5.0366731306225234e-03         6.7487125489846111e-01        -1.9690513039518208e-02         5.8734714254050767e-02        -1.5034177469590795e-01         3.2304854925549187e-02
28                                    -5.0394051740450974e-02        -1.7316376255383492e-01        -6.0267552111133056e-03        -1.9690513039518208e-02         6.6839371306211504e-01         3.5993254002157212e-03         9.7850279457455891e-02        -2.8988169275543330e-01
29                                    -6.5574315611904247e-03        -7.2523608874465427e-03        -6.6441262131765738e-02         5.8734714254050767e-02         3.5993254002157212e-03         1.4699444173391218e-01        -9.5659678117668793e-03        -1.4896989009248983e-05
30                                     1.5729732492257620e-02        -1.2828440323409261e-02        -2.3671175029268098e-04        -1.5034177469590795e-01         9.7850279457455891e-02        -9.5659678117668793e-03         6.5269892722346934e-01         1.3944117070963625e-02
31                                     5.9955086432137705e-03        -3.1752519766519036e-02         5.2576582801572378e-04         3.2304854925549187e-02        -2.8988169275543330e-01        -1.4896989009248983e-05         1.3944117070963625e-02         7.2208013214583755e-01
32                                     1.4629477098321506e-03        -2.0691728011872140e-03         2.8441752926396165e-03        -9.0080976564660773e-03         6.9296811062455194e-03        -6.0529927240783668e-02         6.1148695366616712e-02         2.0089766391094489e-02
33                                     3.1675608222722293e-05         1.9668581357172111e-04         3.9987836427119458e-04         1.4904353352785120e-05        -8.1433138086900100e-05        -8.1408698969315197e-05        -6.3440185882720351e-04        -1.6013160794113705e-03
34                                     3.6934196394481332e-04        -4.1716127573447493e-03         3.4978305655723454e-03        -1.1559647009263367e-03        -3.4514027281437186e-04        -5.5919577921059239e-05         5.5833805746909439e-04        -5.0125022230214566e-03
35                                    -1.3547120654407337e-04         2.5699658410632698e-03        -1.4031995910649313e-03         1.4851521566780040e-04        -1.8769040530901282e-04         1.0450472250644982e-04        -1.7279947368013812e-03        -2.2616286906083543e-03
36                                    -1.9379054272282901e-02        -1.0686356767371397e-02        -1.0971059851399220e-03        -2.9984773786139218e-01        -4.7966726813054597e-02        -2.6900638307916072e-02        -2.5342610203455209e-02         9.0701388099194827e-02
37                                    -2.9193321488845965e-02         5.0702207543158687e-03        -3.8952930377886483e-03         1.9048013706402425e-02        -1.1792549902270338e-01         2.9831818297098795e-03         3.6448576382576509e-02         3.3432528523118246e-02
38                                    -2.4495133503974458e-03        -5.4036146578769189e-04         2.2451251768609085e-03        -2.7864218592714415e-02        -6.2546194459320607e-03        -6.7867733496575780e-02        -2.0990411635825202e-03         1.0918635091798367e-02
39                                    -1.0575131323039661e-03         3.2004746028829216e-03        -9.4993567235408783e-04         5.1741622002304866e-02        -2.1378228832000249e-02         6.2869080593376640e-03        -1.5291789733946115e-01        -4.7462103972638836e-02
40                                     3.2033813343084220e-03        -3.3821427363458709e-04         9.9823734421749556e-04         1.6350961096585341e-02        -4.7394236410781873e-02         2.1598335825491928e-03        -1.1247275024039302e-01        -2.8303152579914936e-01
41                                    -2.3552063270600301e-04         1.4798341519153195e-04         5.6479901330213321e-03         5.5712921090053120e-03        -2.5421063358793336e-03         6.5044151135060617e-03        -1.2966577338901303e-02        -1.0178779526901022e-02
42                                     6.3230400044552012e-05         4.6879845303325813e-04        -3.9008682791199129e-04        -1.7404472683852317e-04         2.5348519425160213e-04        -9.8374133121298683e-05         9.7503986539178734e-04         5.5172750042585929e-04
43                                    -9.8811947893563310e-05         1.1286731108927576e-04        -2.0937800195590405e-04         4.9413978437504408e-05        -2.0984967833541108e-05        -1.2009913316040174e-05        -6.0172946325000103e-04        -2.1922526926605008e-05
44                                    -1.8405677994267537e-05         4.9234356395939731e-04        -6.4900114634797645e-05         1.8701222281481485e-04         5.0632759793165991e-05         1.5877372652730709e-04        -6.5605200513679340e-04        -2.6603795422802342e-04
45                                     1.3698841739309762e-04        -1.2874857348264823e-04        -3.6645470986006157e-04        -1.8674531739625749e-04        -2.0198210473552566e-05         4.0379368197482026e-05         9.4688121234869950e-04        -1.5573084879885422e-03
46                                     1.9176418634548340e-05        -3.3211359229299209e-04        -1.2504892299842254e-04         5.6630783385776555e-05        -7.4282853005667787e-05        -9.2910777395709549e-06        -5.4361111414210511e-04         4.9857596283339777e-04
47                                    -1.8619650855259545e-05        -3.7868428513172336e-04         2.7607792546427743e-04         2.6678981988753202e-04        -6.1781449670057168e-05         9.1799263203686649e-06        -3.6796832723263941e-04         6.0998551665325193e-04
48                                    -4.5447119089474537e-03         3.3107241851780145e-03        -2.2814853866604977e-04        -2.4486242016185274e-02        -2.2527772330608861e-02        -3.8799699345876074e-03         2.2370892326473261e-03        -2.1357252027925672e-03
49                                     2.3964875659954945e-03         1.1757192663941034e-03        -6.9612577523108475e-05        -6.1773807654748068e-02         3.0756421979527302e-02        -7.2681983556102565e-03        -3.3950823336327952e-03        -6.5040591710145632e-02
50                                    -1.2373410032898761e-03         6.3161155913481074e-04         4.4824963229298312e-03        -4.2378171499713995e-03        -2.1540434731525801e-03         4.8781253886165839e-03        -8.7422560559352602e-05        -1.2484658757259473e-03
51                                    -1.4577201616118281e-03         1.6544964571640094e-04        -1.9426383839816797e-04        -4.6659774253449131e-02         3.0524703279788321e-02        -6.3553455520591207e-03        -3.4630390264472330e-02        -8.4758618749278300e-02
52                                     5.6170305104718665e-04        -1.5111326784688723e-03         1.1680228536637208e-04         3.1986980910371471e-02        -1.7541617401277868e-02         3.4886140530696035e-03        -2.8019220652299979e-02         4.6604703386644401e-02
53                                    -3.4274847248690806e-05         1.2172185303816065e-05        -1.4172060066117407e-03        -5.5582688817102923e-03         3.4156649173020959e-03         2.1395891631080339e-03        -3.7039593423860867e-03        -9.5078741952386234e-03
54                                    -1.0433431511055143e-04         3.6368234706584044e-05        -3.5931901316452425e-04         1.8259407813271070e-04        -2.3628705360227459e-05         2.3427566276619683e-05        -5.5081793895586683e-04        -3.1767735433269143e-04
55                                     5.9692075858899319e-05         3.0129155141188487e-04        -2.4796220289784361e-04        -5.2375825352776045e-04         2.4528728748946351e-04        -2.1116642864518515e-05         1.9245444825400446e-03         1.3311736045240607e-04
56                                     1.0245182406684345e-04         7.2952167589775650e-06         4.4202889375137035e-05        -6.4444152131447959e-04         2.5972093451393516e-04        -5.1656271294994900e-05         2.5486043761783579e-03        -1.5742033552332637e-04
57                                     2.3323013081955881e-05         3.8698198377377382e-04         1.8618077736496687e-05        -9.4256838356562150e-05         3.9258579715061893e-05        -3.9410565789355393e-05         3.0669698016031551e-04        -1.2435123252655354e-05
58                                     9.7217058979952271e-05         1.0216072345980743e-04        -1.2408679191032381e-04         8.4566208332252603e-05        -7.4941989020757354e-05         9.0004232863214958e-06        -1.9177729552140462e-04         3.5610269568131319e-05
59                                    -3.1926621598886993e-05        -4.0987346822169671e-04         1.5159970002189295e-04        -7.5519467229097717e-05        -7.4102967013205991e-05         1.6694863102366148e-06         4.2635685226417343e-05        -4.3301058718452491e-04
60                                    -9.0338810674006577e-05        -4.3310469876843430e-04         3.7167275000311297e-04         5.7664441399279042e-04        -3.3690239798876177e-04        -2.2099097167614591e-05        -2.3120122391777718e-03         3.0288514332641868e-04
61                                     6.4155075525293686e-06         1.4669465579872341e-04         4.0712053063481139e-05        -3.1758842611143135e-05         5.3307901988033983e-05         1.4823500769084968e-06        -1.4250238753306277e-06        -6.3704075431812718e-07
62                                    -1.1031734680174305e-05         2.6896673886154691e-04         3.1862124996413591e-05         3.7590842875565673e-05         3.6041237915446570e-06        -3.2968792280669212e-05        -2.2342041483350598e-04         9.7888115039407113e-05
63                                    -6.6987176529287890e-03         6.6405473822355870e-03         3.1796273784742340e-02         1.4613510309174158e-03         1.0532318560705395e-03        -2.3403425206511806e-04        -6.1046106603925780e-04         4.3022038714919490e-05
64                                     4.1898130412824980e-03         1.2953593979316922e-03        -7.1917564820293094e-03         2.2122080138665324e-04        -1.2681490329992905e-04         2.3891378353755764e-04         6.9477643565930337e-05        -9.0850326164435086e-05
65                                     4.2113805138532107e-04         4.9367522894869405e-04        -4.3944384957179299e-03         3.6728229672885332e-04        -5.0353552992373190e-04         8.1197679832283650e-05         6.0193080119584456e-04         2.4855133210672522e-04
66                                     7.7387797955695418e-04         6.7585760491348928e-05        -1.1227527348870079e-03         1.9494609872385557e-04        -1.7228986469247816e-04         8.7550146229441834e-04         5.1110453493633367e-03        -3.7208002474196868e-04
67                                    -1.2295368485424544e-03         9.6534335454063558e-04        -2.3264649117549305e-04        -4.5242559994279716e-04         4.9742553794537576e-04        -6.1875538601898947e-05         6.5550579041213216e-03        -2.8852775462767362e-04
68                                     9.3281783449696790e-04        -1.4176595638702239e-03         5.3527034221581993e-04        -7.6847174569058953e-04         3.7574919568517454e-04        -1.5711582642416585e-05         3.4070047944141616e-03        -5.4736017487443242e-04
69                                    -4.8794486456175803e-02         9.3703178792380951e-03         1.6849998456702913e-02         1.6657204970839904e-03        -9.3685529858798175e-03        -1.6367627870375864e-02        -2.0640243310031865e-03         7.3555219222689488e-04
70                                     1.3476507198664785e-02        -8.7768950107628640e-02        -9.3555334465622572e-02        -1.9181347699863413e-03        -1.7786403437412640e-02        -2.2998147964133860e-02        -3.6926868581138913e-03         3.6545938401397280e-04
71                                     2.0881525921653710e-02        -9.0063662962384883e-02        -2.5608245902919319e-01        -2.4267458181840597e-03        -2.3206584318516271e-03         4.5270506020089057e-03        -3.9401965486615762e-04         1.4412704336701884e-03
72                                    -7.7727613257593170e-02         5.8150255503933532e-02        -5.9079890443271180e-02         7.2836086251219937e-03        -1.2892427340902554e-02         1.2457472348717672e-02        -3.9486654065605835e-03        -1.5413524250556599e-03
73                                     5.7958276111152160e-02        -1.5763104482536455e-01         1.1282995625264478e-01         6.8762390072582853e-03        -2.3582459387485204e-02         1.5957753419681087e-02        -4.5939891256485278e-03        -6.2545957434536215e-04
74                                    -5.8376223935911083e-02         1.1357842409879680e-01        -1.6400317372274598e-01         2.2458148954741875e-03        -2.5348483527519519e-03         3.6254846277515808e-03         6.7087386408979603e-04        -7.9012802310201051e-04
75                                     5.4458265795946008e-04        -5.4234904268542520e-04         3.4470174662319750e-06        -1.6417351270779645e-03        -2.5666852813508957e-03        -6.9170268780352918e-04         1.1525892976729818e-02        -1.4735574538388620e-02
76                                     1.0041671497916756e-03        -4.8755551235474975e-04         1.6933229876496167e-04        -4.2402838529407997e-03        -2.3514998069946395e-03        -5.7989326673290394e-04         1.7227123928267127e-02        -2.0323009191626575e-02
77                                     8.0326014609398153e-05        -1.9164665205705669e-04         7.1655033281119575e-04        -1.0608653490983113e-03        -3.8549494858729124e-04         4.4600732499018095e-03         1.9203658364231602e-03        -2.1348959537091901e-03
78                                    -1.3019636852452466e-05        -8.3860319938754146e-07         3.6733274475337372e-05         2.4735983736019437e-04        -2.8998642096558780e-06        -1.8155103500598234e-05        -1.2064225286924743e-03         6.4441237933307756e-05
79                                     8.1473763544422768e-05        -1.6602288787417614e-04         3.2421692746924951e-04        -1.0667617307832109e-04         3.5279674954629553e-05        -2.4876943895505983e-06         6.7022726562585597e-04         2.0826049460171683e-05
80                                    -2.9853645403802166e-05        -9.5021380211821917e-05        -3.2293793996786909e-05        -4.8051973930012047e-04         6.4857279614143233e-05        -9.4082037483344443e-05         1.3749714050422124e-03         3.9868461772724290e-04
81                                     1.3136639883325255e-03        -1.6796148147568361e-03         1.3943293100321791e-03        -4.8723230405240807e-04         5.4591689435472984e-04        -2.6387424024715430e-04         1.8486640610904683e-03        -2.5894588493776413e-04
82                                     2.0329989260127555e-04         3.1058991635129866e-03         5.4959120869999076e-04         8.2438885816513022e-04        -2.5953483869934789e-04        -3.7226913671878619e-04         1.1504927263755668e-03        -1.7585930470366199e-04
83                                     1.3447500415059415e-05        -6.8831960502996337e-04         9.0139116933112473e-04        -1.0642006251105783e-04         4.3200404522701543e-05        -3.5804916830306028e-04        -2.4534167334150370e-04         4.8931712450193123e-05
84                                    -2.7684219695883598e-05        -4.3494607106054489e-05         5.6736927799272679e-06         2.7038058813592296e-05        -3.8270531131305791e-05        -9.7340370578647643e-06        -2.5191855579976001e-04         3.8462149684288848e-05
85                                    -3.9257118079678963e-05        -1.0943391552285060e-04         7.9902542741111353e-05        -2.8398357369994283e-05        -5.5381029826686440e-06        -1.1918742153156289e-05        -6.9059989808644556e-05        -3.4271048823157862e-05
86                                     7.8790634718481790e-05         2.7765517462308023e-04        -9.7287654007474200e-05         5.6252845802678454e-05        -3.9858925672710613e-05        -1.4141620751663897e-05        -4.4915894420935291e-05         4.4438489171753719e-05
87                                    -4.8782555730061310e-04         5.9303545628662958e-04        -1.2060460212302317e-04         8.4091990691778380e-04        -2.8632625200896798e-03        -5.2644906000228202e-04         8.5889406976968809e-04        -3.3496542130997909e-05
88                                    -1.2649270476613509e-03         6.7064338491293406e-04        -3.2157163660081293e-05        -1.5898447275400638e-03        -4.3352987245704726e-03        -3.3648780254734987e-04        -2.8562136416859134e-04        -1.7329865666141362e-03
89                                    -3.5015837461786482e-04         2.8346091179660667e-05         7.4192230756223154e-04        -1.1361255070180319e-04        -5.8383692880069761e-04         5.0993243494627267e-03         1.8132880519739674e-04         1.2433867236256592e-04
90                                     3.7507201312506695e-05         9.7955784429612676e-05        -7.3697905860595908e-05        -1.0028634549039139e-04         4.6321084564869639e-05         1.6188480310003455e-06         4.3196300805078990e-04        -1.6220547588028061e-04
91                                    -3.3548138608117603e-06         1.0157461061894614e-05        -5.4724480016976607e-09         1.0410791682264643e-06         1.8553778823977461e-05         3.4857388697847572e-06         6.7974461311530367e-05         2.8951739211052817e-05
92                                     1.2020257452556083e-05         7.4778210624707082e-06        -1.3321028506924418e-05        -3.4778837720854340e-05         7.3253916921126386e-06        -1.3913338644324117e-06         1.0711082688272342e-04        -5.4646481936244809e-06
93                                     1.8983256502039941e-04         1.6308219625045745e-04         2.3966319260467677e-04         1.8718069582278358e-03         3.1865765021511176e-03        -1.7777842451034091e-04        -1.3701355927693113e-03        -6.4875696372574938e-04
94                                    -8.0828588511243642e-04        -2.6706518971467705e-04         3.3495589335530754e-04         1.5037809657821484e-03        -6.9466842256360279e-03         2.1836503728181488e-04         2.1340275273645762e-03         1.3974312533513269e-03
95                                     3.0668022830631996e-04        -2.7773720481375364e-04        -3.1218362676358987e-04        -6.0506774544408963e-05         7.2040220530904882e-04         2.4722975716772551e-03        -2.0789742197483243e-04        -3.5512745729974609e-04
96                                    -5.1815133126661256e-05         4.6904859248480266e-05        -5.0988653408740492e-05        -3.5239373288591851e-04         3.5404905558746903e-04        -2.0253059905811130e-05        -1.1512594877680585e-03        -4.8928988378856095e-04
97                                    -1.4816444946347870e-04        -6.8363397178004132e-05         2.9213897162450606e-05        -3.1014963378670282e-04         7.1239343138110138e-04        -7.6227294272334365e-05        -3.8470393451077792e-04        -1.5293974498294786e-03
98                                     8.6971415052279741e-07         1.1445278519590674e-05        -6.4376404534114887e-05        -4.3440362480230718e-05         6.9731187479633069e-05        -7.7085505859097596e-05        -3.4378452965754913e-05        -7.3367615379068087e-05
99                                    -1.0259648775533497e-05        -9.2103262752840816e-06         6.6080159611892541e-06         9.1166250693129613e-05        -2.8582014959979089e-05         6.7940036663745665e-06        -3.0781652574726802e-04         2.9148573398809011e-05
100                                    3.2462473872409278e-05         4.2653060896486556e-05         5.5361291745235040e-06        -9.2776073866085863e-05         3.6016362623090669e-05         1.2427003899930937e-05         4.3735391086945964e-04         5.1135282950915523e-05
101                                    1.3643266129217762e-05         4.9956217380503010e-05        -4.6029822738749690e-05        -1.4745350345617277e-04         6.9732691961974132e-05        -1.9192708526747542e-05         5.7855452606409767e-04        -3.8685963624565667e-05
102                                   -1.7825371278748915e-05        -7.0568598771965189e-05         4.8887179655099778e-05         1.0878565341567706e-04        -6.3419959512049998e-05        -2.0593290979836212e-06        -4.1184532872050425e-04         5.2671870806117059e-05
103                                   -1.4092546258173515e-06        -1.7252872470342436e-05         1.1204394109500795e-05        -1.0878350360855426e-05         2.7280919043311692e-06         3.9668268182986642e-06         4.0253475950250317e-05         1.4824794666201202e-05
104                                    4.3069129370570426e-07        -2.2253282395182398e-05         1.8402073136427406e-05        -2.0354576075116201e-06        -4.4093846413052751e-06        -5.5781895926524023e-06        -1.1619304296797868e-05        -8.9299316501908815e-06
                                                        32                          33                          34                          35                          36                          37                          38                          39

0                                     -2.0635988030578124e-02        -3.2605433422493155e-02        -3.7425948172181520e-02        -1.5609739937702847e-02         8.6300097746979890e-03        -4.8396410714612783e-04         1.6021140640025530e-04        -5.1183826999313474e-02
1                                     -8.3055153220400642e-03        -7.1775447054355061e-03         3.6133107011170982e-03         1.2277387276796552e-03        -5.9161087716281761e-03        -8.9851148838011406e-03        -1.1190749655916119e-03        -4.7091563546816928e-02
2                                     -4.6091595522507522e-02        -4.1910518922344750e-03        -1.0241512524480226e-03         1.4176667765709826e-03         1.1666756875493593e-03         7.3970523713143689e-04         8.3098078698561860e-03        -7.3912331259369662e-03
3                                     -5.4101782796187525e-04        -6.7717645139931250e-04         1.0376447431908200e-03         5.3755781370912106e-04         9.3101632807446582e-04        -3.7988273795040162e-03         5.4595510818116822e-04         3.0848057065948356e-04
4                                      4.5744756248941452e-04        -1.4166575661397514e-03         1.3323434874763741e-04        -1.9460105290407389e-04         1.1967127196268383e-03        -1.3456272722550231e-03        -2.4667796407908940e-05        -1.3413680802439351e-03
5                                     -6.5395514201461373e-04         1.4907242100065728e-04        -6.6228683374871546e-05         7.2802151734057763e-04         4.0989655168908621e-04        -3.4647856841183247e-05         2.3034729200152018e-04         4.0349263653369498e-04
6                                     -5.5719334385606221e-04         7.6506641202962310e-05        -1.1400793418694650e-04        -2.1390293842887939e-05        -1.4179484408677909e-01         1.0051319086986996e-01        -1.0724758649346246e-02         2.8955722966372459e-03
7                                     -6.6758279612596778e-04        -1.9552056725752939e-05         3.4260915962194664e-04        -4.9453309246569517e-05         4.5636497590725286e-02        -2.7428330170749038e-01         1.1763370999378457e-03         4.4345280920788941e-03
8                                      3.9505769914993548e-03         2.0433901653997327e-05        -3.1087014490241725e-05         1.8474567909525246e-05        -1.1717175529146912e-02         9.0803683590588227e-03        -4.5215617662098181e-02         4.8665221158911658e-04
9                                     -9.8249363788923240e-04         7.4931386670817196e-05        -3.0841104096409233e-04        -8.1350531409902192e-05        -9.0150850476832245e-03         1.8359893884288062e-03        -1.3186922130142490e-03        -3.2432034853156350e-02
10                                     2.4531929628910276e-04         2.2910568530932628e-04        -7.1270068485199676e-05         1.8861691741075507e-05         8.1081865234918695e-03         4.0554718517248761e-03         1.0254099165410860e-03        -1.2932078696908073e-02
11                                     7.9450572993099225e-03         4.2351355418551945e-05        -4.4196133798558179e-06         2.6033126644838239e-07        -1.2659576345103174e-03         3.2602669238849386e-04         3.6202926770976607e-03        -5.3753494475560536e-03
12                                     1.4437511467107296e-04        -4.8173789549814019e-03        -2.6566030336942297e-03        -6.5389893598967281e-03         2.8479166484792623e-04        -9.7281469335648747e-05         3.4396765929251352e-05        -3.2637066782781289e-04
13                                    -1.4963263339280971e-04        -2.7482866275564200e-04         4.8916930576016013e-03        -4.0069708819523049e-03        -4.0051108607501722e-04         7.0208795858706197e-05        -5.9949026214873850e-05         5.1243736005612318e-04
14                                    -2.4873532180124096e-04        -1.8874723230874425e-03        -4.4821550382678141e-03         1.2028181019304220e-03        -5.1802027127352155e-04         1.6813428674000499e-04        -8.5053374421620716e-05         6.2736401651366114e-04
15                                     1.9574383420095019e-04        -4.2002341989290353e-03         3.2235574519684377e-03         5.9341321658139086e-03         8.8323994703781445e-04        -3.8197585277579632e-04         1.0019048594349088e-04        -9.8966658998051924e-04
16                                    -3.5414363995783164e-05         1.6063602307569936e-03        -3.1787250120399440e-04         1.3957994384714251e-03        -1.6305507900223276e-04         4.4567309153398325e-05        -1.9566641817534173e-05         1.9962094973618815e-04
17                                     2.1676129119648662e-05         2.1722318248787688e-03         2.0242025842563040e-03         1.6074170479783705e-03        -8.5535748442036510e-05         4.2212315282569171e-05        -1.8744742282773993e-05         1.0381303084798033e-04
18                                     1.5571649476032747e-03        -1.4315239085906168e-02         2.6217198402591950e-02        -1.7074296517328429e-02        -4.0544746092609739e-04         9.3018693293913865e-04        -1.0188797298999201e-04        -2.1154005921316847e-03
19                                     1.5867484944074007e-03         1.5081543849301070e-02        -5.2987566064574883e-03         3.6344969807075109e-03        -1.2346217425494117e-03        -6.1343526995496942e-03         6.3795692293297567e-04         7.0021179490204410e-04
20                                     2.8577904885351726e-03        -4.6703182637335867e-03        -3.8074186333471901e-03         4.3917596929034537e-03        -8.4178606391974165e-04        -9.5940905974053396e-04         2.0697746598553456e-05        -1.2063461905477992e-03
21                                    -1.2829959689178490e-02        -1.8687951145071341e-01         3.9226046822828514e-02         1.6696773850039998e-02        -3.3819713687905616e-03         6.5497267034971213e-04        -1.4557576920088929e-04         1.1167425275690314e-03
22                                    -5.9808713155836898e-04         2.6869774414797182e-02        -8.1423971123913697e-02        -1.5525252839889953e-02        -2.7378113424952736e-03         8.3289689898592527e-05        -5.2437535495355320e-04         6.3662344305011852e-03
23                                    -8.9154046164631184e-03         1.7842640548801525e-02        -1.3947649881549423e-02        -9.0351277796384036e-02        -1.2081356213674982e-03        -4.1302534896723946e-04        -2.2689076889155697e-04         2.1393567347136530e-03
24                                     1.4629477098321506e-03         3.1675608222722293e-05         3.6934196394481332e-04        -1.3547120654407337e-04        -1.9379054272282901e-02        -2.9193321488845965e-02        -2.4495133503974458e-03        -1.0575131323039661e-03
25                                    -2.0691728011872140e-03         1.9668581357172111e-04        -4.1716127573447493e-03         2.5699658410632698e-03        -1.0686356767371397e-02         5.0702207543158687e-03        -5.4036146578769189e-04         3.2004746028829216e-03
26                                     2.8441752926396165e-03         3.9987836427119458e-04         3.4978305655723454e-03        -1.4031995910649313e-03        -1.0971059851399220e-03        -3.8952930377886483e-03         2.2451251768609085e-03        -9.4993567235408783e-04
27                                    -9.0080976564660773e-03         1.4904353352785120e-05        -1.1559647009263367e-03         1.4851521566780040e-04        -2.9984773786139218e-01         1.9048013706402425e-02        -2.7864218592714415e-02         5.1741622002304866e-02
28                                     6.9296811062455194e-03        -8.1433138086900100e-05        -3.4514027281437186e-04        -1.8769040530901282e-04        -4.7966726813054597e-02        -1.1792549902270338e-01        -6.2546194459320607e-03        -2.1378228832000249e-02
29                                    -6.0529927240783668e-02        -8.1408698969315197e-05        -5.5919577921059239e-05         1.0450472250644982e-04        -2.6900638307916072e-02         2.9831818297098795e-03        -6.7867733496575780e-02         6.2869080593376640e-03
30                                     6.1148695366616712e-02        -6.3440185882720351e-04         5.5833805746909439e-04        -1.7279947368013812e-03        -2.5342610203455209e-02         3.6448576382576509e-02        -2.0990411635825202e-03        -1.5291789733946115e-01
31                                     2.0089766391094489e-02        -1.6013160794113705e-03        -5.0125022230214566e-03        -2.2616286906083543e-03         9.0701388099194827e-02         3.3432528523118246e-02         1.0918635091798367e-02        -4.7462103972638836e-02
32                                     1.6643826400561446e-01         3.7534308912587187e-04        -8.7289157008229874e-04        -3.3307194815835727e-04        -2.3258489154416567e-03         3.8731326288643213e-03        -5.3577238276638420e-03        -1.3613850140090183e-02
33                                     3.7534308912587187e-04         6.4204748042070958e-01        -2.9401015034363202e-02         4.6692368206685722e-02        -3.0918247686477409e-04         9.8994236236790364e-05        -1.0859830384370964e-05        -2.5198223966696150e-04
34                                    -8.7289157008229874e-04        -2.9401015034363202e-02         3.5229833752779721e-01         2.4774541188593957e-01         2.3024739696879664e-04        -1.2699991154460004e-04         1.6327386526333306e-04        -1.7582382747857268e-03
35                                    -3.3307194815835727e-04         4.6692368206685722e-02         2.4774541188593957e-01         5.0403659527743172e-01        -1.5066057997285582e-04         6.5064106082522147e-05        -6.7158811087574298e-05        -6.1440739239642132e-04
36                                    -2.3258489154416567e-03        -3.0918247686477409e-04         2.3024739696879664e-04        -1.5066057997285582e-04         7.0481044497659640e-01         1.7668972774329487e-02         6.4938924467846326e-02        -5.0233627829590372e-02
37                                     3.8731326288643213e-03         9.8994236236790364e-05        -1.2699991154460004e-04         6.5064106082522147e-05         1.7668972774329487e-02         7.0234286721017902e-01         9.1516441629837294e-03        -2.7043591518221610e-02
38                                    -5.3577238276638420e-03        -1.0859830384370964e-05         1.6327386526333306e-04        -6.7158811087574298e-05         6.4938924467846326e-02         9.1516441629837294e-03         1.6432932633419345e-01        -6.1683004142771454e-03
39                                    -1.3613850140090183e-02        -2.5198223966696150e-04        -1.7582382747857268e-03        -6.1440739239642132e-04        -5.0233627829590372e-02        -2.7043591518221610e-02        -6.1683004142771454e-03         7.1078635538794321e-01
40                                    -1.9221348739551686e-02         2.6211137162318523e-04         6.3270245245245036e-04         2.8011798362010429e-04        -2.7047506113073785e-02        -1.2020111048232408e-02        -3.1577013224292887e-03        -2.8435642387572617e-02
41                                    -6.0093399760229843e-02         4.1468153216889171e-05        -4.3065446541551411e-04         2.2603733643885477e-05        -6.8541232460832997e-03        -3.7300013167219947e-03         1.3987869278984932e-03         7.4170304812711529e-02
42                                     6.0490506846491699e-04        -1.3764604115048440e-01         2.4813992320915398e-02         1.5474756782813931e-02         2.8827769298915258e-04         7.2152556304934216e-06        -9.3362644808803186e-06        -1.1011217992339313e-04
43                                     2.8816201924838046e-05         5.7797126004094312e-02        -1.4803753723659679e-01        -1.1671024874229191e-01        -3.7274879504788560e-05        -1.0736461550760407e-06         2.6304996344647585e-05         6.6850488310143594e-05
44                                    -1.5619605086800137e-04         6.3982284336912290e-02        -1.2205954917606127e-01        -2.1099123735847641e-01         3.8508964744134655e-05         8.5110581426183244e-06         4.7369926867606307e-05        -2.3006698886723589e-04
45                                    -2.8359395433357219e-05        -2.1695715929371440e-01        -3.3467478798413122e-02        -6.8738725335225265e-02         2.1724875430613423e-04        -9.6528142076082366e-05         2.2872060132747855e-05        -6.3779745118241961e-04
46                                    -1.0300922197937777e-04        -6.9368076988449115e-02        -1.1203127745584188e-01        -8.4859048792053415e-02        -1.1678117207021348e-04         2.4071224839013043e-05        -2.2691251025151488e-05         2.5126472815270318e-04
47                                     1.3837776762189792e-04        -1.1948636888356873e-01        -7.9817241185934085e-02        -1.8820352562990320e-01        -2.0594777119825342e-04         4.5160275624539720e-05        -1.7706821851333878e-05         4.7881792614960707e-04
48                                    -2.3297752969954691e-04         1.1013854643214939e-04        -1.2683719052763179e-04        -2.1233006133411221e-05        -2.0199299766218581e-01        -1.3587100204168476e-01        -1.9543972100540999e-02        -2.0453767667132847e-02
49                                    -3.9625013429737412e-04         1.1830036720151193e-04         1.6400083111509642e-04         6.1744801379488563e-05        -6.3319332537312534e-02        -2.6132595224789734e-01        -1.0706556249663043e-02         6.4380973189557461e-02
50                                     2.4196577278352100e-03         3.8945664473977225e-05        -6.4461049203552032e-05         3.0957778248257737e-05        -1.8689363377709396e-02        -1.9272940221840458e-02        -5.6494743435239830e-02        -2.3764063724774137e-03
51                                    -3.3319505081746822e-03        -9.6935349810488335e-05         3.5075122863221169e-04         4.2637658762526291e-05         7.5322930150663256e-02         2.2450386690428644e-02         9.4329530681976151e-03        -3.3157079442170950e-01
52                                    -2.8052053756514274e-03        -3.4790888241794434e-04        -4.8797622736226030e-04        -2.5308410094840121e-04        -3.4687713376507459e-02        -6.3195058365473109e-02        -4.7652948419689596e-03        -1.1489927755817187e-02
53                                    -6.3697871769460360e-03        -8.4142338302276894e-05         5.5713820958452450e-05        -3.3231771246915705e-05         9.2270692006969340e-03         1.7357234834970289e-03        -5.1274493929418241e-03        -3.2187432451825496e-02
54                                    -1.6975059767544568e-04        -2.4699220893285995e-03         4.9079588569662463e-02         7.1680223566905565e-02        -7.3425296392166218e-05        -4.4080397538879807e-06        -2.8485520551222078e-06         7.6634165827717401e-05
55                                     4.0372125207407093e-04         2.2597080744763104e-02        -2.1068861128279385e-03         5.0237787271346403e-03         4.7301688103644946e-04        -1.2316047331599857e-04         4.6389554250399434e-05        -5.7997629207726489e-04
56                                     2.5771945196806378e-04         3.0908973112593423e-02         7.3579975294413152e-03         1.5716096167871594e-02         6.2265977926384336e-04        -2.1703295879703301e-04         8.9720280282625452e-05        -7.4098674514951252e-04
57                                    -3.4796673083466699e-05        -4.9071649835571954e-02        -2.8252205184619364e-02        -4.8713339550311471e-02         6.9969810870702635e-05         5.1681478123962767e-06         3.1104162154660256e-06        -1.2298449757184850e-04
58                                     1.3797729076867263e-04         2.1007217491145289e-04         2.1335688841554516e-02         2.2612544876881722e-02        -5.5003306660810760e-05         1.1396183531825639e-05        -1.8300552283211633e-05         9.9859195164170409e-05
59                                     2.6358535205188294e-05        -1.0070224281604482e-02         1.8583569399903993e-02         2.8709058870313976e-02        -1.8389081410696384e-05         8.2660538689883632e-06        -9.5581152708665339e-06        -1.1341930779403602e-04
60                                    -1.0739767349413737e-04        -6.7834919934170457e-04        -1.1339663552888244e-02        -1.7373427133986305e-02        -7.4481217475351512e-04         3.3563677076865013e-04        -9.1768079555129838e-05         8.2246920005069274e-04
61                                    -4.4008275559051125e-05        -1.1405419124938367e-02        -1.9666713891321044e-02        -3.0078106783337100e-02         4.7835492737807972e-05        -5.1421316120637148e-06         8.7468414480756361e-06        -6.9974089806018353e-05
62                                    -6.4353427503327523e-05        -1.6463879131815504e-02        -2.8978000534527332e-02        -4.3835569462213286e-02        -3.9878492398426313e-05         3.3941696535457952e-05         2.0129799154804448e-06         4.4043443299595476e-05
63                                     9.3933517199574492e-05         1.1625219238884316e-03        -6.6091972811584609e-04        -6.4124206012722870e-04        -4.5924154598043815e-04         5.8694207227484715e-05        -3.2970726666252165e-04         3.9677983945944747e-05
64                                    -6.0031311256477293e-05        -1.7158369301692291e-03         9.8239682699869778e-04        -5.8571409668410753e-04         2.2300355952153852e-04         3.0940147856355359e-04         9.6138499325128289e-06        -4.8222171050160147e-07
65                                    -2.4569441541310059e-04         1.3700540870487830e-03        -5.1329899920427979e-04         9.1998631460497599e-04         3.2752491529906488e-04         2.3896093300940333e-04         1.7478052322351988e-05         8.4759300380119547e-05
66                                    -1.7586790654463883e-03        -8.8767608467944063e-03         7.2089217789727414e-03         3.0375163119916504e-02        -3.3619670793142830e-04        -1.5208749360915433e-04         1.7147807865225303e-04        -1.0160394586432300e-03
67                                    -4.5274720458099443e-04         6.1315785792521111e-03        -4.2071317378443700e-04        -8.9096620101875926e-03         5.5834469978786948e-05        -1.9619729871014961e-04        -3.4853165201163946e-05        -1.3804458149706776e-03
68                                     3.0232617563281201e-04         1.2364713638167851e-03        -4.4868568845706641e-04        -2.1573868596055411e-03        -1.4756295533896804e-04        -2.3852265888195325e-04        -1.1343265710725132e-04        -1.0803167695862996e-03
69                                    -3.7949317663093715e-04        -7.9999328297307136e-05        -5.6689604752235308e-05        -2.8190326875109919e-04         5.0742767335339829e-04        -2.1343192825962897e-03        -2.0994878287646174e-04        -8.3674954983267778e-04
70                                    -1.3607930640563868e-03         1.5167452712281336e-04         1.3856185358842565e-04         3.5338814969851530e-04         3.0627255230879693e-03        -1.2257842322873865e-03         3.6422249535710341e-04        -1.9639342099793852e-04
71                                    -5.2735294021975104e-04        -5.3360022564049280e-05         2.0160811435403648e-05         1.4411996335315976e-04         9.4676718057473165e-04        -1.0508171556176502e-03         5.1333153193321612e-04        -5.0313165780818073e-04
72                                     8.7770091611575132e-05         1.6327483328695412e-04         1.5239610953531584e-03        -7.1250909047177943e-04         1.2403177252266421e-03        -1.5294059377938911e-03         6.0368566753091798e-04         5.2400107221283832e-04
73                                     1.1775536207704568e-03        -9.5707067492243562e-05        -2.0473493621690070e-04         2.2243619804375266e-04         3.0172826809405414e-03        -1.5672556991347102e-03        -1.4177444700879619e-05         3.2104078698645856e-04
74                                    -4.7115869525246579e-04         9.0750749602754120e-05        -3.0549228825813045e-04         4.1186239968767915e-04        -1.7369525178723595e-03         1.6945641499721653e-03         1.0190343075481200e-03         3.4001983475717221e-05
75                                     8.9721270673983450e-04        -6.8136281650824949e-06         5.2327837196259599e-05         1.6276425065089644e-05        -1.1245511876638871e-03        -9.3603968847513676e-04         3.1467278981148379e-05        -1.2536261927702286e-01
76                                     1.8811491440889469e-03         1.2210915311008756e-05        -5.3564376005367335e-06        -5.0916959338407567e-05        -1.1300399050914053e-03         2.5534934602058044e-04        -1.1555560967817517e-04         1.1827047305830163e-01
77                                     2.2886505622765115e-03        -1.8597967857709422e-05        -4.5685393371612364e-06        -1.0943029789152915e-05        -1.9317742013439710e-05        -1.4727109693472463e-04        -1.5576412451267900e-03        -1.2058198980915286e-02
78                                    -6.3882558203098947e-05         1.1461891486732533e-02         2.3528969593900780e-03         4.9883895436733036e-03        -1.9259592786697970e-04         6.3793854379598676e-05        -8.5398960495123742e-06         2.7074924510667132e-04
79                                     7.0791432742791884e-05        -1.4089760473114233e-02        -4.1122500745010794e-03        -1.0537051369353425e-02         1.0485253497783428e-04        -1.3127032035961054e-05        -5.0363695922194429e-06        -9.9227282512471008e-05
80                                     5.2965954634135370e-04        -1.7296256208297639e-02        -8.5410741938629943e-03        -1.1702446232211972e-02         2.0214943893408699e-04        -4.3828888965498965e-05        -3.2331165292320981e-05        -1.7089169398861576e-04
81                                     1.5982935866592677e-04        -7.8477400056997811e-05         2.8001582848864097e-04        -5.3293062617890195e-05        -4.8844466432175146e-05         2.1683426647018268e-07        -5.0237957706322355e-05        -1.5761116477105443e-04
82                                     1.5548059045414407e-04        -3.3644776615941816e-04         3.2534343033961905e-04         3.6860009775795377e-05        -2.5306746314134650e-04         4.8639208684029970e-04        -1.1005618149590053e-04        -1.6843585246915116e-04
83                                     2.2556480132783973e-06        -6.3649311245412513e-05        -5.7410271285857420e-05        -7.6206083422368346e-05        -2.1861267132312120e-05        -1.1616997745234227e-04         7.8637388849669098e-05         2.0920947233144633e-05
84                                    -4.4230059949825244e-05         1.0377234530861340e-02        -1.2793529936729369e-02        -1.6237096859120524e-02        -6.7473059649389346e-05         3.3437996180666479e-05        -4.4581237069410840e-06         9.3643418176533356e-05
85                                    -2.8405772902197874e-05         4.0476789441466973e-03        -4.5839064478227828e-03        -8.0253689394049338e-03         1.8355314259405238e-06         7.0733042044565653e-06         4.3233849479104407e-06        -1.6193392756729441e-05
86                                     1.0823205784699541e-04         7.9453971721017078e-03        -1.1209617202941977e-02        -1.2213790349866104e-02        -3.0409984551646278e-05         2.5264927980039702e-05        -1.7998638677649368e-05         5.3689603312349508e-05
87                                     2.9023353443363015e-04         1.4255760038626997e-05        -1.3205484772805197e-05        -2.3479251906780127e-06        -1.3902504033617865e-02         5.4436481241575130e-03        -1.5619787243842309e-03         8.1771487790411636e-04
88                                     3.2722156993021870e-05         1.6439088784657560e-05         3.7027539513543219e-05        -1.0245745664037956e-06        -2.6302066675541393e-02         3.5104395559033613e-03        -2.9775048561780553e-03         1.3746113014384258e-03
89                                    -1.5383811560814660e-03        -5.1129989526917130e-06         4.6753792498237706e-06        -8.0189921143494856e-07        -2.3978834688270084e-03         7.1041156138638983e-04         4.9295114046888147e-04        -6.2070451895007467e-04
90                                     3.0869294653716620e-05        -4.8725694817234235e-03         2.7651318174724826e-03         1.9358509565352662e-03         1.1857720134891988e-04        -5.0883599714555408e-05         1.0028193839641556e-05        -1.7183446978075861e-04
91                                     1.0666864546460784e-05         1.9347304119124061e-03         4.0036709596683812e-03        -2.4553534141451530e-03         8.4582884235606757e-06        -2.6381029802727035e-06         1.8610756218808019e-07         6.5554165142823139e-07
92                                     7.9357531517965010e-06         1.0422119452553617e-03        -2.3638904197319085e-03         2.9930438053409119e-03         3.5927545108590479e-05        -2.1054969399165709e-05         3.7326462657620942e-06        -3.5363510847260821e-05
93                                    -3.0455546036550817e-04        -2.3580314676379614e-05         1.7060531258165121e-05        -7.9934753287658525e-06        -2.5798598639467336e-02        -3.2717596777728716e-03        -3.2231218515506206e-03         5.6493188404175870e-04
94                                     1.1046189638676086e-04         3.0481307988586439e-05         1.6552656773133193e-05        -1.2734781286757177e-05         4.9071041274218241e-02        -1.9499606266490388e-04         6.7918304403484292e-03        -7.8835674751276050e-04
95                                     2.0823997647280200e-03        -1.8299913131861840e-05        -1.7363086696281477e-05        -9.2908009839434523e-06        -1.7184180345049711e-03        -6.3072574967210776e-04        -2.5353843121297855e-03         1.7536600292551648e-04
96                                    -4.8549352065481747e-05         1.2510042875945281e-05         4.1590091016241622e-05         2.8204240481466978e-06         1.3736366646873110e-03        -6.6873443357993089e-04        -1.3772128819974108e-04         1.6624102940347480e-03
97                                    -4.5859598099309644e-05        -2.9011143855468130e-05         7.1015691602667724e-05         9.4111495201106704e-06         2.3135128220865739e-03        -1.0549098783466113e-03         1.9107927603822643e-04         2.2298884728037000e-03
98                                    -7.2459338841653889e-04        -2.4605879542374532e-05         3.1876260356466913e-06        -7.9344887694051497e-06        -4.3491064991832602e-05        -1.3925408204592139e-04         2.3035393400950050e-03         4.6858408537901421e-04
99                                    -2.4819073667815047e-05        -8.2916358286448319e-04         6.3423357681530179e-05         6.2114813245885830e-05        -8.9497345275352160e-05         6.3091354389241188e-05        -1.3755222289135076e-06         7.9631523899729192e-05
100                                    3.3474787560289036e-05        -1.3836653239347870e-04        -6.1769404021943381e-04        -2.1759787512303793e-04         1.0877071282476005e-04         1.3770056539739984e-05         1.0082808920154780e-05        -1.4811651142663309e-04
101                                    9.1420823971212077e-05        -1.8170810417163057e-04        -5.6631160668359280e-05        -8.2222785447165589e-04         1.4166953576713755e-04        -6.9057629661343546e-05         2.2053649357136869e-05        -1.5451418767085625e-04
102                                   -2.5933758429277616e-05         8.3063610633622546e-04         1.3165280058228981e-04         1.4187993689380963e-04        -1.3758970971942432e-04         6.5938578256535514e-05        -1.7218702669436603e-05         1.4799393068834222e-04
103                                   -8.5466981503460834e-06         9.3962101159269281e-05         5.7025620388541961e-05        -3.4205633386823105e-04         1.1807533737925782e-05         9.2543454988428496e-06         8.7687922045926511e-07        -1.9029328079670876e-05
104                                    8.7966090123988761e-06         2.6439059598864882e-04        -2.9021855684965142e-04        -2.3594710203611661e-04        -3.5015355863143860e-06        -7.7929018367790381e-06         9.2319824634436685e-07         9.0700325850153266e-06
                                                        40                          41                          42                          43                          44                          45                          46                          47

0                                     -1.2528418059077687e-02        -7.5685490590901494e-03        -1.0804353766621713e-03        -5.1557908382400194e-04         3.2144292424734697e-04        -5.9685684215425600e-03         2.0706847224531036e-03         5.2109912216793926e-03
1                                      8.0372006988535596e-03        -5.0313218408749218e-03         1.6514539356040150e-03         7.9713605355536885e-05        -3.2637806050036982e-03         7.2240092032390280e-04        -4.9393379907281074e-04         7.8000803022072870e-04
2                                      9.4277759325089860e-04         6.3246053274100059e-03         1.0820103861861104e-03        -1.1392780622070577e-03        -2.4230862937133896e-03        -3.0291336008099121e-04        -2.5619623962058302e-04         9.8056185245524075e-04
3                                     -3.3772746458984306e-04         7.2248694778015031e-05         4.7585841659632277e-04        -1.1015565747845690e-04        -5.6425107233071801e-04        -5.6022465770920503e-04         1.6307755240210593e-03        -1.1042053977393998e-03
4                                     -1.7078217577318612e-04        -1.9009738589497076e-04         2.3931920591132823e-05        -9.1037056767226095e-05         2.0873423677683216e-04         1.2417495515900045e-03        -1.0571582389671706e-03        -2.8659640930081684e-05
5                                      1.6375400307172474e-04         7.3558223520751363e-05        -8.6326766122749401e-05        -2.1899654142808287e-04         1.4387256024248497e-05        -6.8632022876593439e-04         1.5024526755726868e-04        -9.4542814710163415e-04
6                                      4.5416381743897038e-03         7.0005333990659491e-04        -1.1905734854028615e-04        -5.7648845687088704e-07        -3.7115765763680330e-05        -1.1923527196712930e-04         6.6710831390325606e-05         1.4085591352826904e-04
7                                     -4.1659991604852320e-03         3.3045927815420525e-04         5.2809796649547778e-05         2.3699604310066470e-06        -3.4768510145063904e-05         1.4759992715850231e-04        -6.0783884941487619e-05        -1.5101009253319360e-04
8                                      3.3556961988409628e-04        -1.1668565109228433e-03        -3.2515795827181250e-05        -1.2320381293025877e-05        -5.9713432391112236e-06        -1.2782753228583964e-05        -6.5390923008491872e-06         7.9021337007534375e-06
9                                     -5.0741357483114126e-02        -5.6191539438096997e-03        -1.2354333118468909e-04         1.8190226753935141e-05        -9.6293272698482401e-05        -1.9957597626219415e-04         9.1696693116230152e-05         1.5938624504880121e-04
10                                    -7.4756485463500031e-03        -1.5984937862755025e-03        -2.1834839022647320e-04         3.5058327169652713e-05        -1.3856139972346043e-04        -1.8641349787309284e-04         9.4601263157091127e-05         1.4493114123587076e-04
11                                    -6.1385613519339332e-03         9.0731497358737222e-03        -6.1356040107800151e-05        -1.0625152378337705e-05        -2.6112956797875260e-05        -2.9680367392704394e-05         1.0224791190283105e-06         2.9150914743254400e-05
12                                    -6.2371685790939962e-05        -7.4290860690043889e-05        -1.4931027993708905e-02         3.1577693540267709e-02         3.9501270854724657e-02         1.7750107752667141e-03         1.6729390248536083e-03         2.9985958179686981e-03
13                                     6.8746946150451181e-05         1.3986160165138162e-04         9.3728869444611312e-03        -6.7008720185706694e-03        -1.6590568422791076e-02         3.9482725910265273e-03        -2.2592132508105992e-03        -1.5220236846832213e-03
14                                     1.2593112291016631e-04         1.9078322764448489e-04         9.5017500616582790e-03        -1.3556761047369796e-02        -9.0907193760345981e-03         5.9645545026582912e-03        -9.8446551641074805e-04        -2.9291973017189750e-03
15                                    -1.6277853596586851e-04        -1.5865750722384705e-04         8.0741955399592710e-03        -3.3628455405120667e-03        -4.5834474460266349e-03        -7.7391243737424606e-04        -5.7888506365358534e-04        -1.6386247372434039e-03
16                                     2.7440641111316590e-05         3.0742979020724758e-05        -6.2484410620751224e-04        -5.4275055616395608e-05        -5.5768190584901609e-03        -3.0313716257039610e-03         3.4164615743656280e-03        -6.3918546707434631e-03
17                                     6.2254860572091321e-06         3.0272913927541526e-05        -3.2624535604815338e-04        -6.0176815075515455e-03        -4.2079563114152153e-03        -5.7446969527619480e-03        -6.1891991708228665e-03        -1.3570531355875425e-03
18                                     1.9105140343985642e-04        -5.2770917088666843e-04        -6.1313651287493894e-04        -5.1549506846944359e-04        -8.7004461595648844e-04         4.5881197074191865e-04         4.3383697870112703e-04         1.5804885222724374e-03
19                                     6.5781574856645358e-05        -2.4857794852268622e-04        -1.8093249952621055e-03         7.2629773445205309e-04         7.1996569286292104e-04        -1.5285242739288150e-03        -9.4946123156367359e-04         6.1583377688504846e-04
20                                    -5.9225674064185361e-04        -5.0062679583655909e-04         2.4060443700167915e-03        -1.2535155763505369e-04        -5.3236246961202004e-04         2.3111634655956139e-04         2.0616807597145293e-05         1.5491028122286733e-04
21                                     4.3305662811869133e-03        -5.2799512718889165e-04        -1.2671375166649398e-02         7.4421326236976601e-03         1.0782861810903314e-02        -2.4224705038004293e-02         2.2175133621076676e-03        -3.5204646345027915e-03
22                                     1.1564118764885900e-03         6.1982822598384644e-04         1.8629259849434136e-02        -2.8016786688594393e-03         9.9009189845989179e-04        -8.0156254514730883e-03         6.4690744560131335e-03         2.7198943557386686e-03
23                                    -1.5784025518454734e-04         2.0406415042276719e-03         2.6555934293988656e-02        -4.4272934811362425e-03         9.2762960347690941e-04        -1.8049054355725833e-02         6.0861648404442990e-03         5.6772185101806542e-03
24                                     3.2033813343084220e-03        -2.3552063270600301e-04         6.3230400044552012e-05        -9.8811947893563310e-05        -1.8405677994267537e-05         1.3698841739309762e-04         1.9176418634548340e-05        -1.8619650855259545e-05
25                                    -3.3821427363458709e-04         1.4798341519153195e-04         4.6879845303325813e-04         1.1286731108927576e-04         4.9234356395939731e-04        -1.2874857348264823e-04        -3.3211359229299209e-04        -3.7868428513172336e-04
26                                     9.9823734421749556e-04         5.6479901330213321e-03        -3.9008682791199129e-04        -2.0937800195590405e-04        -6.4900114634797645e-05        -3.6645470986006157e-04        -1.2504892299842254e-04         2.7607792546427743e-04
27                                     1.6350961096585341e-02         5.5712921090053120e-03        -1.7404472683852317e-04         4.9413978437504408e-05         1.8701222281481485e-04        -1.8674531739625749e-04         5.6630783385776555e-05         2.6678981988753202e-04
28                                    -4.7394236410781873e-02        -2.5421063358793336e-03         2.5348519425160213e-04        -2.0984967833541108e-05         5.0632759793165991e-05        -2.0198210473552566e-05        -7.4282853005667787e-05        -6.1781449670057168e-05
29                                     2.1598335825491928e-03         6.5044151135060617e-03        -9.8374133121298683e-05        -1.2009913316040174e-05         1.5877372652730709e-04         4.0379368197482026e-05        -9.2910777395709549e-06         9.1799263203686649e-06
30                                    -1.1247275024039302e-01        -1.2966577338901303e-02         9.7503986539178734e-04        -6.0172946325000103e-04        -6.5605200513679340e-04         9.4688121234869950e-04        -5.4361111414210511e-04        -3.6796832723263941e-04
31                                    -2.8303152579914936e-01        -1.0178779526901022e-02         5.5172750042585929e-04        -2.1922526926605008e-05        -2.6603795422802342e-04        -1.5573084879885422e-03         4.9857596283339777e-04         6.0998551665325193e-04
32                                    -1.9221348739551686e-02        -6.0093399760229843e-02         6.0490506846491699e-04         2.8816201924838046e-05        -1.5619605086800137e-04        -2.8359395433357219e-05        -1.0300922197937777e-04         1.3837776762189792e-04
33                                     2.6211137162318523e-04         4.1468153216889171e-05        -1.3764604115048440e-01         5.7797126004094312e-02         6.3982284336912290e-02        -2.1695715929371440e-01        -6.9368076988449115e-02        -1.1948636888356873e-01
34                                     6.3270245245245036e-04        -4.3065446541551411e-04         2.4813992320915398e-02        -1.4803753723659679e-01        -1.2205954917606127e-01        -3.3467478798413122e-02        -1.1203127745584188e-01        -7.9817241185934085e-02
35                                     2.8011798362010429e-04         2.2603733643885477e-05         1.5474756782813931e-02        -1.1671024874229191e-01        -2.1099123735847641e-01        -6.8738725335225265e-02        -8.4859048792053415e-02        -1.8820352562990320e-01
36                                    -2.7047506113073785e-02        -6.8541232460832997e-03         2.8827769298915258e-04        -3.7274879504788560e-05         3.8508964744134655e-05         2.1724875430613423e-04        -1.1678117207021348e-04        -2.0594777119825342e-04
37                                    -1.2020111048232408e-02        -3.7300013167219947e-03         7.2152556304934216e-06        -1.0736461550760407e-06         8.5110581426183244e-06        -9.6528142076082366e-05         2.4071224839013043e-05         4.5160275624539720e-05
38                                    -3.1577013224292887e-03         1.3987869278984932e-03        -9.3362644808803186e-06         2.6304996344647585e-05         4.7369926867606307e-05         2.2872060132747855e-05        -2.2691251025151488e-05        -1.7706821851333878e-05
39                                    -2.8435642387572617e-02         7.4170304812711529e-02        -1.1011217992339313e-04         6.6850488310143594e-05        -2.3006698886723589e-04        -6.3779745118241961e-04         2.5126472815270318e-04         4.7881792614960707e-04
40                                     7.2544450035746699e-01         3.6470639447829510e-03        -7.4590622597664209e-05        -9.9525291993429049e-08         1.0560637263531568e-04         1.5538148487965846e-04        -4.6657298707392938e-05        -4.5029963298250770e-05
41                                     3.6470639447829510e-03         1.0689824604761200e-01        -1.2198336083086854e-04        -7.3634907599128062e-05        -6.7282687189268160e-05        -1.3075933584516850e-04         6.2065612614989468e-05         7.6089646716410482e-05
42                                    -7.4590622597664209e-05        -1.2198336083086854e-04         7.0727686202343221e-01        -3.0486261618061644e-02         4.6756846931069795e-02         4.9600974625834876e-02        -2.2809961646615335e-03         2.4983367093449112e-03
43                                    -9.9525291993429049e-08        -7.3634907599128062e-05        -3.0486261618061644e-02         3.2766188009746072e-01         2.8114455537027605e-01        -2.9449640456164362e-02        -1.1737315819877499e-02        -3.0591109256488655e-02
44                                     1.0560637263531568e-04        -6.7282687189268160e-05         4.6756846931069795e-02         2.8114455537027605e-01         5.0227844244658648e-01        -3.5898040910549565e-02        -2.6802738164495868e-02        -3.4995821909597116e-02
45                                     1.5538148487965846e-04        -1.3075933584516850e-04         4.9600974625834876e-02        -2.9449640456164362e-02        -3.5898040910549565e-02         6.7917773946282212e-01        -5.5058302292578409e-02         1.3387751648511147e-02
46                                    -4.6657298707392938e-05         6.2065612614989468e-05        -2.2809961646615335e-03        -1.1737315819877499e-02        -2.6802738164495868e-02        -5.5058302292578409e-02         3.4001371439482847e-01         2.9211920512812678e-01
47                                    -4.5029963298250770e-05         7.6089646716410482e-05         2.4983367093449112e-03        -3.0591109256488655e-02        -3.4995821909597116e-02         1.3387751648511147e-02         2.9211920512812678e-01         5.2274968160630386e-01
48                                     2.4723026362378275e-02        -3.2749549560819454e-03        -8.6461622215423632e-05         1.6897676773511294e-05         2.5250970448593112e-06        -9.4081704036888666e-05         4.5454563300758661e-05         9.7391707921645407e-05
49                                     2.3498303309208296e-02         8.0751000458465123e-03        -1.2207348850646918e-04         2.9117633334405237e-06        -5.7111539629701847e-05        -5.4317176442123758e-06         2.2455385138188568e-05        -1.0132884422802183e-06
50                                     3.0385655145464554e-03         6.3981549742262653e-03        -3.1898298736123463e-05        -6.9398801214976772e-06         1.3756389562624179e-06        -1.7945911564094287e-05         2.4648837883623352e-06         1.5147934807999274e-05
51                                     6.0644753301996840e-02        -3.1564985601414790e-02         8.4501567281618445e-05        -4.8980696383229722e-05         1.6896826987393139e-05         2.1502986103561145e-04        -8.6723214444478806e-05        -1.7165061790169029e-04
52                                    -1.3230545625543835e-01        -2.0589406273092969e-03         2.0702671522176931e-04        -2.3043202348669222e-05         2.9987700322986217e-05        -1.1621940404897470e-05        -1.3818040712982108e-05        -1.1757443946732284e-05
53                                     6.3516644265446658e-03        -5.9744191809082192e-02         1.5141326481009771e-05        -2.5319177113525688e-06        -1.0444990175334802e-05         3.4726124652202825e-05         5.9576249159511403e-06        -2.6370611303028305e-05
54                                     6.6601066804777647e-05         2.4978985169561527e-05        -3.3066502193881392e-01         1.8049468442886921e-02        -1.9474241678108340e-02        -5.8885827923568064e-02        -1.0844973138788808e-02        -2.2691466891739252e-02
55                                    -1.4018553018748563e-04        -1.3253121476817874e-04         6.4331103143838567e-02        -8.8308491599263794e-02        -3.7271663050311342e-02        -1.0186029995891691e-02        -2.4070081630815166e-04        -1.7140853622707071e-03
56                                    -1.6389173077130804e-04        -2.0126367060256737e-04         4.3600740552655864e-02        -4.3420253680479318e-02        -1.0830810583106459e-01        -2.3896364759697114e-02        -2.8413245350215437e-03        -5.4668423459590431e-03
57                                     2.4021750547247121e-06         4.9729795982262725e-06        -3.2948455455978805e-02         2.0420305944130933e-02         2.3979047640398911e-02        -3.2842375367628923e-01         6.7364703086678759e-02         4.8692853680856477e-02
58                                     3.2964871961197275e-06         1.2720505693329896e-05         1.4594007180788097e-02        -1.2984313729783885e-02        -1.3706681194968966e-02         2.9626388210972313e-02        -8.4627759326858287e-02        -4.2688996881794172e-02
59                                     6.3558960078562566e-05        -1.3647855977104694e-05         1.5811365898974718e-02        -1.2830071227835121e-02        -1.7093901574487078e-02        -1.4631710148212615e-03        -3.7922686325322044e-02        -1.0107092682213004e-01
60                                     1.3840913882737769e-04         1.3293618329029831e-04        -4.5467681259029329e-02         6.6198655334054248e-04        -5.3452094550779676e-03         4.0747064874265722e-03         2.3436218869001459e-02         3.1897596916465376e-02
61                                     6.7377362840520381e-06        -7.4101774018940766e-06        -2.5447836001157416e-02         2.1707068071750206e-02         2.5569811063561508e-02         5.1178768565425796e-02        -2.8432365325530527e-03         4.9283910398741290e-03
62                                     1.5176579472980700e-05         1.4689360093266404e-05        -4.1732825950137789e-02         2.8859643928485321e-02         3.4045121266029071e-02         7.1968376317223803e-02         1.9671265872339347e-03         9.7853958990972070e-03
63                                    -1.5340164597037187e-04        -1.0017163594737254e-05         2.2738716792200476e-04        -4.8425287211590175e-05         1.7618779696543111e-04        -2.9463028648057769e-04        -1.2304789608456987e-04        -1.6688464248367950e-04
64                                     1.2432293232530627e-04         4.0056555218214649e-05        -1.3350879382976891e-04         1.7391914209976991e-04        -6.8777086225735654e-07         6.5459970671883109e-04         2.4198752551644767e-04         1.7059288961606312e-05
65                                     9.7689692132724160e-05         1.0472509078629597e-06        -1.9622834762299582e-04        -2.7518065955308389e-04         1.2433286689124260e-04        -5.8370266123524274e-04        -2.9915483820910200e-04        -1.2281831651453096e-04
66                                    -5.6190212542401598e-04         2.9890262016650607e-04        -5.2738771637962992e-03        -6.8526690064935926e-04        -7.1831440572708155e-04         1.2894204911192125e-03         1.7655122681618893e-03         1.0411074793658529e-03
67                                    -6.4386846566707567e-04         2.9025911359537547e-04         6.8424735459377646e-04         1.0319126455273174e-03         1.3479137403524417e-04        -1.3917383771411148e-03         1.5543948332364700e-04         2.5729170548829250e-04
68                                    -3.5547339957228219e-04        -1.0806527297143676e-04         5.4153726937923759e-04         3.3568155242829018e-04         3.3057220114718431e-04        -2.0488274817246632e-03        -2.1623325409789808e-04         5.2801505264618749e-04
69                                    -3.8952094714422240e-04         5.9124639629342171e-04         2.0482805202424195e-05         6.6407705879489696e-05        -9.7776139864187689e-05         9.2825799686508168e-05         1.2532033920688448e-04         3.7889281578405092e-05
70                                    -4.1928661171833370e-04         1.1493227496166799e-03        -1.0767155582482949e-04        -4.3598049933764370e-05        -1.5358245432252142e-05        -1.2624230170630094e-05        -5.9989697668322525e-05        -4.8629512575281331e-05
71                                    -4.1802650273887977e-04        -1.3976316644238694e-04        -4.0502404059312796e-05        -1.9504408213441614e-05        -4.2820781263163809e-06         2.2534088109222227e-05        -6.1984115684440835e-06        -6.3194087149203359e-05
72                                    -5.3544336774125826e-05        -6.1594817791933904e-04        -2.1805983810513311e-04        -5.6498932795909945e-05        -2.1762595896646124e-04        -6.2544826254181112e-05         9.9849660615178743e-05         1.6267797654734658e-04
73                                    -9.1017789347744770e-04        -8.9244802611929293e-04         7.2604003700902579e-05         1.8599836359280771e-05         4.7537191012245899e-05         8.6243565622821320e-06        -1.5734269746290323e-05        -9.1002093392364338e-05
74                                    -2.7551411750721027e-04        -6.4262337627550960e-05        -7.5098745501554157e-05         3.7985048047022344e-05         6.8663294561018429e-06         4.5195008799605294e-05        -2.2434315981567404e-05        -4.2041951668312554e-05
75                                     1.2001181991516115e-01        -1.1463399057053000e-02        -1.9735679181675419e-05         7.7017254892371666e-06        -3.1604534554931750e-05         1.9020848589218009e-05        -8.8654545903889227e-06        -2.3589487121238603e-05
76                                    -2.7076058136053316e-01         1.2383295666680932e-02        -4.4690855073332243e-05        -2.5753219994517282e-07        -7.0119328148459141e-05        -1.4112554807862348e-05         1.1803334410114301e-05         9.6482338391365441e-06
77                                     1.2720409931693887e-02        -2.5205807794782691e-02         8.0900987342661312e-05         4.6873906282465588e-05         4.8032559136079305e-05         1.0235900968697542e-05        -5.6049596036411868e-06        -1.8094885583223771e-05
78                                     3.4140589972753155e-05        -1.0692534261877332e-05        -1.8453251509138394e-01        -7.1605237857489151e-02        -1.1771179626980602e-01         1.5135081616711433e-04         1.6935665154068301e-03         1.8058684179757735e-03
79                                     2.2588692312366758e-06        -1.8584117413983738e-05        -7.1815069652139824e-02        -8.5668673164706721e-02        -8.1887221851409092e-02         2.2165380462636757e-03         1.4857006453721584e-03        -4.4946902550573103e-03
80                                    -1.6380412286930526e-04        -2.8719466467715251e-05        -1.1642903096595134e-01        -8.0236865690253026e-02        -1.5402028906319531e-01         2.8965922514415368e-03        -4.8402390278748514e-03        -9.7717262316973814e-04
81                                     1.3053550881087536e-04         1.2592528933909778e-05         1.5871384059253985e-04        -1.2646080136377499e-04        -2.4752947554154041e-04        -1.5362106782932961e-04         4.7828395238595518e-05         3.5991236229056039e-06
82                                     5.4152233317860277e-05        -4.8064351739969486e-05         7.4407517959330314e-05         2.7983914056420919e-06        -1.1060151960361046e-04         1.4666268661501559e-05        -1.0691497038438477e-04        -7.4034919362089445e-05
83                                    -7.6133680932312744e-05        -9.2216499281173723e-06         1.6484820046530125e-05         3.2830295260848834e-05        -2.6276961453237978e-05        -9.3516651280379674e-05        -1.7295659145799428e-05        -2.0986566849218549e-04
84                                     1.8058002140192370e-05         1.2158139494681662e-05        -2.7540384459015799e-03        -9.3085283171046767e-04        -2.6656802448303718e-03        -8.3363706954303424e-02         4.9652882905399882e-02         6.0676804177349969e-02
85                                     1.4697210415225647e-05         1.0397872868952399e-05        -1.5001132104708033e-03         3.5801840401792685e-03        -3.6516077070687771e-03         4.9630144778385565e-02        -1.3948611551525097e-01        -1.3999280884406357e-01
86                                     3.3652838864399286e-06         7.6791713137904297e-06        -4.0799955181435197e-03        -3.2638730943437121e-03         8.8731803243331797e-04         5.9866694671565412e-02        -1.3799232071732970e-01        -2.0937051825647379e-01
87                                     2.8146297046024761e-03        -3.4718188076101990e-04        -1.5829249942363546e-05        -1.8445227373638977e-06        -9.3662205761578347e-06        -1.9209195604996459e-05         9.0642428932312781e-06         1.6055683834350970e-05
88                                    -5.0526778146765174e-03         1.4558187642942110e-05        -8.0760902815854119e-06         9.8561919704735635e-07        -1.4407214054197788e-05         5.1224280581056743e-06        -3.8021418179968959e-08        -6.2048669635698603e-06
89                                     1.5992003526470763e-04         4.3503623643919897e-03         1.1428343405267601e-05         1.6525332198905477e-06        -3.9051081494909605e-06        -4.2872720528908570e-07         5.0869745893837083e-06        -2.5487379139206990e-06
90                                    -2.2350971937719734e-06        -2.1841819398284016e-05        -1.9665727544630101e-04         5.2783584462402018e-04         8.2949864499986983e-04        -1.5998828712688731e-02        -1.3670623384267996e-02        -2.1581260216752975e-02
91                                    -1.1749464597714601e-05         4.2055862134816110e-06         5.3871781319560002e-04        -5.7246743396713567e-04         4.6603889056394355e-06         4.4698395992726590e-03         4.2546155526561116e-03         5.5317747405166165e-03
92                                    -5.3202084704335800e-06        -4.7044417878173896e-06         8.6924223401553329e-04         1.5746122665841644e-05        -4.0409915393801738e-04         3.5745093178928197e-03         2.8348026050966394e-03         5.4379510939241982e-03
93                                    -3.9221729738440902e-04         7.5355635719476463e-05         5.5358752633037633e-06        -3.0209739900238959e-06         2.8425438443563465e-07         2.1920062389071049e-05        -4.8307266715538690e-06        -9.6503430882443827e-06
94                                    -1.0157416903018032e-04        -1.1098442124873608e-04        -2.3550323838946520e-05        -6.0529851082656677e-07        -1.5718709840631445e-05        -2.5431611531959749e-05         1.5206656613970637e-05         2.5272192181096284e-05
95                                     6.9312321920587711e-05        -5.6999605042680021e-05         2.2614284327795328e-05         6.1207814104764544e-06        -4.0229937709544803e-06         5.4975510800417393e-06         8.5208296874594625e-06         2.8441740385337492e-06
96                                    -4.2647351703991778e-03         3.8566628522369639e-04        -2.1473366344894676e-06         3.2357072604154136e-06        -1.2753729248523877e-05         2.2789381984281935e-05        -7.5146220139785417e-06        -2.1295887166493648e-05
97                                     5.8671862487501905e-03         3.6739509427335709e-04         3.9694423060171262e-05        -1.3291141541848411e-05         2.1023253307684295e-05         5.4508589962683836e-05        -2.3143440563951631e-05        -4.2253462392701077e-05
98                                    -4.5655501167528605e-04        -1.5908287173999264e-03         4.0870142132991235e-05         1.7534050899325904e-05         1.5078530197111821e-05         1.2258693243732849e-05         2.3400849811629466e-06        -1.5129434723885671e-05
99                                     2.6051343750628790e-05        -2.0659230563411916e-05         2.8651196185380517e-03         3.1257310887522769e-03         4.6757166231847433e-03        -4.1491510035786738e-04         8.7417541768959129e-05         1.3336942173994282e-04
100                                   -1.0087676483178136e-05        -3.3108087760786332e-05        -1.3911777629976264e-03         9.7210709199932899e-04         2.3248545873523962e-03         1.1359251571766999e-04         3.8319137518231112e-04         3.6973348832940287e-04
101                                   -6.1732302613806841e-05        -5.2821528230816985e-05        -1.4432818684618400e-03         3.0055420543446849e-03         3.0073511085373806e-03         3.1945047537685722e-05         3.1342096761203045e-04         6.7435728335296197e-04
102                                    2.5430983353981419e-05         2.4533882847750448e-05        -4.6692529575226077e-04        -1.1517753458124818e-03        -1.7534954588592179e-03        -8.6167565454514726e-04        -1.2866061146027917e-04        -2.5375195832367484e-04
103                                   -4.8200938927123421e-06         3.9735034473310896e-06        -2.7347888915731040e-04         9.7286403694217332e-04        -3.1328516337175629e-04        -1.8222913843224647e-05        -6.2725077770386570e-04        -4.0400409348456939e-05
104                                    8.5825102069030188e-07        -4.6125854140218673e-06        -7.4709742213694840e-04        -4.0519765619259455e-04         5.4432313367189450e-04        -4.8972230907673615e-05        -3.8238544416395329e-05        -7.0860531575593286e-04
                                                        48                          49                          50                          51                          52                          53                          54                          55

0                                     -7.3444998911853798e-03         9.6714620862101434e-04        -7.4019818959302646e-04         7.3409745969948495e-03        -4.1221589169808566e-05        -4.5915936142839134e-04         1.8782043952210860e-04        -2.7782733415841641e-03
1                                     -2.4006914830937935e-04         5.1483848483762553e-03         2.8612992001470554e-05         5.7570607612509924e-03        -8.9851811031983544e-03         5.1681515976838765e-04        -2.8585439501811142e-04        -3.1676252298647211e-04
2                                      3.2398680122617429e-05        -1.0952271258283489e-03        -1.2734742002967559e-03        -1.8555680088159750e-03        -5.0099680735615413e-04         3.7436350981665794e-03         3.6911400868346370e-04         4.2364703743897345e-04
3                                     -8.3896684876937381e-04        -2.2457407807871833e-04        -1.8284008564817568e-04         3.9539629175567084e-04         1.2956915006015254e-03         1.0856782795588422e-04        -2.3221035307803171e-04        -3.7405389909795500e-04
4                                     -6.3738777714173627e-04         9.8790063418089080e-05        -5.8503379094812012e-05         8.3385319381359718e-04         4.2007523678454358e-04         2.8680920128694107e-07        -1.0167078985742371e-05         2.2332593799447031e-04
5                                      1.5194816129547898e-05        -2.1556026719787575e-04        -6.4266088662413373e-05        -2.2513678498714749e-04         2.1314406408126391e-04        -1.0093283442206581e-05        -1.7048095205339243e-04         6.2328170993111980e-05
6                                      1.3227145528386088e-02        -1.3051617231609580e-02         6.3043012210092331e-04        -7.2386288150881970e-03        -9.2595881221778711e-05        -1.8580782310273257e-03         4.3887618012230904e-05        -2.5982948746141395e-04
7                                      2.4434719480553167e-02        -5.4759353541217325e-02         1.6830654937595915e-03        -8.3750386822423924e-03         5.2663266776911636e-03        -8.9501056619890331e-04        -4.5247747784721530e-05         2.2922299168132675e-04
8                                      6.9489221936343520e-04        -2.5814721171779692e-03         9.5382858919773189e-03        -1.8205668632456195e-03        -6.4004266981338397e-05         7.7873600678627138e-03         1.5483099604608585e-05        -4.2754581896745650e-05
9                                      2.0171005671903129e-02         1.1759995443187246e-02         1.7604605518330872e-03        -1.7745640294711026e-01        -6.7546816607290477e-02        -1.6713964027799514e-02         5.4759259988846704e-05        -3.6873157747517116e-04
10                                    -2.4723203817542595e-02        -5.6073318551323262e-02        -3.8063478660480647e-03        -1.2366586273533403e-01        -2.4459622877671428e-01        -1.7430537585188657e-02         7.1837400621313328e-05        -4.9652041640917805e-04
11                                     1.2725037565071034e-03         1.4390867487144420e-04         7.0625995905546531e-03        -1.7582201765431404e-02        -1.0648564106547378e-02        -4.5313681814230788e-02         2.6506481338354445e-05        -8.7259174242873886e-05
12                                    -1.1428124755745168e-04        -4.4972402665699939e-05        -2.6378754833188221e-05         2.6694233068114137e-04         1.9460483531870323e-04         4.3360174358731275e-05        -1.3248693262715289e-01         3.1761093334566511e-02
13                                     1.6474051109552159e-04         1.3129824105759073e-04         4.2042740990643330e-05        -3.7341727035454595e-04        -3.5359287917299380e-04        -6.8390753569670234e-05         6.3453739484679222e-02        -1.3390824615535157e-01
14                                     2.1704613106311079e-04         9.7866517680510317e-05         6.8013421125868960e-05        -4.9012379900487233e-04        -3.7550998953157620e-04        -9.6517379270717125e-05         7.1997338349179610e-02        -1.2311044930695178e-01
15                                    -3.3408500835065239e-04        -1.0877566103136075e-04        -5.0760286031130058e-05         8.1231661561247234e-04         5.5327316090341869e-04         1.0620168530558026e-04        -5.8102584364558514e-02         1.0226523955260913e-02
16                                     6.2577825667343816e-05         4.3902976460889943e-05         7.9480766247892900e-06        -1.5365184264839050e-04        -1.3128886732820776e-04        -1.7276724012332091e-05        -1.3937447762133261e-02         7.5534182208615054e-03
17                                     3.0972276930827758e-05         6.6961867187492318e-06         1.1178358161084429e-05        -7.2862309245309246e-05        -4.1156663487161571e-05        -1.8466197230964090e-05        -2.9076632356955887e-02         3.3846240219246532e-03
18                                    -5.9626076874542988e-05         1.2282326596532124e-03         2.4514562287256242e-05         4.9169019710451991e-04        -1.6108125896182627e-03        -1.2058909470327907e-04        -2.8179929101775818e-04        -7.8944011225501537e-04
19                                    -9.4292605896146480e-04         3.6269399816434738e-04        -5.0744319471089736e-04        -5.4072664292429513e-04         5.1505979767018512e-04        -1.1420030214457294e-04         2.6461982353198968e-04        -2.0653027481851464e-04
20                                    -6.3579132765825179e-04         4.0080286547832482e-04         1.8453494402313232e-04         7.0946840745398287e-04        -7.0355351888688571e-05         4.5992554835176354e-05        -4.7091267748188600e-04         2.4592507858257982e-05
21                                     1.8713612570175607e-03         1.1720294406746101e-04         2.5224078595877754e-04        -2.0941509618997343e-03        -2.3470799213722838e-03        -2.1319881877707340e-04         3.2199494452723526e-03         1.8131474972192269e-03
22                                     1.8480273819162125e-03        -1.2702235808456964e-04         2.3808910962174503e-04        -1.6667202838841788e-03        -1.5277934963472896e-04        -2.9662761389163722e-04         8.0015613459684387e-04         2.3834999708352033e-03
23                                     4.7830126551685155e-04         4.7160088962236159e-04        -1.7088536521919480e-04         3.1598251778021478e-06        -2.4490169115514836e-04         2.1238923846415084e-03        -6.9247165233938136e-04        -6.1404463914653245e-03
24                                    -4.5447119089474537e-03         2.3964875659954945e-03        -1.2373410032898761e-03        -1.4577201616118281e-03         5.6170305104718665e-04        -3.4274847248690806e-05        -1.0433431511055143e-04         5.9692075858899319e-05
25                                     3.3107241851780145e-03         1.1757192663941034e-03         6.3161155913481074e-04         1.6544964571640094e-04        -1.5111326784688723e-03         1.2172185303816065e-05         3.6368234706584044e-05         3.0129155141188487e-04
26                                    -2.2814853866604977e-04        -6.9612577523108475e-05         4.4824963229298312e-03        -1.9426383839816797e-04         1.1680228536637208e-04        -1.4172060066117407e-03        -3.5931901316452425e-04        -2.4796220289784361e-04
27                                    -2.4486242016185274e-02        -6.1773807654748068e-02        -4.2378171499713995e-03        -4.6659774253449131e-02         3.1986980910371471e-02        -5.5582688817102923e-03         1.8259407813271070e-04        -5.2375825352776045e-04
28                                    -2.2527772330608861e-02         3.0756421979527302e-02        -2.1540434731525801e-03         3.0524703279788321e-02        -1.7541617401277868e-02         3.4156649173020959e-03        -2.3628705360227459e-05         2.4528728748946351e-04
29                                    -3.8799699345876074e-03        -7.2681983556102565e-03         4.8781253886165839e-03        -6.3553455520591207e-03         3.4886140530696035e-03         2.1395891631080339e-03         2.3427566276619683e-05        -2.1116642864518515e-05
30                                     2.2370892326473261e-03        -3.3950823336327952e-03        -8.7422560559352602e-05        -3.4630390264472330e-02        -2.8019220652299979e-02        -3.7039593423860867e-03        -5.5081793895586683e-04         1.9245444825400446e-03
31                                    -2.1357252027925672e-03        -6.5040591710145632e-02        -1.2484658757259473e-03        -8.4758618749278300e-02         4.6604703386644401e-02        -9.5078741952386234e-03        -3.1767735433269143e-04         1.3311736045240607e-04
32                                    -2.3297752969954691e-04        -3.9625013429737412e-04         2.4196577278352100e-03        -3.3319505081746822e-03        -2.8052053756514274e-03        -6.3697871769460360e-03        -1.6975059767544568e-04         4.0372125207407093e-04
33                                     1.1013854643214939e-04         1.1830036720151193e-04         3.8945664473977225e-05        -9.6935349810488335e-05        -3.4790888241794434e-04        -8.4142338302276894e-05        -2.4699220893285995e-03         2.2597080744763104e-02
34                                    -1.2683719052763179e-04         1.6400083111509642e-04        -6.4461049203552032e-05         3.5075122863221169e-04        -4.8797622736226030e-04         5.5713820958452450e-05         4.9079588569662463e-02        -2.1068861128279385e-03
35                                    -2.1233006133411221e-05         6.1744801379488563e-05         3.0957778248257737e-05         4.2637658762526291e-05        -2.5308410094840121e-04        -3.3231771246915705e-05         7.1680223566905565e-02         5.0237787271346403e-03
36                                    -2.0199299766218581e-01        -6.3319332537312534e-02        -1.8689363377709396e-02         7.5322930150663256e-02        -3.4687713376507459e-02         9.2270692006969340e-03        -7.3425296392166218e-05         4.7301688103644946e-04
37                                    -1.3587100204168476e-01        -2.6132595224789734e-01        -1.9272940221840458e-02         2.2450386690428644e-02        -6.3195058365473109e-02         1.7357234834970289e-03        -4.4080397538879807e-06        -1.2316047331599857e-04
38                                    -1.9543972100540999e-02        -1.0706556249663043e-02        -5.6494743435239830e-02         9.4329530681976151e-03        -4.7652948419689596e-03        -5.1274493929418241e-03        -2.8485520551222078e-06         4.6389554250399434e-05
39                                    -2.0453767667132847e-02         6.4380973189557461e-02        -2.3764063724774137e-03        -3.3157079442170950e-01        -1.1489927755817187e-02        -3.2187432451825496e-02         7.6634165827717401e-05        -5.7997629207726489e-04
40                                     2.4723026362378275e-02         2.3498303309208296e-02         3.0385655145464554e-03         6.0644753301996840e-02        -1.3230545625543835e-01         6.3516644265446658e-03         6.6601066804777647e-05        -1.4018553018748563e-04
41                                    -3.2749549560819454e-03         8.0751000458465123e-03         6.3981549742262653e-03        -3.1564985601414790e-02        -2.0589406273092969e-03        -5.9744191809082192e-02         2.4978985169561527e-05        -1.3253121476817874e-04
42                                    -8.6461622215423632e-05        -1.2207348850646918e-04        -3.1898298736123463e-05         8.4501567281618445e-05         2.0702671522176931e-04         1.5141326481009771e-05        -3.3066502193881392e-01         6.4331103143838567e-02
43                                     1.6897676773511294e-05         2.9117633334405237e-06        -6.9398801214976772e-06        -4.8980696383229722e-05        -2.3043202348669222e-05        -2.5319177113525688e-06         1.8049468442886921e-02        -8.8308491599263794e-02
44                                     2.5250970448593112e-06        -5.7111539629701847e-05         1.3756389562624179e-06         1.6896826987393139e-05         2.9987700322986217e-05        -1.0444990175334802e-05        -1.9474241678108340e-02        -3.7271663050311342e-02
45                                    -9.4081704036888666e-05        -5.4317176442123758e-06        -1.7945911564094287e-05         2.1502986103561145e-04        -1.1621940404897470e-05         3.4726124652202825e-05        -5.8885827923568064e-02        -1.0186029995891691e-02
46                                     4.5454563300758661e-05         2.2455385138188568e-05         2.4648837883623352e-06        -8.6723214444478806e-05        -1.3818040712982108e-05         5.9576249159511403e-06        -1.0844973138788808e-02        -2.4070081630815166e-04
47                                     9.7391707921645407e-05        -1.0132884422802183e-06         1.5147934807999274e-05        -1.7165061790169029e-04        -1.1757443946732284e-05        -2.6370611303028305e-05        -2.2691466891739252e-02        -1.7140853622707071e-03
48                                     7.3921035352560727e-01         4.1205715819832732e-03         7.3563933147533678e-02        -1.8153163846057260e-01         1.2884787973808765e-01        -1.2109384060011479e-02         4.1694494955040364e-05        -2.0770329639969911e-04
49                                     4.1205715819832732e-03         6.9951596387093029e-01         1.0869140076461573e-02         5.9363553725952714e-02        -2.6383580549879404e-01         3.2485014132376342e-03        -4.2242111855002860e-07        -9.4102694401702224e-05
50                                     7.3563933147533678e-02         1.0869140076461573e-02         1.0546703015522703e-01        -1.2877105712828626e-02         1.0995105008131997e-02        -5.9940046715700301e-02         8.0513696885047112e-06        -4.5986548487726445e-05
51                                    -1.8153163846057260e-01         5.9363553725952714e-02        -1.2877105712828626e-02         7.0838670293774031e-01        -1.5484593297249683e-02         6.4610825280223605e-02        -1.0504666613724566e-04         4.7198999525507483e-04
52                                     1.2884787973808765e-01        -2.6383580549879404e-01         1.0995105008131997e-02        -1.5484593297249683e-02         7.1535878153219390e-01         7.0436987737334776e-03        -6.8730924580599732e-05         3.6667821375065005e-04
53                                    -1.2109384060011479e-02         3.2485014132376342e-03        -5.9940046715700301e-02         6.4610825280223605e-02         7.0436987737334776e-03         1.6201055575696466e-01        -1.1134082024432391e-05         6.6245833742096575e-05
54                                     4.1694494955040364e-05        -4.2242111855002860e-07         8.0513696885047112e-06        -1.0504666613724566e-04        -6.8730924580599732e-05        -1.1134082024432391e-05         7.2496949484967188e-01        -4.4048819307958204e-02
55                                    -2.0770329639969911e-04        -9.4102694401702224e-05        -4.5986548487726445e-05         4.7198999525507483e-04         3.6667821375065005e-04         6.6245833742096575e-05        -4.4048819307958204e-02         3.4328099818126284e-01
56                                    -2.7225897549639703e-04        -1.0560966298516443e-04        -7.2599328031974767e-05         6.0949188436151499e-04         4.5970178776646086e-04         1.1069663983237683e-04         3.0781871353779182e-02         2.6978968990021279e-01
57                                    -3.1793143752790608e-05         7.8888485808839223e-06         7.1294706193564521e-07         5.9885034935001317e-05         2.9628710357886522e-06         6.6452900900422601e-06         5.9241728301107993e-02        -1.7790629488161932e-03
58                                     2.5133694595296066e-05         1.7718201316019148e-05         4.0498019812410648e-06        -4.6814226701981111e-05        -4.2446884873542515e-05        -1.9171589479816539e-05        -2.7671852218245870e-02        -1.4611563749576704e-02
59                                    -1.8376963805523741e-06         1.7270773108116942e-05         4.4702663596494683e-06        -3.8018627132888549e-06        -6.4685055272441444e-05        -1.1686955398612836e-05        -2.9475980054324606e-02        -2.1577401005816746e-02
60                                     2.7410353406399641e-04         9.5076847745318859e-05         4.3821720212668122e-05        -6.9213460982126300e-04        -4.8417175229702267e-04        -9.3681491615390703e-05        -1.8981461858736245e-01        -7.1618713229703992e-02
61                                    -1.5093303085752389e-05        -1.2831139613794239e-05         1.0633320652862059e-06         4.1521965025234532e-05         2.8825971058358705e-05         1.2713124382250266e-06        -2.2795733005621696e-02        -1.0775019550006580e-01
62                                     1.7607320405887283e-05         1.2780300625137519e-05         2.7556318242890345e-06        -4.6611732194727081e-05        -4.6173695495610369e-05         1.6905578752411055e-07        -5.1154032701747482e-02        -6.8230547923536153e-02
63                                    -1.3230431361361961e-05         7.4212155351568713e-05         7.2147666710119447e-06         7.7565692817887228e-05         1.0730333691353982e-06         1.3004530647703848e-05        -3.8876614326902579e-04        -5.5387934391906300e-05
64                                     8.7056195849750332e-06        -8.6853795164660479e-05         3.7317160655513526e-05        -9.6529141094537025e-05        -2.8666938208451466e-05        -5.6579131465372159e-06         4.2980497004260190e-04         5.2637007468410348e-05
65                                     5.6351636205239156e-05        -5.8234049279971717e-05         6.8034787918541385e-05        -6.8209613395136615e-05         7.2849497722944287e-06        -4.4274967962065038e-05        -4.8426258476781388e-04         6.1047123628672675e-05
66                                    -6.7541271973974980e-05         4.0455866485534836e-04        -5.7261964713683320e-05         6.8517538923337155e-04        -2.8376736296330837e-04         3.4040017203979542e-04         5.4740365257765014e-04         1.2385575854994496e-03
67                                    -3.5513622162447966e-04         3.3123283718111170e-04        -1.7447193182875151e-05         7.5299883694959931e-04        -6.5131181023213736e-05         3.3019945397530780e-04         3.0067421442354388e-04        -1.3538879086063581e-04
68                                    -2.8910667552337933e-04         2.9626166856406389e-04        -4.0023352101780464e-05         5.2026745317551365e-04        -9.8938462008019319e-05         3.5603681020583870e-05        -6.2443167910600401e-04        -1.7861275234998079e-04
69                                     1.7215459735079886e-04         1.2818570392620165e-04         7.9498690647047943e-04         8.5026150063524653e-04         2.7402647460537596e-05        -2.3670276756728559e-05         7.6672252914584174e-05        -3.9063272907140424e-05
70                                    -8.2444816522424962e-05        -1.0260729489144421e-03         6.7619350112283763e-04         1.7625979252641869e-04         7.1972385585174561e-04        -2.0313652657512945e-04        -2.8500034321890336e-05         5.7126571580102484e-06
71                                    -1.5824571242905564e-04         1.1109404007653622e-04        -1.6736053744884202e-04         5.5372101818521025e-04         6.8505835425064152e-05        -3.2008350612340250e-06         6.4331297069649131e-06         2.9462332265184181e-05
72                                     3.5431691084482396e-04        -1.9048603289134982e-04        -4.9522503727188519e-04         1.2505808038420897e-04         3.0151908140837493e-04         1.0563176105155516e-04        -9.1796409805885447e-05        -1.8186244772887511e-04
73                                     9.4674395642617621e-05        -1.9419945502244880e-04        -3.6307498421962096e-04         6.4587119246912279e-04         2.3160471503852606e-04         3.5255610490987741e-04        -3.4509556524044931e-06         6.4565541188462252e-05
74                                     1.6725772022719698e-04         1.9051258126430459e-05        -1.8393235960745472e-04         4.3907399771237522e-05        -2.1855665487191360e-04         1.3546281919042251e-05         7.7280906628332866e-05         4.7357278036885874e-05
75                                    -5.1029835069318005e-03        -1.5404336434388290e-03        -1.2033384105529081e-03        -9.8083198706122206e-03         2.8885510010176578e-02        -1.0504707952363390e-03        -2.2424446081512157e-05         3.8558410826756463e-05
76                                    -4.0270412972239281e-04         1.5483961570222564e-03        -5.7293344167772984e-05        -3.1462711844253421e-03        -2.8485203845383684e-04        -4.7603754501044770e-04        -1.1488678228871376e-05         1.0851532184340956e-06
77                                    -1.1159128432643097e-03        -1.2304026572629626e-04         4.6534702334466993e-03        -1.1016763428483437e-03         3.5020807102347225e-03         8.7421740211536536e-04        -1.9678392867564175e-05         3.2665665690385167e-05
78                                     8.6230536284114196e-05         6.4329222605708728e-07         1.9933682221035171e-06        -1.9805241868510709e-04        -1.0021053445499837e-04        -6.5844265846853173e-06        -1.6973463673706217e-02        -1.3570919504285564e-02
79                                    -4.4936117368068367e-05        -3.4511441986653747e-05         8.3771211301545293e-06         5.2789325670264437e-05         6.2421943477382596e-05        -1.3399159639841085e-05         5.8955190879645368e-03         4.4108409293092416e-03
80                                    -1.1025903867001308e-04         1.6446624435699692e-05        -9.0589587467766242e-06         1.8429030041465359e-04         9.2840105098704762e-05        -7.5758633368015521e-06         4.4103271015077938e-03        -8.7626924484666881e-04
81                                    -6.6307758784119562e-06         1.5786997532090562e-04         1.4975408532618702e-05        -9.5101034448566608e-05        -2.8402592006718220e-04        -3.6167576942545341e-05        -2.4019049824778625e-04        -1.2115487800967251e-04
82                                     6.3918007659583302e-05         9.4183528934416383e-05         2.7413860766164539e-05        -2.1842911565024099e-05        -2.5513315758824481e-04        -3.2077332500650898e-05        -3.8772789331213795e-05        -9.3309688714624146e-05
83                                    -3.0277155600503072e-05        -4.9023980397320667e-05        -2.0663077681724207e-05         2.1551130288728940e-05         9.4444024016556490e-05         7.2924887215198886e-06        -9.7235999505056452e-07        -6.2235270653277896e-05
84                                     2.4779481980098466e-05         9.8846365127152724e-06         4.4262661934710621e-06        -6.5237225003815437e-05        -4.2032650646387686e-05        -8.2753434610226787e-06        -1.0851845405978851e-03        -2.9725987190843924e-04
85                                    -1.0840938167377360e-06        -1.1390639794082904e-05         4.4166399576351360e-06        -7.5030871564162114e-06         1.3516299605183420e-06        -5.7841749164655188e-06        -4.8975128257725854e-04        -3.9744407699863896e-04
86                                     1.5235088928693564e-05         2.0976616260307349e-05         4.1867955315968595e-06        -2.3917600573303581e-05        -3.8661488388093152e-05        -1.6036829616579841e-05        -3.3461976650969619e-04         7.0751660126363246e-04
87                                    -3.3408798609742130e-01         6.6198466494113307e-03        -3.5045614002937361e-02        -1.3030074114642805e-02        -2.9597958496520999e-03        -1.7814706174140121e-03         5.1300515126291097e-06        -4.1966293783564802e-05
88                                     4.7344718057312990e-03        -5.9175885181768556e-02        -1.8844513155041984e-04         2.9629318680780118e-02         5.2244623897201078e-03         3.3822383959423636e-03        -5.1165998989091337e-06         3.1599971791563609e-06
89                                    -3.4900318215842080e-02         1.8730207745944801e-05        -2.7584202206671061e-02        -1.0943056591393770e-03        -2.7445566152998774e-04         2.0590338737238876e-03        -4.0929287572297834e-06         3.8887015911311801e-06
90                                    -4.6601734044881204e-05        -8.1408403262295942e-06        -3.9099737112481661e-06         1.0559231439097864e-04         4.9436269471789208e-05         9.9141374265521432e-06        -9.6498672510097073e-05         1.7917553277618614e-03
91                                    -3.4720851870541575e-06        -7.7747926402446291e-06         9.7619719216237118e-07         1.1918037452519334e-05         2.2046737270467508e-05        -1.0279614990153333e-06         2.6620663233730760e-03         2.3330915550990941e-03
92                                    -1.1708723732858179e-05         1.8413341600842178e-06        -2.1196389185091752e-06         3.1071013583185007e-05         1.4797343213862266e-05         4.8846951825924637e-06         2.7516555417143877e-03        -4.4026385233115100e-03
93                                     5.5750031120645836e-03        -4.5604306985032195e-03         7.8471845464920425e-04        -1.1343334028444639e-03         2.8435619086511488e-04         3.2276131468554170e-05        -2.6548338650617359e-06         3.2677772227896916e-05
94                                     2.1064888070105557e-03         1.5085713640579680e-03         2.7251560650054431e-04         5.0914336844936400e-04        -1.4468218627833145e-03         3.2345121552486314e-05         4.2647434972813044e-06        -6.0154812765519960e-05
95                                     8.5586519847493259e-04        -6.1313720462196990e-04        -1.5085625528029843e-03        -2.0028514592830383e-04         9.6649885859596699e-05        -7.8684459061068230e-04        -6.9987389644462507e-06         2.0852527915558080e-05
96                                    -2.1985354888182070e-03        -3.6137507595191088e-03        -5.7838642983923340e-04         1.2879294265672669e-02        -2.7161169796821066e-02         1.4714092672408593e-03        -8.9906409347536217e-06         4.6225216033776804e-05
97                                    -6.2350971874714639e-03        -2.5398711281615360e-03        -7.7972337051873631e-04         2.5972350099132607e-02        -3.9726764793858949e-02         2.5947524189611640e-03        -2.1581955170348153e-05         1.2561385854871834e-04
98                                    -6.3886838094047937e-04        -5.5214950033660812e-04         2.2674747831631461e-03         2.1080578154583371e-03        -3.7904770343437553e-03        -2.0117475082378350e-03        -2.1836512676694641e-05         4.6911100104627751e-05
99                                     3.1723702860772507e-05        -1.0646514939702755e-05        -3.5040465713571619e-07        -1.0529749445108562e-04        -5.1840076692505257e-05        -6.6734020288877012e-06         9.3617759353083092e-03         8.0833958738967607e-03
100                                   -4.4478229020900202e-05        -6.0137649480060835e-05        -4.9335628991884105e-06         1.0287834326981719e-04         1.3034575139338157e-04         1.6294527503368619e-05        -2.3627085852566253e-02        -1.3547736209846589e-02
101                                   -6.4834314487232964e-05        -1.3676344346168776e-06        -2.3384253669408102e-05         1.4701837115645811e-04         8.6271429800955854e-05         3.0815709023044095e-05        -3.0184190210909838e-02        -1.4705189436773038e-02
102                                    4.9562431798779035e-05         1.4161876904263831e-05         7.9881189232624650e-06        -1.2928435456827149e-04        -8.5049410360514468e-05        -1.7264529597029746e-05        -5.3270332943098769e-03         2.9419666458161578e-03
103                                   -5.7529104576773305e-06        -1.5273847225335502e-05         1.3740165400541273e-06         1.6629257693382739e-05         3.0387664209007665e-05         1.1065630883947136e-06         3.1566787535005970e-03         8.2383300979013479e-04
104                                    2.7328894828224396e-06         9.4560407041054226e-06        -2.6285541344349145e-06        -2.0770476559312987e-06        -1.2675123064272067e-05         1.5698455011659926e-06         3.2648809076569908e-03        -1.3552165988330337e-03
                                                        56                          57                          58                          59                          60                          61                          62                          63

0                                     -4.2866623296953094e-03        -1.2057518242172315e-03         7.4215278566029056e-04        -1.9006887324154080e-03         3.0892998730942464e-03        -4.3829391518733995e-04         8.0809128359441719e-05         6.4339665639900141e-04
1                                     -1.5765595005159689e-04         5.1620613909168040e-04         2.3167451851181217e-05         1.9560088073306936e-04         7.3266591671289415e-04         3.3593466976225343e-05         2.6375251449723813e-04        -5.8928126701099609e-04
2                                      7.9500473533526965e-04        -1.8451534013091039e-04         2.7041879733463324e-04         2.3281559109107942e-04         3.1355213315559092e-04        -2.8920018690114271e-04        -4.2007316810645110e-04         1.2151502455277851e-03
3                                     -4.0644477717444779e-04         8.0500980207367275e-04         2.0540549719632611e-04        -2.4024851495194847e-04         3.5729131367880117e-04         7.9294856889414449e-05         3.7248165268972505e-04         2.5624629284942170e-04
4                                      4.9956800440844381e-04         7.1776930076654865e-05         1.1454363106751364e-04         1.9353996268379309e-04        -5.5699588078514774e-04        -7.8584308326602888e-05        -1.9921416140649442e-04        -1.2705856126755715e-02
5                                     -4.3504685995293538e-05         2.7522054960571349e-04         1.2589731808044927e-04         1.2116148028645281e-06        -9.9525228035719044e-05         1.5225763927194722e-04         1.3898029002856564e-04        -2.4688144346303027e-02
6                                     -3.3099885737784243e-04        -5.3301760600987531e-05         2.9504360533668154e-05         1.7639368843203333e-05         4.4390551665266409e-04        -3.5056560917130775e-05         9.7798054633353140e-06         5.9621491148565005e-05
7                                      3.3763357489449393e-04         6.0294016384918828e-05        -2.1048142195352355e-05         9.5812775954384321e-07        -4.7457256573225307e-04         2.3229462748184325e-05        -1.3870315296646946e-05        -1.9115123959203130e-04
8                                     -6.3360850703424930e-05        -1.8317886204661068e-06         3.0983036226977199e-06         9.3130133993172160e-06         4.4003274178907746e-05        -4.0579202769387116e-07        -1.2873889375199975e-06        -9.5310576659961855e-05
9                                     -4.7234072504041564e-04        -4.0389577576714804e-05         5.0392334348528587e-05         8.4446493576334491e-07         5.5384903522570032e-04        -4.4070255778500827e-05         3.5533247625696776e-05        -3.9180525568007721e-05
10                                    -6.2118523784161512e-04        -3.0043365661675903e-05         6.6117364625070809e-05         3.0704447164737851e-05         6.9034683515903155e-04        -5.3843800805856407e-05         5.4458131720197777e-05        -7.1326536418011492e-05
11                                    -1.1406261285143676e-04         2.6532089405148225e-06         4.1556010941851042e-06         1.1576900921782406e-05         7.4574838857632494e-05        -6.4037313861158956e-07         4.1796225011114780e-06        -2.9863652798198532e-05
12                                     2.9342864229744213e-02        -7.6925553726594790e-03        -2.5481804502824022e-04        -2.1228553083353328e-03         9.3496649090365758e-03        -1.5829705227925189e-02        -2.0979345312117908e-02         4.0899733562240956e-05
13                                    -1.1877716501986776e-01        -3.0618095709349737e-03         5.3454543193849685e-03         1.6597098183409563e-03         8.4700607317571425e-03        -1.6450952735834100e-02        -2.9595420381176914e-02        -6.2082469665016710e-07
14                                    -1.9465525149144616e-01        -6.0799317148028135e-03         1.9425804463397527e-03         5.8053451079252919e-03         1.1664599918420167e-02        -3.3527328488986714e-02        -3.7220792341848913e-02         3.7570593490326038e-06
15                                     3.4006247210017215e-03        -2.7781939818906053e-02         9.4115228287396796e-03         7.2884894734051853e-03        -2.9820762896354580e-01         6.8282101844646378e-02         5.2253027962882337e-02         4.2385672989647444e-05
16                                    -4.5602518225690628e-04         3.1416114108186954e-02        -1.3307553927083184e-03        -6.1717886374579242e-03         3.6834363016383334e-02        -7.5026062041466834e-02        -4.3448801190313163e-02        -6.0151276170258361e-06
17                                     6.2461324091620078e-03         3.7943759773624464e-02        -9.9555037631852122e-03        -7.8183757488537939e-04         9.2639379991784968e-03        -3.8234924715853630e-02        -8.9625263715182008e-02        -6.6696912218843635e-06
18                                     5.7394118265422780e-04        -1.7225778707976023e-03        -5.3939420089093009e-04         1.4640589917630051e-03         5.1385341183773480e-04        -4.2231643624568069e-04        -1.0204662548287690e-03        -6.0146488742288257e-02
19                                    -4.1199206050789548e-04        -5.3591511726790576e-04        -3.7379107939323038e-04         3.1309056652638410e-04         8.3550805029620426e-04        -1.7526244545664621e-04        -1.6617085212536955e-04         8.4845160703760150e-03
20                                    -5.0279764139511771e-04         2.7388712896165256e-04        -3.7545658121829651e-05        -3.3760870709814012e-04        -1.1996698147830141e-05         2.6936185732447955e-04         6.0442827382677978e-04         4.5897316762599283e-02
21                                     2.0846541878442098e-03         1.7579493629959579e-03        -3.0298120189813805e-03        -1.2793254947689459e-03        -4.2361290583338099e-03         3.5938788485261205e-04         3.3856322054826775e-04         1.5386891783643868e-03
22                                    -4.0408382969670566e-03        -2.6437870046663141e-03         3.8467820691856919e-03        -4.9514591286530943e-03        -1.3929033338293414e-03        -1.2404744665241775e-03        -9.5502744046499109e-04         3.9197408090219966e-05
23                                    -1.5765889595815187e-03        -3.2247461002069019e-03        -4.2745199715901435e-03        -4.5232624272245137e-04         5.8106314850899302e-05        -2.5495375007297176e-04        -1.5473996516972243e-03        -1.1151981939601775e-02
24                                     1.0245182406684345e-04         2.3323013081955881e-05         9.7217058979952271e-05        -3.1926621598886993e-05        -9.0338810674006577e-05         6.4155075525293686e-06        -1.1031734680174305e-05        -6.6987176529287890e-03
25                                     7.2952167589775650e-06         3.8698198377377382e-04         1.0216072345980743e-04        -4.0987346822169671e-04        -4.3310469876843430e-04         1.4669465579872341e-04         2.6896673886154691e-04         6.6405473822355870e-03
26                                     4.4202889375137035e-05         1.8618077736496687e-05        -1.2408679191032381e-04         1.5159970002189295e-04         3.7167275000311297e-04         4.0712053063481139e-05         3.1862124996413591e-05         3.1796273784742340e-02
27                                    -6.4444152131447959e-04        -9.4256838356562150e-05         8.4566208332252603e-05        -7.5519467229097717e-05         5.7664441399279042e-04        -3.1758842611143135e-05         3.7590842875565673e-05         1.4613510309174158e-03
28                                     2.5972093451393516e-04         3.9258579715061893e-05        -7.4941989020757354e-05        -7.4102967013205991e-05        -3.3690239798876177e-04         5.3307901988033983e-05         3.6041237915446570e-06         1.0532318560705395e-03
29                                    -5.1656271294994900e-05        -3.9410565789355393e-05         9.0004232863214958e-06         1.6694863102366148e-06        -2.2099097167614591e-05         1.4823500769084968e-06        -3.2968792280669212e-05        -2.3403425206511806e-04
30                                     2.5486043761783579e-03         3.0669698016031551e-04        -1.9177729552140462e-04         4.2635685226417343e-05        -2.3120122391777718e-03        -1.4250238753306277e-06        -2.2342041483350598e-04        -6.1046106603925780e-04
31                                    -1.5742033552332637e-04        -1.2435123252655354e-05         3.5610269568131319e-05        -4.3301058718452491e-04         3.0288514332641868e-04        -6.3704075431812718e-07         9.7888115039407113e-05         4.3022038714919490e-05
32                                     2.5771945196806378e-04        -3.4796673083466699e-05         1.3797729076867263e-04         2.6358535205188294e-05        -1.0739767349413737e-04        -4.4008275559051125e-05        -6.4353427503327523e-05         9.3933517199574492e-05
33                                     3.0908973112593423e-02        -4.9071649835571954e-02         2.1007217491145289e-04        -1.0070224281604482e-02        -6.7834919934170457e-04        -1.1405419124938367e-02        -1.6463879131815504e-02         1.1625219238884316e-03
34                                     7.3579975294413152e-03        -2.8252205184619364e-02         2.1335688841554516e-02         1.8583569399903993e-02        -1.1339663552888244e-02        -1.9666713891321044e-02        -2.8978000534527332e-02        -6.6091972811584609e-04
35                                     1.5716096167871594e-02        -4.8713339550311471e-02         2.2612544876881722e-02         2.8709058870313976e-02        -1.7373427133986305e-02        -3.0078106783337100e-02        -4.3835569462213286e-02        -6.4124206012722870e-04
36                                     6.2265977926384336e-04         6.9969810870702635e-05        -5.5003306660810760e-05        -1.8389081410696384e-05        -7.4481217475351512e-04         4.7835492737807972e-05        -3.9878492398426313e-05        -4.5924154598043815e-04
37                                    -2.1703295879703301e-04         5.1681478123962767e-06         1.1396183531825639e-05         8.2660538689883632e-06         3.3563677076865013e-04        -5.1421316120637148e-06         3.3941696535457952e-05         5.8694207227484715e-05
38                                     8.9720280282625452e-05         3.1104162154660256e-06        -1.8300552283211633e-05        -9.5581152708665339e-06        -9.1768079555129838e-05         8.7468414480756361e-06         2.0129799154804448e-06        -3.2970726666252165e-04
39                                    -7.4098674514951252e-04        -1.2298449757184850e-04         9.9859195164170409e-05        -1.1341930779403602e-04         8.2246920005069274e-04        -6.9974089806018353e-05         4.4043443299595476e-05         3.9677983945944747e-05
40                                    -1.6389173077130804e-04         2.4021750547247121e-06         3.2964871961197275e-06         6.3558960078562566e-05         1.3840913882737769e-04         6.7377362840520381e-06         1.5176579472980700e-05        -1.5340164597037187e-04
41                                    -2.0126367060256737e-04         4.9729795982262725e-06         1.2720505693329896e-05        -1.3647855977104694e-05         1.3293618329029831e-04        -7.4101774018940766e-06         1.4689360093266404e-05        -1.0017163594737254e-05
42                                     4.3600740552655864e-02        -3.2948455455978805e-02         1.4594007180788097e-02         1.5811365898974718e-02        -4.5467681259029329e-02        -2.5447836001157416e-02        -4.1732825950137789e-02         2.2738716792200476e-04
43                                    -4.3420253680479318e-02         2.0420305944130933e-02        -1.2984313729783885e-02        -1.2830071227835121e-02         6.6198655334054248e-04         2.1707068071750206e-02         2.8859643928485321e-02        -4.8425287211590175e-05
44                                    -1.0830810583106459e-01         2.3979047640398911e-02        -1.3706681194968966e-02        -1.7093901574487078e-02        -5.3452094550779676e-03         2.5569811063561508e-02         3.4045121266029071e-02         1.7618779696543111e-04
45                                    -2.3896364759697114e-02        -3.2842375367628923e-01         2.9626388210972313e-02        -1.4631710148212615e-03         4.0747064874265722e-03         5.1178768565425796e-02         7.1968376317223803e-02        -2.9463028648057769e-04
46                                    -2.8413245350215437e-03         6.7364703086678759e-02        -8.4627759326858287e-02        -3.7922686325322044e-02         2.3436218869001459e-02        -2.8432365325530527e-03         1.9671265872339347e-03        -1.2304789608456987e-04
47                                    -5.4668423459590431e-03         4.8692853680856477e-02        -4.2688996881794172e-02        -1.0107092682213004e-01         3.1897596916465376e-02         4.9283910398741290e-03         9.7853958990972070e-03        -1.6688464248367950e-04
48                                    -2.7225897549639703e-04        -3.1793143752790608e-05         2.5133694595296066e-05        -1.8376963805523741e-06         2.7410353406399641e-04        -1.5093303085752389e-05         1.7607320405887283e-05        -1.3230431361361961e-05
49                                    -1.0560966298516443e-04         7.8888485808839223e-06         1.7718201316019148e-05         1.7270773108116942e-05         9.5076847745318859e-05        -1.2831139613794239e-05         1.2780300625137519e-05         7.4212155351568713e-05
50                                    -7.2599328031974767e-05         7.1294706193564521e-07         4.0498019812410648e-06         4.4702663596494683e-06         4.3821720212668122e-05         1.0633320652862059e-06         2.7556318242890345e-06         7.2147666710119447e-06
51                                     6.0949188436151499e-04         5.9885034935001317e-05        -4.6814226701981111e-05        -3.8018627132888549e-06        -6.9213460982126300e-04         4.1521965025234532e-05        -4.6611732194727081e-05         7.7565692817887228e-05
52                                     4.5970178776646086e-04         2.9628710357886522e-06        -4.2446884873542515e-05        -6.4685055272441444e-05        -4.8417175229702267e-04         2.8825971058358705e-05        -4.6173695495610369e-05         1.0730333691353982e-06
53                                     1.1069663983237683e-04         6.6452900900422601e-06        -1.9171589479816539e-05        -1.1686955398612836e-05        -9.3681491615390703e-05         1.2713124382250266e-06         1.6905578752411055e-07         1.3004530647703848e-05
54                                     3.0781871353779182e-02         5.9241728301107993e-02        -2.7671852218245870e-02        -2.9475980054324606e-02        -1.8981461858736245e-01        -2.2795733005621696e-02        -5.1154032701747482e-02        -3.8876614326902579e-04
55                                     2.6978968990021279e-01        -1.7790629488161932e-03        -1.4611563749576704e-02        -2.1577401005816746e-02        -7.1618713229703992e-02        -1.0775019550006580e-01        -6.8230547923536153e-02        -5.5387934391906300e-05
56                                     5.1009209099119779e-01         7.4329569019255717e-03        -2.5561879164883679e-02        -3.3924753312068109e-02        -1.1668191386684354e-01        -5.9902083230447378e-02        -1.6598792057409759e-01         2.3691024564786458e-05
57                                     7.4329569019255717e-03         7.1364087824711409e-01        -3.2481904185448392e-02         4.8571539134213963e-02        -1.4651163639984208e-01         1.3292351316569612e-02         3.2288366801043744e-03         2.3741579054215554e-04
58                                    -2.5561879164883679e-02        -3.2481904185448392e-02         3.1759728017254424e-01         2.7757934538714363e-01         5.9036696131329697e-02        -1.5250293870195497e-01        -1.2528235867124490e-01        -6.5610033859128029e-05
59                                    -3.3924753312068109e-02         4.8571539134213963e-02         2.7757934538714363e-01         5.0273877162994962e-01         6.6897669749605593e-02        -1.3246373764875269e-01        -2.2577003281262303e-01        -1.0477294632883262e-04
60                                    -1.1668191386684354e-01        -1.4651163639984208e-01         5.9036696131329697e-02         6.6897669749605593e-02         7.0765818498861677e-01        -4.5234633779364521e-02         2.7236511600050872e-02         2.7184341667947382e-05
61                                    -5.9902083230447378e-02         1.3292351316569612e-02        -1.5250293870195497e-01        -1.3246373764875269e-01        -4.5234633779364521e-02         3.4751738268813670e-01         2.7801455522760965e-01         1.6598090993190915e-04
62                                    -1.6598792057409759e-01         3.2288366801043744e-03        -1.2528235867124490e-01        -2.2577003281262303e-01         2.7236511600050872e-02         2.7801455522760965e-01         5.2419528363587353e-01         1.8990941735766144e-04
63                                     2.3691024564786458e-05         2.3741579054215554e-04        -6.5610033859128029e-05        -1.0477294632883262e-04         2.7184341667947382e-05         1.6598090993190915e-04         1.8990941735766144e-04         6.7383963918401110e-02
64                                    -1.1149086511141361e-05        -2.9672602237256922e-04         1.4890174096774059e-04         1.7224424499168606e-04        -1.5111477869991243e-04        -1.9770885137689316e-04        -3.1911862595462620e-04        -5.5271716755570088e-03
65                                     6.5996647940685070e-05         3.2903471561325243e-04        -2.5004313075674997e-05        -2.2365578334622264e-06         7.9540331275447084e-05         1.3865955475303758e-04         1.9824881922119320e-04        -4.2088798071238318e-02
66                                     5.7635175457805207e-04        -1.8647475163569911e-04        -6.0427895042227341e-06         1.2022740986281056e-05         4.1022815320502902e-04        -3.6146660338473211e-04        -6.5836022179534845e-06        -1.1040390162416576e-04
67                                     1.2916638253000117e-06         7.7251621245392609e-05        -4.9022589241615416e-04         1.4095877510372876e-04        -2.3606362892760141e-04         9.2743700203128988e-06        -6.2195547748661298e-05         1.5199807854207534e-03
68                                    -1.9811601406339099e-04         7.1739531273928760e-04        -4.4924506635499780e-04         2.8403014703732329e-04        -9.9329041597490640e-05         2.7299688117849677e-04         5.4860715230754190e-04        -1.2448907538435178e-03
69                                    -3.8945647978634834e-05        -7.8158244888365736e-05        -1.4182253802554867e-06         4.6856099952308522e-05         2.4705696570052427e-05        -5.0205343271361001e-05        -5.2272038413201965e-05        -6.1658756814853468e-03
70                                    -1.4507473996959821e-05         3.8981613837266388e-05         3.8775081847855703e-06         1.8849267838179351e-05         4.0148670922810739e-05         1.2341308114695971e-05         2.3109991595563051e-05         8.2834003402399835e-04
71                                     1.7443925577811025e-05         2.2622716744154833e-05         9.7994363226306465e-06         8.3818230159123791e-06        -4.0098074639705571e-05         1.2846368356975895e-06         1.4519943638812978e-06         1.5245739077427625e-03
72                                    -1.0865133320553356e-04        -8.3721188177527956e-05        -4.5496081667405084e-05         1.3111188816824050e-04         2.9309958740130219e-04        -2.5425959613745885e-05        -3.6636629635824279e-05         1.6819400463670394e-03
73                                     5.8527671489211949e-05         6.1488549012885668e-05        -6.8277750646660333e-06        -3.5681935538474569e-05        -1.0251864654264647e-04         2.2415997136031359e-05         3.3490912337171799e-05        -2.2581288713033765e-05
74                                     2.1280931523791737e-05        -2.0929059273428006e-05         7.7930423397153093e-06        -2.2555370009389396e-05        -2.5028266592698510e-05        -9.4863724729591704e-06        -8.6869698157767219e-06        -6.4255101486429588e-04
75                                     5.2796621445195136e-05         1.4261790007889189e-05        -1.7830645742567420e-06         8.4101839136047594e-06        -6.7272442724631860e-05         5.1184544079020677e-07        -2.4117723287384128e-06        -1.3876136725573314e-05
76                                     4.8939008929420151e-06         5.7980583505949732e-06         5.7763364484295348e-06         4.3308120224146759e-06        -7.4324051047305016e-06        -8.2227406035354384e-06        -3.2479572892850101e-07        -3.4673526900198912e-05
77                                     3.8257892718370428e-05        -1.3287614826657342e-05         7.3710981406151628e-06        -8.4876667924660992e-06        -1.0108923387838840e-07        -7.8563571369486263e-07         1.0298790958234458e-06         2.3190589843947482e-05
78                                    -2.1111974422344464e-02        -5.1306474399067108e-04         5.8732911387722356e-04         7.9374679781926021e-04        -3.5489592328324191e-03         2.5064214640892878e-03         2.0854795753317040e-03         4.7261094958116288e-05
79                                     2.1493610870146691e-03         6.0256776829580320e-04        -4.6771912364465827e-04         1.1145194067015759e-04         2.0838955787534758e-03         3.6297405865316941e-03        -2.7192058517830622e-03         1.6540326918611801e-04
80                                     2.8780371667052173e-03         6.4408507142539400e-04         2.8923202041172781e-04         1.7355022105163334e-06         1.1057916339314278e-03        -2.7560880545628654e-03         2.5253324443744131e-03        -5.1750783879204315e-05
81                                    -2.2142950753121490e-04         1.9635688248689960e-04         5.6006781550766100e-06        -7.7219521408833882e-05         2.4623915965840465e-04         1.3769662123238149e-04         2.0662874333928711e-04         3.0226234693779769e-05
82                                    -8.5966138019670599e-05         4.1092380808712640e-05         9.9159953659282867e-06         5.2223191497934702e-05         1.4676823949600357e-04        -9.4949456831824595e-06         3.2667645662865923e-05         1.2722038555786209e-03
83                                    -5.8319391869078021e-05         1.0578299461450687e-04         7.0627154911537780e-05         2.6430892322533168e-05         9.1426125924634789e-05         3.5956411196204547e-07         6.2594527186475265e-05         2.9365165568857399e-04
84                                    -3.8841119816074624e-04        -5.2141871973486464e-03         1.8882527996730614e-02         2.4269375738018597e-02        -4.8522292936516364e-03         3.4135152835267513e-04        -1.5142657576432284e-03         2.4825617773215091e-05
85                                     7.3367548300828033e-04         1.9567685072569008e-04        -1.6190689761701358e-03        -2.7816389978162232e-03         9.1864668215526583e-04         4.8934814726650623e-03        -2.1684712447263715e-03        -2.0869440700042505e-05
86                                    -5.3791677207130299e-05        -5.6530864680107845e-04        -8.9844491336808427e-04        -2.9094451654953970e-04        -1.9166030142543384e-04        -2.3455759909315585e-03         3.6242697443346779e-03         1.3881512008700905e-04
87                                    -5.5616178982268111e-05        -3.3394634649751547e-06         4.7781333322014408e-06         3.0481595315679302e-06         7.0377440648840706e-05        -4.6756971007748421e-06         3.9174627314556747e-06        -1.8935698480042069e-05
88                                     7.5982328152203129e-06         5.0719245007589670e-06         2.3295309786780023e-07         3.6168162262461182e-06        -8.9756658704239455e-06        -6.6818122421913620e-07         4.0588529416340369e-07        -2.4183934398966969e-05
89                                     8.7635928408685024e-06        -1.9834427216839094e-07         1.5023912135764673e-06        -1.2959706856536759e-06         5.3734894821099322e-06        -1.1710045878238100e-06         9.1141634668518112e-07         2.7979522980240600e-05
90                                     1.5234865016162283e-03        -1.7978789430254827e-01        -6.7586347030284336e-02        -1.1679504867746079e-01         5.0705115216888863e-03         5.0522721427043588e-03         7.2979180556696638e-03         3.9841155817905115e-06
91                                    -4.2963660569455449e-03        -6.7355667656268603e-02        -8.0587696500726141e-02        -8.0700545411371893e-02        -1.4417383574295879e-02        -3.7430145365851177e-03        -1.1611423648006811e-02        -1.6490008189357639e-05
92                                     1.3016157579294821e-04        -1.1660441411574371e-01        -8.0796126953450731e-02        -1.6010662179985008e-01        -1.9692666957125654e-02        -8.4931800362544538e-03        -1.1781475109293418e-02         1.3266060704005250e-05
93                                     4.9518808727872995e-05         8.7748960126603562e-07        -2.9702448673227960e-06        -9.8008310542080021e-07        -7.3139985818369705e-05         2.8257665192256973e-06        -6.5842746447419159e-06        -1.5487861995678405e-05
94                                    -8.0637767973593824e-05        -9.8850458136503767e-06         5.7635845908724265e-06         1.2266590571166576e-05         1.2052462829327998e-04        -8.4073971325703907e-06         2.7007682176992298e-06        -6.0980668876149857e-05
95                                     2.7449228118921513e-05        -3.7595813835111466e-06         2.1769257942394076e-06        -4.8913811836925929e-06        -1.0017882716981672e-05        -2.9690604009314775e-06        -1.5440896339162399e-06         1.8468321367986523e-05
96                                     6.6991199722902031e-05         1.1699888983044077e-05        -6.2177299649914864e-06        -1.2444930533909385e-06        -1.0560967637180752e-04         6.6562250865023325e-06        -2.7472741038051299e-06         2.1147617944639908e-06
97                                     1.5815942885883880e-04         1.1566214589239570e-05        -1.6073123256540953e-05        -1.1954339212311453e-06        -1.7128179460361220e-04         1.2707562500265495e-05        -1.3524779777366594e-05         8.6689009082372044e-06
98                                     6.4672249577403239e-05        -8.0485246406242672e-06         2.6880572005777590e-06        -7.2005729853984391e-06        -1.6460834984735964e-05        -4.6531124291667533e-06        -2.7726785425065164e-06         1.1455496468307520e-05
99                                     1.2513784106117774e-02         5.7991522904386208e-04        -3.1974224816369210e-04        -5.5276251608802674e-04        -1.1335303237874207e-03         3.0905080343983007e-03         3.6862298773034973e-03        -9.1013799609913470e-06
100                                   -1.9166679891948698e-02        -1.1624187934136457e-03         6.8579841563096199e-04        -9.5157949996653934e-04         2.8208818969278652e-03        -7.4324361217313183e-04        -3.3773384469743938e-03         2.4013865687103574e-05
101                                   -2.6168300912784680e-02        -1.6880172688594980e-03        -8.2892558690152184e-04        -1.5537853933437736e-04         3.3012836690841391e-03        -3.4013043552074285e-03        -1.9557523550067669e-03         1.2533811455176717e-05
102                                    2.8337687395342780e-03         4.6219183411707852e-03        -1.4049767268814843e-03        -1.0495780259375601e-03        -3.5320236327449100e-02        -2.2374293285178516e-02        -3.5720494569353285e-02        -4.2616923970792658e-06
103                                   -1.3078040579514150e-03         3.0147769790567353e-03         3.9768813807160644e-04         2.2228824775934151e-03         9.2611924678141500e-03         2.4208337493594103e-03         7.4744310188890146e-03        -8.1663157744371866e-07
104                                    8.4350879519543161e-04         4.9489789946493574e-03         1.5588310303691110e-03         2.0531232669976757e-03         7.2402258141057649e-03         2.4455476318456185e-03         2.4685684195786609e-03        -3.2051683342078406e-06
                                                        64                          65                          66                          67                          68                          69                          70                          71

0                                      7.2503052186256270e-04        -1.3582094949301203e-04        -2.0666826459599819e-03        -8.1435008071409215e-03        -7.8525065087543255e-03         1.5717421280550170e-03         1.7889644574897077e-03         3.6095331670478285e-04
1                                      2.4745152544089826e-03        -3.3733471752243026e-04        -1.1575888900885192e-02        -1.6249270010354304e-02        -1.0939779520911623e-02         4.4029525670381169e-04         2.2033235314841568e-04         4.8544698622111351e-04
2                                     -1.2555329428949259e-03         2.5537065787280761e-03        -2.2841832238708698e-02        -3.2377741655023336e-02        -5.7223230755390243e-03        -5.7238043346350092e-04        -3.8788785584046648e-05         5.2186390189887298e-04
3                                     -7.0962734616689463e-03        -6.6084642994502646e-03         2.1268587516610257e-04         6.0008625447628499e-04         3.7141261206287499e-04         4.1777350442106041e-03        -1.4493643633428643e-03        -1.5771270376041206e-03
4                                     -1.5885359883979822e-02        -1.1748920877553181e-02        -3.0051094169522053e-04         2.0634082626751265e-03        -2.5091726680107599e-04         4.8423929738852355e-04         7.3312380638867244e-04         1.6241208082352354e-03
5                                     -3.2576249269774163e-02        -5.8600803282492144e-03         5.9857541541428940e-04        -1.4535445863752877e-03         2.0399388385965783e-03        -1.2368214718760555e-03         1.4803216735781301e-03         2.3141240774835737e-03
6                                     -7.1341616926806563e-05        -6.1937461789709526e-05        -4.2769165597229299e-05        -1.2330769831992935e-04        -5.6295488180776228e-05         3.4368553182759871e-04        -1.0112928608313348e-03        -1.2244504092984252e-04
7                                      1.7161673582712306e-05         6.1088858469807335e-05         1.3154725005531465e-04         2.3718434803930808e-04         1.5536725307903863e-04         1.0886035664235587e-03         1.5512002710585473e-03         5.5536530695709900e-04
8                                      7.5166562259822866e-06         6.6846085476533475e-05         7.6384230435485668e-06        -2.0460494013900029e-05         3.0105733995058222e-05        -1.0237897736181504e-04        -5.8990844467863624e-04         2.0874227297575055e-04
9                                      4.5332907781319440e-05         4.1861722318138270e-05        -1.3435011665674057e-04        -2.0172982525858645e-04        -1.1875673608302984e-04        -5.1757148623216031e-04        -4.7626501171715721e-04        -1.7000174651310082e-04
10                                     8.1950197457088521e-05         6.6346279560811463e-05        -5.7138645267972986e-05        -1.4397655151925003e-04        -2.8575982537026542e-05        -6.8442967715707354e-04        -8.0877891535004003e-04        -1.8897171250287445e-04
11                                     9.0108508901548680e-06         4.8309445468044140e-05        -5.6545964202893900e-05        -5.5750857346192846e-05         2.0338223421090284e-05        -9.4463842211952394e-05        -6.4381549837285910e-05        -4.7314482266212982e-06
12                                    -1.2404240060840928e-05        -8.1890861821556221e-06        -6.5037354085252714e-04         6.6030684807190680e-05         8.9159425498399648e-05         8.4208856364733145e-10        -2.5014980563004344e-05         6.0186863791791834e-07
13                                    -4.2223256909406054e-05        -6.2697724309694917e-06         3.7760422774940877e-04        -7.8354612885740222e-05         1.0568960422141103e-04         1.9931704763463167e-05         4.5924148416881625e-05        -3.9559313786095298e-06
14                                    -1.6641978870546257e-05         1.0195814004739342e-04         1.5984302906588344e-04         5.1008261243416978e-05         7.4852869125897263e-05        -2.6023752442912703e-06         4.9014221017637259e-05         9.5502210898788537e-06
15                                     5.4508991590940611e-05        -8.1339085442859319e-05        -5.1867153993484538e-04         2.2236724758226652e-04         1.1685000581412907e-04        -5.3729531866386687e-05        -3.4315273303112305e-05         4.7235654101411453e-05
16                                    -1.3512228141240304e-05         3.1153070562845841e-05         1.3139354616137567e-04         2.5171722787435799e-05         8.7333611406103899e-05         1.7712194648284764e-05         1.1753141064207713e-05        -4.2535328476029158e-06
17                                     2.6327206058517994e-05         3.4076694192861252e-05        -6.3502986280734603e-05        -1.7469219932116347e-05        -6.0388765397146899e-05        -1.8319893238573641e-07         9.5041030626751705e-06         1.2796432246162288e-06
18                                     9.7467658292888903e-03         4.4975953545618647e-02         2.5030529595972701e-03        -3.7957746524526822e-03         3.4598220346025756e-03        -7.0231126776711204e-03         8.2085141492285220e-04         1.4585876137404655e-03
19                                    -5.7194898706317929e-02        -3.3997013700449621e-02         1.3736740476085231e-03         2.8171322727156434e-03        -9.7647519580768699e-04         1.4297821691702337e-02        -3.5910991049838466e-03        -3.2880508934081988e-03
20                                    -3.2988099058682760e-02        -2.7735974413134135e-01        -9.8369988196857182e-03         2.9028736653996648e-02        -2.2510705341804594e-02         3.3036913821198444e-02        -7.2617877846811625e-03        -8.3409688525807150e-03
21                                    -3.0555830122375744e-03         2.7554492892961965e-03        -6.5090895842088589e-02         7.6745410003016788e-03         5.3996632996197613e-02         8.8762449298379880e-04        -8.7468061115204398e-04        -4.5244205908928723e-04
22                                     2.3575637890974454e-03        -1.6398821205002440e-03         8.9616477348510287e-03        -5.1765093668065428e-02        -3.1363420034733032e-02        -2.0638719412990154e-03        -4.4021374046408247e-04        -1.8810223090277769e-04
23                                     2.8428717901027491e-02        -2.1316899526632484e-02         5.4934258665935209e-02        -2.9834946860907458e-02        -2.8069355715318411e-01         1.2234395360839047e-03        -1.8028929446080224e-03        -5.8890498546407093e-05
24                                     4.1898130412824980e-03         4.2113805138532107e-04         7.7387797955695418e-04        -1.2295368485424544e-03         9.3281783449696790e-04        -4.8794486456175803e-02         1.3476507198664785e-02         2.0881525921653710e-02
25                                     1.2953593979316922e-03         4.9367522894869405e-04         6.7585760491348928e-05         9.6534335454063558e-04        -1.4176595638702239e-03         9.3703178792380951e-03        -8.7768950107628640e-02        -9.0063662962384883e-02
26                                    -7.1917564820293094e-03        -4.3944384957179299e-03        -1.1227527348870079e-03        -2.3264649117549305e-04         5.3527034221581993e-04         1.6849998456702913e-02        -9.3555334465622572e-02        -2.5608245902919319e-01
27                                     2.2122080138665324e-04         3.6728229672885332e-04         1.9494609872385557e-04        -4.5242559994279716e-04        -7.6847174569058953e-04         1.6657204970839904e-03        -1.9181347699863413e-03        -2.4267458181840597e-03
28                                    -1.2681490329992905e-04        -5.0353552992373190e-04        -1.7228986469247816e-04         4.9742553794537576e-04         3.7574919568517454e-04        -9.3685529858798175e-03        -1.7786403437412640e-02        -2.3206584318516271e-03
29                                     2.3891378353755764e-04         8.1197679832283650e-05         8.7550146229441834e-04        -6.1875538601898947e-05        -1.5711582642416585e-05        -1.6367627870375864e-02        -2.2998147964133860e-02         4.5270506020089057e-03
30                                     6.9477643565930337e-05         6.0193080119584456e-04         5.1110453493633367e-03         6.5550579041213216e-03         3.4070047944141616e-03        -2.0640243310031865e-03        -3.6926868581138913e-03        -3.9401965486615762e-04
31                                    -9.0850326164435086e-05         2.4855133210672522e-04        -3.7208002474196868e-04        -2.8852775462767362e-04        -5.4736017487443242e-04         7.3555219222689488e-04         3.6545938401397280e-04         1.4412704336701884e-03
32                                    -6.0031311256477293e-05        -2.4569441541310059e-04        -1.7586790654463883e-03        -4.5274720458099443e-04         3.0232617563281201e-04        -3.7949317663093715e-04        -1.3607930640563868e-03        -5.2735294021975104e-04
33                                    -1.7158369301692291e-03         1.3700540870487830e-03        -8.8767608467944063e-03         6.1315785792521111e-03         1.2364713638167851e-03        -7.9999328297307136e-05         1.5167452712281336e-04        -5.3360022564049280e-05
34                                     9.8239682699869778e-04        -5.1329899920427979e-04         7.2089217789727414e-03        -4.2071317378443700e-04        -4.4868568845706641e-04        -5.6689604752235308e-05         1.3856185358842565e-04         2.0160811435403648e-05
35                                    -5.8571409668410753e-04         9.1998631460497599e-04         3.0375163119916504e-02        -8.9096620101875926e-03        -2.1573868596055411e-03        -2.8190326875109919e-04         3.5338814969851530e-04         1.4411996335315976e-04
36                                     2.2300355952153852e-04         3.2752491529906488e-04        -3.3619670793142830e-04         5.5834469978786948e-05        -1.4756295533896804e-04         5.0742767335339829e-04         3.0627255230879693e-03         9.4676718057473165e-04
37                                     3.0940147856355359e-04         2.3896093300940333e-04        -1.5208749360915433e-04        -1.9619729871014961e-04        -2.3852265888195325e-04        -2.1343192825962897e-03        -1.2257842322873865e-03        -1.0508171556176502e-03
38                                     9.6138499325128289e-06         1.7478052322351988e-05         1.7147807865225303e-04        -3.4853165201163946e-05        -1.1343265710725132e-04        -2.0994878287646174e-04         3.6422249535710341e-04         5.1333153193321612e-04
39                                    -4.8222171050160147e-07         8.4759300380119547e-05        -1.0160394586432300e-03        -1.3804458149706776e-03        -1.0803167695862996e-03        -8.3674954983267778e-04        -1.9639342099793852e-04        -5.0313165780818073e-04
40                                     1.2432293232530627e-04         9.7689692132724160e-05        -5.6190212542401598e-04        -6.4386846566707567e-04        -3.5547339957228219e-04        -3.8952094714422240e-04        -4.1928661171833370e-04        -4.1802650273887977e-04
41                                     4.0056555218214649e-05         1.0472509078629597e-06         2.9890262016650607e-04         2.9025911359537547e-04        -1.0806527297143676e-04         5.9124639629342171e-04         1.1493227496166799e-03        -1.3976316644238694e-04
42                                    -1.3350879382976891e-04        -1.9622834762299582e-04        -5.2738771637962992e-03         6.8424735459377646e-04         5.4153726937923759e-04         2.0482805202424195e-05        -1.0767155582482949e-04        -4.0502404059312796e-05
43                                     1.7391914209976991e-04        -2.7518065955308389e-04        -6.8526690064935926e-04         1.0319126455273174e-03         3.3568155242829018e-04         6.6407705879489696e-05        -4.3598049933764370e-05        -1.9504408213441614e-05
44                                    -6.8777086225735654e-07         1.2433286689124260e-04        -7.1831440572708155e-04         1.3479137403524417e-04         3.3057220114718431e-04        -9.7776139864187689e-05        -1.5358245432252142e-05        -4.2820781263163809e-06
45                                     6.5459970671883109e-04        -5.8370266123524274e-04         1.2894204911192125e-03        -1.3917383771411148e-03        -2.0488274817246632e-03         9.2825799686508168e-05        -1.2624230170630094e-05         2.2534088109222227e-05
46                                     2.4198752551644767e-04        -2.9915483820910200e-04         1.7655122681618893e-03         1.5543948332364700e-04        -2.1623325409789808e-04         1.2532033920688448e-04        -5.9989697668322525e-05        -6.1984115684440835e-06
47                                     1.7059288961606312e-05        -1.2281831651453096e-04         1.0411074793658529e-03         2.5729170548829250e-04         5.2801505264618749e-04         3.7889281578405092e-05        -4.8629512575281331e-05        -6.3194087149203359e-05
48                                     8.7056195849750332e-06         5.6351636205239156e-05        -6.7541271973974980e-05        -3.5513622162447966e-04        -2.8910667552337933e-04         1.7215459735079886e-04        -8.2444816522424962e-05        -1.5824571242905564e-04
49                                    -8.6853795164660479e-05        -5.8234049279971717e-05         4.0455866485534836e-04         3.3123283718111170e-04         2.9626166856406389e-04         1.2818570392620165e-04        -1.0260729489144421e-03         1.1109404007653622e-04
50                                     3.7317160655513526e-05         6.8034787918541385e-05        -5.7261964713683320e-05        -1.7447193182875151e-05        -4.0023352101780464e-05         7.9498690647047943e-04         6.7619350112283763e-04        -1.6736053744884202e-04
51                                    -9.6529141094537025e-05        -6.8209613395136615e-05         6.8517538923337155e-04         7.5299883694959931e-04         5.2026745317551365e-04         8.5026150063524653e-04         1.7625979252641869e-04         5.5372101818521025e-04
52                                    -2.8666938208451466e-05         7.2849497722944287e-06        -2.8376736296330837e-04        -6.5131181023213736e-05        -9.8938462008019319e-05         2.7402647460537596e-05         7.1972385585174561e-04         6.8505835425064152e-05
53                                    -5.6579131465372159e-06        -4.4274967962065038e-05         3.4040017203979542e-04         3.3019945397530780e-04         3.5603681020583870e-05        -2.3670276756728559e-05        -2.0313652657512945e-04        -3.2008350612340250e-06
54                                     4.2980497004260190e-04        -4.8426258476781388e-04         5.4740365257765014e-04         3.0067421442354388e-04        -6.2443167910600401e-04         7.6672252914584174e-05        -2.8500034321890336e-05         6.4331297069649131e-06
55                                     5.2637007468410348e-05         6.1047123628672675e-05         1.2385575854994496e-03        -1.3538879086063581e-04        -1.7861275234998079e-04        -3.9063272907140424e-05         5.7126571580102484e-06         2.9462332265184181e-05
56                                    -1.1149086511141361e-05         6.5996647940685070e-05         5.7635175457805207e-04         1.2916638253000117e-06        -1.9811601406339099e-04        -3.8945647978634834e-05        -1.4507473996959821e-05         1.7443925577811025e-05
57                                    -2.9672602237256922e-04         3.2903471561325243e-04        -1.8647475163569911e-04         7.7251621245392609e-05         7.1739531273928760e-04        -7.8158244888365736e-05         3.8981613837266388e-05         2.2622716744154833e-05
58                                     1.4890174096774059e-04        -2.5004313075674997e-05        -6.0427895042227341e-06        -4.9022589241615416e-04        -4.4924506635499780e-04        -1.4182253802554867e-06         3.8775081847855703e-06         9.7994363226306465e-06
59                                     1.7224424499168606e-04        -2.2365578334622264e-06         1.2022740986281056e-05         1.4095877510372876e-04         2.8403014703732329e-04         4.6856099952308522e-05         1.8849267838179351e-05         8.3818230159123791e-06
60                                    -1.5111477869991243e-04         7.9540331275447084e-05         4.1022815320502902e-04        -2.3606362892760141e-04        -9.9329041597490640e-05         2.4705696570052427e-05         4.0148670922810739e-05        -4.0098074639705571e-05
61                                    -1.9770885137689316e-04         1.3865955475303758e-04        -3.6146660338473211e-04         9.2743700203128988e-06         2.7299688117849677e-04        -5.0205343271361001e-05         1.2341308114695971e-05         1.2846368356975895e-06
62                                    -3.1911862595462620e-04         1.9824881922119320e-04        -6.5836022179534845e-06        -6.2195547748661298e-05         5.4860715230754190e-04        -5.2272038413201965e-05         2.3109991595563051e-05         1.4519943638812978e-06
63                                    -5.5271716755570088e-03        -4.2088798071238318e-02        -1.1040390162416576e-04         1.5199807854207534e-03        -1.2448907538435178e-03        -6.1658756814853468e-03         8.2834003402399835e-04         1.5245739077427625e-03
64                                     6.8567979819555133e-02         4.4962738060950955e-02         1.1578705028052231e-03        -4.4297739375791451e-03         3.0105305709619262e-03         9.2165802852449841e-04         7.8928048518078959e-05        -5.8207166218164630e-04
65                                     4.4962738060950955e-02         3.0336200025875493e-01        -1.2250370200495579e-03         2.7317847382518886e-03        -9.3649830682880977e-04         4.0582670341634489e-04         2.6805069346222312e-05         1.1286348544852212e-03
66                                     1.1578705028052231e-03        -1.2250370200495579e-03         7.2480917723890287e-02        -7.4980544820341857e-03        -5.0964554690116709e-02        -2.0234273169484696e-05         3.8817672424464153e-04        -1.4001653242299216e-04
67                                    -4.4297739375791451e-03         2.7317847382518886e-03        -7.4980544820341857e-03         6.5849216301872321e-02         4.1202147555910659e-02         5.0505074695266828e-04        -2.5027965242382781e-04        -1.9537166499506960e-04
68                                     3.0105305709619262e-03        -9.3649830682880977e-04        -5.0964554690116709e-02         4.1202147555910659e-02         3.0618764384050107e-01        -6.7655020771594898e-04         6.9467165317698993e-04         6.1980302799053040e-04
69                                     9.2165802852449841e-04         4.0582670341634489e-04        -2.0234273169484696e-05         5.0505074695266828e-04        -6.7655020771594898e-04         5.4347436454889722e-02        -8.5684495324507091e-03        -2.2698152667718192e-02
70                                     7.8928048518078959e-05         2.6805069346222312e-05         3.8817672424464153e-04        -2.5027965242382781e-04         6.9467165317698993e-04        -8.5684495324507091e-03         9.9796681861901118e-02         1.0221428247365788e-01
71                                    -5.8207166218164630e-04         1.1286348544852212e-03        -1.4001653242299216e-04        -1.9537166499506960e-04         6.1980302799053040e-04        -2.2698152667718192e-02         1.0221428247365788e-01         2.7751412463523495e-01
72                                    -7.0350403454064918e-04         2.1254638860226417e-04         1.8781055463052576e-04        -2.3813731667403181e-04         7.5274056534375879e-05         1.2783683971304451e-03        -2.1668594094732367e-03         2.4584100285283683e-03
73                                     1.6791970142747479e-04        -4.0539603719091672e-04        -2.7740381876994818e-05         1.4918758550008543e-04         5.3527220674401323e-05        -4.5114608003075547e-03         9.6309812458428967e-03        -8.2436131149110983e-03
74                                    -3.8713314964821538e-04         1.0395620901717823e-03         3.6143761277070878e-05        -2.3793620833993402e-04         4.3520827971758750e-04        -1.0849220894218269e-02         2.0377104496591289e-02        -2.1376618689196197e-02
75                                     1.3101845444242238e-05         8.3432640182639142e-06         3.6792317036613551e-05         6.0094556519928866e-05         4.5540621717586431e-05        -5.6046913522123424e-05        -1.0397169136035927e-04        -2.4587281054274865e-05
76                                     2.1137612035908131e-05         2.4027487391695395e-05         3.8851779626264274e-05         4.4630143760265043e-05         3.9783014959967992e-05        -1.0136196334147924e-04        -2.0482644509932564e-04        -1.8442910940396056e-05
77                                    -2.0047485754921509e-08        -2.7376160268911522e-05        -1.4493309236786648e-04        -1.5177014491956584e-04        -2.8595709294931349e-05         9.2540716824645680e-05         9.2809224790793874e-05         2.7012073581985968e-05
78                                     3.7618656557619149e-05         1.7423152057776878e-05         2.2085532258813280e-04        -3.1885044592675068e-04        -1.1109044853833006e-04        -2.0937339082858152e-05        -2.3171436689065007e-05        -2.8372686903159819e-06
79                                    -2.5049291017788255e-04         4.0920960422840234e-04        -2.7904270039781610e-04        -4.5787576496309092e-07         4.1432202298952647e-05        -7.0112292683306243e-05         2.4296859706490607e-05         3.7193668158316904e-05
80                                     4.0791565771333303e-05         6.2396186858614672e-05         2.9336003867119146e-04         1.6715281126813069e-04         1.0494153226271253e-04         2.3619668913372127e-05         3.7821911826820703e-05         1.3846187488006541e-05
81                                     3.4136853268517010e-04        -6.2082802348723204e-04        -8.0586357944485688e-05         1.4282673751408450e-04         4.1097392548511847e-05        -2.2404772291814882e-04        -1.7975565771525918e-05         5.2676329768245461e-04
82                                     1.3788884081174643e-03        -1.3863034562609095e-06        -5.3887317817402571e-05         4.0915258017642635e-04         4.1826768030909720e-05        -3.5051604879129841e-04         1.7062013853439643e-04        -6.8244614900880504e-05
83                                    -1.1061848560504298e-03         4.0858566085582269e-04         5.2265067518234020e-05        -1.8724440123440034e-04         3.5645583340031522e-04         4.4189349461824399e-04         3.1716802213390240e-04        -7.5912713756159011e-04
84                                    -4.1807861461785141e-05         1.0136653490788392e-04        -2.1866291685058048e-04        -1.4425653142289044e-06         4.8004052698970116e-04        -1.4857870031115332e-05         2.2750957809577186e-05         9.9659960318750507e-06
85                                    -1.4563119425818551e-04         7.0680416889526421e-05        -7.8318438779849484e-04         5.1945626967402016e-04         7.3507670229624057e-04        -1.6066228403462178e-06         2.5348418187340349e-05        -1.0122772268025132e-05
86                                     8.7400421823039670e-05         1.5289966303592018e-04        -7.0371905405832488e-04        -1.3081314034797589e-05         1.9422555511230434e-04        -3.7705356087034403e-05         1.1066857611684256e-05         3.0780214525003447e-05
87                                     2.0628459196084335e-05         2.0022977291288008e-05        -3.7547576533996730e-06        -8.1954897323992856e-06        -1.1115605974768971e-05        -8.5615931863620379e-05        -8.4794873693653247e-05        -3.2589527839436191e-05
88                                     2.3693833798836824e-05         2.5912477892779906e-05         1.9597757031810478e-05         3.3018322725458094e-05         1.9642477435879893e-05         1.1558693222103883e-06        -1.6918968766661722e-05        -3.6432192850290498e-05
89                                     1.0779257820079969e-06        -1.3250702958652087e-05        -1.7420412567732750e-05        -1.4188775724357701e-05         2.2101645485744672e-05         1.6853722684231031e-05         7.3822638083342727e-05        -1.0374454338127185e-05
90                                     1.3962419766272861e-05        -9.5524511220870800e-07        -4.5489139216683982e-05        -8.3650141540581664e-06         5.0890859379376738e-05        -4.5728741260629246e-06        -7.3558540050310938e-07         9.9990660156778523e-06
91                                    -2.7987124361422895e-07         1.6043209621014213e-05         7.3862865547453865e-07         1.7832336377826379e-05         1.7104923909722156e-05        -3.6423440024810859e-06        -1.7033673166838310e-06         3.5126913486196315e-07
92                                     7.7599174442216992e-06        -1.6189669718420698e-05        -2.2108683561797347e-05        -2.6382495163686237e-07        -3.7674513910781679e-05         1.5790673302980274e-06        -2.1628788230102381e-06         1.7658572563881980e-06
93                                     6.9929203610957021e-06         1.4262337902554590e-05         8.9190496869007803e-06         2.0491644064752463e-05         1.1725917465587200e-05         2.6780770765025275e-05         1.0383391050803204e-04         2.3033712321074516e-05
94                                     1.3952805094777484e-05         3.1649520527528898e-05        -1.2809651808262345e-05        -4.4533585083644038e-05        -3.6035374605501068e-05         7.3658059065796178e-05         1.9996075682678376e-05         8.1372380664417705e-05
95                                    -7.3529381115658530e-06        -3.8775217701621277e-05        -9.5443806252070546e-06        -1.4731657237076088e-06        -2.7901202433484759e-05         1.5426990780593417e-04        -7.5494178946624153e-06        -6.3841804358394250e-05
96                                     3.9383932838661824e-06         2.9433952393534413e-06         2.1022789890143300e-05         4.6707392602872601e-05         3.9784047475643815e-05        -1.0649271558846372e-05        -4.8578240333466962e-06         3.4959682944993298e-06
97                                    -6.7341533998777547e-06        -7.5524929531692493e-06         3.6502481390282451e-05         6.6698247418277724e-05         4.2564929962641759e-05         9.6604992789660403e-05         9.9847743254918679e-05         4.0473424304043361e-05
98                                     1.9083818449838339e-06        -2.7272757776014713e-05         5.8809277035560832e-06        -8.1577106209630102e-06        -2.1625129993293579e-05        -1.1923701477739279e-05        -2.1902168449538275e-05         3.9843937876278394e-06
99                                     1.8227627811845371e-05        -2.9730441561326947e-05         2.9740839206164518e-05        -2.2417830142778302e-05        -4.2796687592238682e-05         2.1843359323716195e-06        -7.9781978357194427e-06        -9.2796226150598272e-06
100                                   -5.3650947922533792e-07         6.8866486936139306e-05        -1.2767120933123238e-04         6.0496567702473679e-07         3.5661163231144729e-05        -2.2174408836375624e-05        -9.0995498407737030e-06         1.0725219123887061e-05
101                                   -6.0620931576218454e-06        -2.6664701041327881e-05        -1.2107253481867520e-04         1.3953855731969639e-05         2.3088715809630638e-05         5.5134965029464086e-06        -6.0294163733835317e-06        -2.7189102841417619e-06
102                                   -1.6221382686973330e-06         9.3383830710785584e-06         2.5869852852192303e-05         1.9437562205532099e-06        -1.6529291273451475e-06         4.8606630444739167e-06         7.3199850366601924e-06        -5.8062573942707380e-06
103                                   -1.2279729264844959e-05         7.1052206387584374e-06        -4.5501230059948506e-06        -2.1529137171963814e-05        -1.1807717056444133e-05        -8.7448922391011343e-07        -1.7058488075287785e-06        -1.4264954776473104e-06
104                                   -6.3596309289891189e-07        -3.0838217565140429e-06         3.6517306016432642e-05        -1.4054764097329135e-05        -1.1239105479504165e-06         4.7569532245308771e-06        -1.1493173315659574e-06        -2.4067325421742083e-06
                                                        72                          73                          74                          75                          76                          77                          78                          79

0                                      1.7413878202651319e-03         6.6882407414720351e-04        -5.4064496831921416e-04         1.2829930289661069e-03         1.2360229034067988e-03         6.8854840608754801e-04        -1.3668415994661921e-03        -8.1039614980604746e-04
1                                      2.2009800045845007e-04         6.9001084631422943e-04         3.1720345188657011e-04         6.8356962524259335e-04         2.2322220181154317e-03         3.6886177584042050e-04         8.3751695778416183e-04         3.4313356953272504e-04
2                                      4.7567722322143871e-04         3.7464345834633389e-04         1.8967011548834314e-04         6.2846614461451421e-04         3.0460006011338034e-04        -3.2213878824874321e-03         1.1902612903104005e-03         1.0956936415324517e-03
3                                      2.0068801702924888e-03         1.9934793963970188e-04        -9.0981517078216924e-04        -1.1232611622583781e-04        -2.8347597470442486e-04        -1.3332141672170184e-05        -1.1282828497855826e-04         7.4686793841110166e-05
4                                      2.6243108212902627e-06         1.4742807930795930e-03        -1.3346777416630585e-03         8.9177082299989703e-05         7.8431726483312644e-05         3.4675582020902288e-05        -1.7752472317109080e-04         2.7090819862941851e-04
5                                      1.2571964420315823e-03        -4.6597713561194031e-04         4.1252948670880002e-05        -1.3673524660000845e-05        -3.7429938468554235e-05        -5.0360255819304338e-05         4.0936668500657272e-05         2.8204662855841917e-04
6                                     -1.3654575146807798e-03        -4.3524438332512858e-04         1.4086337604979734e-04         3.5208355560582133e-04         2.0726586410306979e-04        -8.7430723987614591e-06         1.0415344425782785e-04        -2.6379562043031242e-05
7                                      7.3531504413448974e-04         2.0514027799172800e-03        -1.1969586480806453e-03         4.9119306966420844e-05        -1.1759087355306310e-04         9.6542150518453412e-05        -1.3572564336893512e-04         1.8064716049258876e-05
8                                      5.7338476217449737e-04        -2.0505376148911023e-04        -1.6142063756448234e-04         3.8953465788489692e-05         2.4821186723163256e-05        -8.6556818145260222e-06         1.0562547784253543e-05         8.1749330180586532e-06
9                                     -3.6569739030032971e-04        -4.2319975079178332e-04         1.4667671012124012e-04         2.9436113627717003e-03         1.4924850433664302e-04         8.5824308709736108e-04         1.2524184679608193e-04        -4.9521614505161453e-05
10                                    -5.1348748112976111e-04        -4.8396101873705448e-04         2.4781354892548281e-04         1.0963024802037207e-03         3.4314597147257217e-03         1.2016157630906696e-04         1.4705281155453988e-04        -8.0633333182722066e-05
11                                    -2.7133680475848046e-05        -7.7402875342665988e-05         3.1000492340980479e-05         9.4481639069124738e-04         9.6380936964470063e-05        -4.2049068832248418e-03         1.4035029656028525e-05        -6.8455982570045436e-07
12                                    -8.8118790575818446e-05         3.7161178197988014e-05        -1.8625392863378092e-05         2.4012801895955359e-05        -2.2781180469399337e-07         1.3548111803213822e-05         2.8939337391151211e-03        -2.9529823055253826e-04
13                                     1.1344423342499386e-04        -3.3073923583359205e-05         7.5394359729235444e-07        -1.2210048021580385e-05         2.8468267428388847e-05        -3.9859471259957950e-05        -1.0847683635207897e-03        -1.0048819727112445e-03
14                                     1.7466324585633939e-04        -7.4214545492543379e-05         7.4891507477944648e-07        -4.3387082471895615e-05         7.2339907590897225e-06        -5.6309909922192328e-05        -6.5041382447449114e-04         4.1839408427271300e-03
15                                    -3.7970378389073206e-04         1.3773416898758378e-04         4.5564474101006717e-05         7.5439634478890712e-05         4.5947803598492395e-06        -4.1172698904645249e-06        -9.1896439865083411e-04         6.1705481076039905e-05
16                                     7.5758280060491063e-05        -2.2379659006214721e-05        -1.0859545649123323e-05        -8.8755064383890404e-06         9.1724531189941484e-06         3.0522089144636067e-07        -7.5261933211785400e-04         2.9683989201220403e-04
17                                     4.7783874944179417e-05        -2.0743193646491570e-05        -3.4235414808595106e-06        -5.9480486080286041e-06         1.3459354235730546e-06        -9.1898095673282644e-06        -1.1481332286001418e-03         2.8239556683980443e-04
18                                    -1.1629376636419260e-02         1.7959446889169936e-03         4.4011752855291457e-03         2.7950676242557450e-04         5.4159622630717687e-04         1.2565870619210586e-04         5.6372547619958991e-05         5.5751500498737170e-04
19                                     2.3536710896339637e-02        -5.1206804634006450e-03        -6.0037360835753298e-03        -6.7494629600239756e-05         4.5481491472660306e-05         1.5149363552478150e-04         1.2063427528211709e-04        -1.9117285480187889e-04
20                                    -2.3364962219614129e-02         3.2942216462135566e-03         4.8141191798323725e-03         7.8265767368287942e-05         2.8022932082177009e-05         8.3385464601853113e-05        -1.3844968477420665e-04        -9.7132357395701891e-04
21                                    -6.5299195117372952e-03         5.1036276148514782e-04         1.5825832872453345e-03        -6.3131303279934927e-05        -3.5966196843241244e-04        -9.9523655974479518e-05        -1.8233511855762514e-04        -1.4096598783161366e-03
22                                    -1.0085422748145655e-03         1.5445627784951236e-04        -3.0310505878295823e-05        -6.2152745304004274e-05         6.3347729634751328e-05        -6.2518000178171334e-05        -2.5369759493812372e-06        -2.2808994941824635e-03
23                                     1.9483152727008731e-03        -9.6235644975231280e-04         2.1049528753877122e-04        -7.0588738303034495e-05        -1.2461291702873904e-04        -8.1509653863791646e-04         1.7640337185672282e-04         1.4150747520216013e-03
24                                    -7.7727613257593170e-02         5.7958276111152160e-02        -5.8376223935911083e-02         5.4458265795946008e-04         1.0041671497916756e-03         8.0326014609398153e-05        -1.3019636852452466e-05         8.1473763544422768e-05
25                                     5.8150255503933532e-02        -1.5763104482536455e-01         1.1357842409879680e-01        -5.4234904268542520e-04        -4.8755551235474975e-04        -1.9164665205705669e-04        -8.3860319938754146e-07        -1.6602288787417614e-04
26                                    -5.9079890443271180e-02         1.1282995625264478e-01        -1.6400317372274598e-01         3.4470174662319750e-06         1.6933229876496167e-04         7.1655033281119575e-04         3.6733274475337372e-05         3.2421692746924951e-04
27                                     7.2836086251219937e-03         6.8762390072582853e-03         2.2458148954741875e-03        -1.6417351270779645e-03        -4.2402838529407997e-03        -1.0608653490983113e-03         2.4735983736019437e-04        -1.0667617307832109e-04
28                                    -1.2892427340902554e-02        -2.3582459387485204e-02        -2.5348483527519519e-03        -2.5666852813508957e-03        -2.3514998069946395e-03        -3.8549494858729124e-04        -2.8998642096558780e-06         3.5279674954629553e-05
29                                     1.2457472348717672e-02         1.5957753419681087e-02         3.6254846277515808e-03        -6.9170268780352918e-04        -5.7989326673290394e-04         4.4600732499018095e-03        -1.8155103500598234e-05        -2.4876943895505983e-06
30                                    -3.9486654065605835e-03        -4.5939891256485278e-03         6.7087386408979603e-04         1.1525892976729818e-02         1.7227123928267127e-02         1.9203658364231602e-03        -1.2064225286924743e-03         6.7022726562585597e-04
31                                    -1.5413524250556599e-03        -6.2545957434536215e-04        -7.9012802310201051e-04        -1.4735574538388620e-02        -2.0323009191626575e-02        -2.1348959537091901e-03         6.4441237933307756e-05         2.0826049460171683e-05
32                                     8.7770091611575132e-05         1.1775536207704568e-03        -4.7115869525246579e-04         8.9721270673983450e-04         1.8811491440889469e-03         2.2886505622765115e-03        -6.3882558203098947e-05         7.0791432742791884e-05
33                                     1.6327483328695412e-04        -9.5707067492243562e-05         9.0750749602754120e-05        -6.8136281650824949e-06         1.2210915311008756e-05        -1.8597967857709422e-05         1.1461891486732533e-02        -1.4089760473114233e-02
34                                     1.5239610953531584e-03        -2.0473493621690070e-04        -3.0549228825813045e-04         5.2327837196259599e-05        -5.3564376005367335e-06        -4.5685393371612364e-06         2.3528969593900780e-03        -4.1122500745010794e-03
35                                    -7.1250909047177943e-04         2.2243619804375266e-04         4.1186239968767915e-04         1.6276425065089644e-05        -5.0916959338407567e-05        -1.0943029789152915e-05         4.9883895436733036e-03        -1.0537051369353425e-02
36                                     1.2403177252266421e-03         3.0172826809405414e-03        -1.7369525178723595e-03        -1.1245511876638871e-03        -1.1300399050914053e-03        -1.9317742013439710e-05        -1.9259592786697970e-04         1.0485253497783428e-04
37                                    -1.5294059377938911e-03        -1.5672556991347102e-03         1.6945641499721653e-03        -9.3603968847513676e-04         2.5534934602058044e-04        -1.4727109693472463e-04         6.3793854379598676e-05        -1.3127032035961054e-05
38                                     6.0368566753091798e-04        -1.4177444700879619e-05         1.0190343075481200e-03         3.1467278981148379e-05        -1.1555560967817517e-04        -1.5576412451267900e-03        -8.5398960495123742e-06        -5.0363695922194429e-06
39                                     5.2400107221283832e-04         3.2104078698645856e-04         3.4001983475717221e-05        -1.2536261927702286e-01         1.1827047305830163e-01        -1.2058198980915286e-02         2.7074924510667132e-04        -9.9227282512471008e-05
40                                    -5.3544336774125826e-05        -9.1017789347744770e-04        -2.7551411750721027e-04         1.2001181991516115e-01        -2.7076058136053316e-01         1.2720409931693887e-02         3.4140589972753155e-05         2.2588692312366758e-06
41                                    -6.1594817791933904e-04        -8.9244802611929293e-04        -6.4262337627550960e-05        -1.1463399057053000e-02         1.2383295666680932e-02        -2.5205807794782691e-02        -1.0692534261877332e-05        -1.8584117413983738e-05
42                                    -2.1805983810513311e-04         7.2604003700902579e-05        -7.5098745501554157e-05        -1.9735679181675419e-05        -4.4690855073332243e-05         8.0900987342661312e-05        -1.8453251509138394e-01        -7.1815069652139824e-02
43                                    -5.6498932795909945e-05         1.8599836359280771e-05         3.7985048047022344e-05         7.7017254892371666e-06        -2.5753219994517282e-07         4.6873906282465588e-05        -7.1605237857489151e-02        -8.5668673164706721e-02
44                                    -2.1762595896646124e-04         4.7537191012245899e-05         6.8663294561018429e-06        -3.1604534554931750e-05        -7.0119328148459141e-05         4.8032559136079305e-05        -1.1771179626980602e-01        -8.1887221851409092e-02
45                                    -6.2544826254181112e-05         8.6243565622821320e-06         4.5195008799605294e-05         1.9020848589218009e-05        -1.4112554807862348e-05         1.0235900968697542e-05         1.5135081616711433e-04         2.2165380462636757e-03
46                                     9.9849660615178743e-05        -1.5734269746290323e-05        -2.2434315981567404e-05        -8.8654545903889227e-06         1.1803334410114301e-05        -5.6049596036411868e-06         1.6935665154068301e-03         1.4857006453721584e-03
47                                     1.6267797654734658e-04        -9.1002093392364338e-05        -4.2041951668312554e-05        -2.3589487121238603e-05         9.6482338391365441e-06        -1.8094885583223771e-05         1.8058684179757735e-03        -4.4946902550573103e-03
48                                     3.5431691084482396e-04         9.4674395642617621e-05         1.6725772022719698e-04        -5.1029835069318005e-03        -4.0270412972239281e-04        -1.1159128432643097e-03         8.6230536284114196e-05        -4.4936117368068367e-05
49                                    -1.9048603289134982e-04        -1.9419945502244880e-04         1.9051258126430459e-05        -1.5404336434388290e-03         1.5483961570222564e-03        -1.2304026572629626e-04         6.4329222605708728e-07        -3.4511441986653747e-05
50                                    -4.9522503727188519e-04        -3.6307498421962096e-04        -1.8393235960745472e-04        -1.2033384105529081e-03        -5.7293344167772984e-05         4.6534702334466993e-03         1.9933682221035171e-06         8.3771211301545293e-06
51                                     1.2505808038420897e-04         6.4587119246912279e-04         4.3907399771237522e-05        -9.8083198706122206e-03        -3.1462711844253421e-03        -1.1016763428483437e-03        -1.9805241868510709e-04         5.2789325670264437e-05
52                                     3.0151908140837493e-04         2.3160471503852606e-04        -2.1855665487191360e-04         2.8885510010176578e-02        -2.8485203845383684e-04         3.5020807102347225e-03        -1.0021053445499837e-04         6.2421943477382596e-05
53                                     1.0563176105155516e-04         3.5255610490987741e-04         1.3546281919042251e-05        -1.0504707952363390e-03        -4.7603754501044770e-04         8.7421740211536536e-04        -6.5844265846853173e-06        -1.3399159639841085e-05
54                                    -9.1796409805885447e-05        -3.4509556524044931e-06         7.7280906628332866e-05        -2.2424446081512157e-05        -1.1488678228871376e-05        -1.9678392867564175e-05        -1.6973463673706217e-02         5.8955190879645368e-03
55                                    -1.8186244772887511e-04         6.4565541188462252e-05         4.7357278036885874e-05         3.8558410826756463e-05         1.0851532184340956e-06         3.2665665690385167e-05        -1.3570919504285564e-02         4.4108409293092416e-03
56                                    -1.0865133320553356e-04         5.8527671489211949e-05         2.1280931523791737e-05         5.2796621445195136e-05         4.8939008929420151e-06         3.8257892718370428e-05        -2.1111974422344464e-02         2.1493610870146691e-03
57                                    -8.3721188177527956e-05         6.1488549012885668e-05        -2.0929059273428006e-05         1.4261790007889189e-05         5.7980583505949732e-06        -1.3287614826657342e-05        -5.1306474399067108e-04         6.0256776829580320e-04
58                                    -4.5496081667405084e-05        -6.8277750646660333e-06         7.7930423397153093e-06        -1.7830645742567420e-06         5.7763364484295348e-06         7.3710981406151628e-06         5.8732911387722356e-04        -4.6771912364465827e-04
59                                     1.3111188816824050e-04        -3.5681935538474569e-05        -2.2555370009389396e-05         8.4101839136047594e-06         4.3308120224146759e-06        -8.4876667924660992e-06         7.9374679781926021e-04         1.1145194067015759e-04
60                                     2.9309958740130219e-04        -1.0251864654264647e-04        -2.5028266592698510e-05        -6.7272442724631860e-05        -7.4324051047305016e-06        -1.0108923387838840e-07        -3.5489592328324191e-03         2.0838955787534758e-03
61                                    -2.5425959613745885e-05         2.2415997136031359e-05        -9.4863724729591704e-06         5.1184544079020677e-07        -8.2227406035354384e-06        -7.8563571369486263e-07         2.5064214640892878e-03         3.6297405865316941e-03
62                                    -3.6636629635824279e-05         3.3490912337171799e-05        -8.6869698157767219e-06        -2.4117723287384128e-06        -3.2479572892850101e-07         1.0298790958234458e-06         2.0854795753317040e-03        -2.7192058517830622e-03
63                                     1.6819400463670394e-03        -2.2581288713033765e-05        -6.4255101486429588e-04        -1.3876136725573314e-05        -3.4673526900198912e-05         2.3190589843947482e-05         4.7261094958116288e-05         1.6540326918611801e-04
64                                    -7.0350403454064918e-04         1.6791970142747479e-04        -3.8713314964821538e-04         1.3101845444242238e-05         2.1137612035908131e-05        -2.0047485754921509e-08         3.7618656557619149e-05        -2.5049291017788255e-04
65                                     2.1254638860226417e-04        -4.0539603719091672e-04         1.0395620901717823e-03         8.3432640182639142e-06         2.4027487391695395e-05        -2.7376160268911522e-05         1.7423152057776878e-05         4.0920960422840234e-04
66                                     1.8781055463052576e-04        -2.7740381876994818e-05         3.6143761277070878e-05         3.6792317036613551e-05         3.8851779626264274e-05        -1.4493309236786648e-04         2.2085532258813280e-04        -2.7904270039781610e-04
67                                    -2.3813731667403181e-04         1.4918758550008543e-04        -2.3793620833993402e-04         6.0094556519928866e-05         4.4630143760265043e-05        -1.5177014491956584e-04        -3.1885044592675068e-04        -4.5787576496309092e-07
68                                     7.5274056534375879e-05         5.3527220674401323e-05         4.3520827971758750e-04         4.5540621717586431e-05         3.9783014959967992e-05        -2.8595709294931349e-05        -1.1109044853833006e-04         4.1432202298952647e-05
69                                     1.2783683971304451e-03        -4.5114608003075547e-03        -1.0849220894218269e-02        -5.6046913522123424e-05        -1.0136196334147924e-04         9.2540716824645680e-05        -2.0937339082858152e-05        -7.0112292683306243e-05
70                                    -2.1668594094732367e-03         9.6309812458428967e-03         2.0377104496591289e-02        -1.0397169136035927e-04        -2.0482644509932564e-04         9.2809224790793874e-05        -2.3171436689065007e-05         2.4296859706490607e-05
71                                     2.4584100285283683e-03        -8.2436131149110983e-03        -2.1376618689196197e-02        -2.4587281054274865e-05        -1.8442910940396056e-05         2.7012073581985968e-05        -2.8372686903159819e-06         3.7193668158316904e-05
72                                     8.6179238841521844e-02        -6.2581200336000092e-02         6.4600278609157569e-02        -9.7020522779135481e-05        -2.2200302239681522e-04        -8.6655460987403608e-05         1.8522615353794812e-05         6.9258821763661289e-05
73                                    -6.2581200336000092e-02         1.7544967631345096e-01        -1.2279760040459448e-01        -1.5321779537654369e-04        -3.3229839462163568e-04        -2.3699829227273746e-04        -3.1757599869635398e-05        -1.9842601445022858e-05
74                                     6.4600278609157569e-02        -1.2279760040459448e-01         1.7465279499905270e-01        -9.8658215346228428e-06        -3.7962149622390758e-05        -1.9310374904988025e-05         1.2397316629506831e-05        -2.6777507473881457e-05
75                                    -9.7020522779135481e-05        -1.5321779537654369e-04        -9.8658215346228428e-06         1.2805921659020278e-01        -1.3000165019897622e-01         1.2222025030791686e-02        -3.8395432215490490e-05        -2.5449369970251138e-05
76                                    -2.2200302239681522e-04        -3.3229839462163568e-04        -3.7962149622390758e-05        -1.3000165019897622e-01         2.8684914974736236e-01        -1.3639885606474531e-02        -4.0320529569526191e-05        -3.4443457578413848e-05
77                                    -8.6655460987403608e-05        -2.3699829227273746e-04        -1.9310374904988025e-05         1.2222025030791686e-02        -1.3639885606474531e-02         2.0382819300655622e-02         2.8089933849313249e-05         1.2588779558550262e-05
78                                     1.8522615353794812e-05        -3.1757599869635398e-05         1.2397316629506831e-05        -3.8395432215490490e-05        -4.0320529569526191e-05         2.8089933849313249e-05         1.9529018419125038e-01         7.7682934838160675e-02
79                                     6.9258821763661289e-05        -1.9842601445022858e-05        -2.6777507473881457e-05        -2.5449369970251138e-05        -3.4443457578413848e-05         1.2588779558550262e-05         7.7682934838160675e-02         8.3734049159678109e-02
80                                     1.3302053704759582e-05         3.0425834564935328e-05         1.3497542258726104e-06         5.2357631415625352e-05         5.5035545283399316e-05         7.6792193553909939e-06         1.2764351148500674e-01         9.1227228612874967e-02
81                                    -5.5423248483952355e-04         4.8386119603512599e-04        -1.0645093075800846e-03         3.1246790545008435e-05         9.8038065497692284e-05         1.1340713283364769e-05         2.7604727311571079e-05         4.2170963318047684e-05
82                                    -1.1203786616790249e-03         1.7111731576309030e-04         2.2546183930370741e-04         3.8265171966273036e-05         6.0302487488843055e-05         1.6469352970814734e-05        -1.1900056663917066e-05        -4.1774352179754174e-05
83                                    -9.4246138863665662e-05         4.1330703708924955e-04        -1.3098060654676350e-04        -1.9835309823813905e-05        -2.6297200005679982e-05         1.9905576158475984e-05        -3.0556065844725231e-05        -2.3571409229506952e-05
84                                     2.5199176196861789e-05        -4.1223826333186510e-06         1.5649045595055033e-05         8.5092216383980332e-07         6.5725912268630848e-06        -4.0179349038840307e-06         3.7929794071444591e-04        -5.8716383792930692e-04
85                                     3.6414281527743196e-05        -2.1244455320610332e-05        -1.0953820746676963e-06         2.9654365218483546e-06        -2.5311341556725261e-06        -1.2900630215667482e-05         3.5567236304548562e-04         1.4966111804731383e-04
86                                    -7.7563735540218362e-05         2.9245133636501830e-05         1.3550856351625222e-05         6.4047696930107176e-06         1.3019243576417247e-05         3.0055102129739096e-08         4.5853483174296402e-04        -9.4841029389131071e-04
87                                    -2.7459933081018344e-05        -7.8811154435656783e-05         4.7446317975747328e-05        -5.2750826417664268e-04        -7.4378193035480773e-05        -1.6033344423016269e-04         1.3723933256538229e-05        -2.1744489018846007e-06
88                                     3.9215501339154296e-05         5.7897520511669944e-05         4.1019036041562850e-05         1.4885852334295380e-03         9.9479346040726158e-05         1.6083595517610329e-04        -7.3041602222729456e-06        -3.2580087872199090e-06
89                                     2.6057328825373951e-05         2.3303765880932151e-07        -1.2066927594568948e-05        -1.5310708469104507e-04         4.5899381405507507e-06         8.9592638507648991e-04         1.3134380876006664e-06        -2.8706758137238351e-06
90                                    -5.2461998739305299e-05         2.1163852881615200e-05        -1.5279977402511778e-06         1.1528333221596599e-05        -4.4555858746270216e-07        -2.8758107310556150e-06        -4.3440972466825874e-06        -1.2006652450097450e-04
91                                    -5.8883719411946490e-06         8.4595241540020433e-07         2.2427865772012235e-06         9.2494965015952821e-07        -5.4678702358554841e-07        -3.5790234094456745e-06        -4.9347715730704020e-05        -2.1886373205112753e-04
92                                    -8.1072589736889923e-06         2.2144888077704674e-06        -6.2590865876040527e-07         4.0022496351776755e-06         2.3473329580309208e-06        -7.1433475754145042e-07        -2.8664561272735180e-05         1.5827174426942558e-04
93                                     6.9887140429884332e-05         1.6279743178962197e-04        -1.5885587989709817e-04        -1.0248009359386991e-05         5.2997322719148220e-06        -6.7610641322368324e-07        -1.5646391825290332e-05         6.5040837586480792e-06
94                                     1.0183346611349216e-04         3.4747628027953899e-04        -3.3777597350172971e-04        -1.9057933132426172e-04         1.1798341622239433e-05        -2.9201460217730502e-05         2.1932257856691382e-05        -6.8463946416344706e-06
95                                    -4.5550474918914369e-04        -3.0944910633238392e-05        -2.4649185312246953e-05         4.0136625076535857e-06         2.9337801405778375e-06        -5.6357706594483395e-06        -1.8948009161762680e-06        -8.1963218711690415e-06
96                                    -5.4668247673988861e-06         3.3522435582477011e-05         8.5452155873261965e-06        -1.0959788331155358e-03         1.3328972651132764e-03        -2.4889828099651154e-04        -2.3066010412455592e-05        -3.9369831395896608e-06
97                                     6.9814424738329217e-05         9.7526620209793585e-05        -3.4345493035631931e-05        -1.5623443589342281e-03         1.3510180464610441e-04        -2.0093923471767953e-04        -4.2592436592930362e-05         1.9029414883986375e-05
98                                     1.7175921866494190e-05         8.3422338164605058e-06         6.4462855024668546e-06        -2.6257617588705485e-04         1.6094641468143299e-04         7.3384406005320036e-04        -2.8954005140162582e-06        -2.1541462079483091e-06
99                                     9.9956642628359817e-06        -9.3275426327494443e-06         4.6697040574398500e-06        -1.7957276693776700e-05        -1.7760681230418341e-05         2.4859892101973443e-05        -1.1087098461451308e-03        -6.8510598038763835e-04
100                                   -2.1594913829558896e-05        -3.3460102575463228e-06        -1.3591598695540490e-06        -4.7092125375189278e-06        -1.5418462572574327e-05         1.2344069776102325e-05         1.4050434849423405e-03         3.1130021733850963e-04
101                                   -4.3265712407689278e-05         2.9236361691975825e-05        -2.7666954516057749e-06         2.9212633085922909e-05         1.2533588956797730e-05         1.3719989656155361e-05         1.7003206513544595e-03        -3.4330023707473999e-04
102                                    4.4409057377439633e-05        -1.7797613353791862e-05        -7.2544970355480770e-07        -1.2096399045198104e-05        -1.4323332309322100e-06        -9.2759800589148236e-07        -4.2457155228117348e-04         1.5332036314904878e-04
103                                    7.3287289338910258e-06        -5.2449800541113853e-06        -1.6914907537699322e-07         1.0467414499916710e-07        -3.6030360841940359e-06        -4.5954212286735568e-06         4.5501391582837428e-05        -2.1848113196096974e-04
104                                    9.0094762773256648e-06        -1.3936969450625662e-07        -6.6001084171145308e-06         8.7021102417972167e-07         3.5868755307864094e-06         3.9096976905318866e-06         5.0152087012657418e-05         1.9240015277465351e-04
                                                        80                          81                          82                          83                          84                          85                          86                          87

0                                     -4.9040764634520001e-04        -9.9593155434280021e-04        -4.8714243819602144e-04        -2.5082240942478980e-04         3.7428059936935672e-04        -3.9012580061827226e-04         4.2898621089721583e-04        -2.3553497415397572e-04
1                                      5.7915360498492978e-04        -2.0750972096756633e-03        -2.0316054264755846e-03        -8.1377152783997596e-04         3.7064320636377170e-04         8.3025683216363935e-05         2.2438965013423114e-04        -7.6300826808768868e-05
2                                      7.2572097698083218e-04         2.0517512072532111e-04         9.2171980748922782e-04         6.1242625927082877e-04         4.2347993704264014e-04         2.9567493970898196e-04         4.3775309938843946e-04        -5.9887795113497074e-05
3                                      1.9591730683303412e-04        -7.4298240544574512e-02         9.6586707844996192e-02        -8.6668270338897735e-02        -2.2430642034314025e-04        -9.9864517434844718e-05         6.0123386041234538e-04        -2.4916089208571954e-04
4                                      1.7132381202526964e-04         1.3723818850975425e-01        -3.3436966193650997e-01         1.9962515160918365e-01         6.2386225395350383e-05        -4.7307001315313106e-04         6.7785077992960074e-05        -1.1118851595989018e-04
5                                      4.3194140170218186e-05        -9.7015089145861877e-02         1.6399967428309697e-01        -1.2512026999674070e-01        -8.4261278880962999e-05         1.9574338946712116e-04         4.6717601169112585e-04         1.0179654063323601e-05
6                                     -1.1507832341555585e-04         1.2608835170051366e-04         1.4004418818672247e-04        -4.0579746771322086e-06         3.9681850149190481e-05         6.2957859056763862e-07         7.0015172993270411e-06         2.7181329060421266e-03
7                                      1.5699800590476386e-04         4.4822484093218987e-05        -1.7346717555713010e-04        -3.2261279622673548e-05        -3.9098446901626597e-05        -5.4965010748268296e-06         3.3762371761040903e-06         1.3090909634282111e-04
8                                     -1.0662796703662990e-05         4.8072975968334168e-07        -2.5005717080407079e-05        -9.4514304265012623e-05         7.0531840673950015e-06         7.2079022105294035e-06         2.9569668573906213e-06         8.0464663259932102e-04
9                                     -8.9628961159798036e-05         1.8512177726250035e-04         1.2011360333740720e-04        -5.3681807223575611e-05         5.3589425306783218e-05        -7.9218975605976037e-06         3.4242244163429358e-05         1.1498212031528423e-03
10                                    -8.8694654399136064e-05         3.3916835005941802e-04         2.4560013330230908e-04        -1.0903236167440010e-04         7.0588115531387932e-05        -8.7421750487491558e-06         5.5591263110302660e-05        -5.5503905445849350e-04
11                                    -1.1134220364792920e-05         3.3170409228084290e-05         1.5125890741383215e-05        -2.6829349951789576e-05         1.0135459583146181e-05         1.0556768125766767e-05         9.1909830018779880e-06         4.9181004752219882e-04
12                                     6.8018161040083770e-04        -6.9561229928704650e-05        -2.1997246430228816e-05        -1.7047889078330991e-05         2.7571761088843855e-04         9.1207584226545447e-05         1.5889683408730135e-04        -2.5121093332070282e-05
13                                     3.8109226954887729e-03         8.8930884541039404e-05         6.1671291322133964e-05         8.3683831070674496e-05         5.1275176351174182e-05        -3.7760513766422734e-04         2.3699876394854839e-04         3.3909664981814341e-05
14                                     1.0680914441696466e-03         2.2364711969803203e-04         3.8434997248061411e-05         2.4617368469582914e-05         1.9508850334125247e-04         1.2801278393709405e-04        -1.0702878693128989e-04         4.8758366310679201e-05
15                                    -2.1538830768417561e-04        -2.6572933797657872e-04        -1.7130175138308889e-04        -8.7433393669374593e-05        -8.5052019958767387e-04         2.5259126927538750e-04         2.6902505074202895e-04        -8.1135067045664676e-05
16                                     1.3407945637397209e-04        -1.4234021235257218e-05         3.3067833215174713e-05         3.2259491533325304e-05         1.0871503955281253e-03         1.6750594927683648e-04        -3.2805138409259475e-04         1.4740183410393926e-05
17                                     2.2343676810380455e-04         6.2789554028581528e-05         9.7201306116594631e-06        -2.4514593896609628e-06         1.4522537073517643e-03        -4.1080639196048154e-04        -4.3023414399337434e-05         8.3337826988784912e-06
18                                    -1.7199345395341138e-04         4.0980900388475003e-03         1.2399740998112307e-02         9.0092262197267667e-04        -1.3676206206059442e-04         6.6054945933751742e-04        -1.2438168126230960e-03         1.5959549191406092e-04
19                                    -1.8082593176789582e-04        -2.8076636149347446e-02        -3.1935390780279002e-02        -1.7395870970686005e-02        -3.6874524044212646e-06         5.7512806249045384e-04        -9.5177599927091187e-04        -2.4356595240305600e-04
20                                     8.0678035332203135e-05         1.1688709670197837e-02         1.8708864175845951e-02         4.4273699923038116e-03        -1.4337520479115393e-04         4.3677783150725038e-05        -1.9204853050605424e-04        -1.0232451056953326e-04
21                                    -2.1536566281064682e-03        -2.7393537628049190e-03        -4.1297039874593836e-03        -8.6912298818386813e-04         9.6864476718229529e-04         1.6970608645329420e-03         1.0484945048565165e-03         1.5284426758831594e-04
22                                     9.4837165447508951e-04        -1.5885931829760459e-03        -2.5485224594970872e-03        -6.8006621906042345e-04        -1.2218129583478942e-03        -2.7340607145533088e-03         1.9237848286015897e-03         5.6864529989873172e-05
23                                    -1.6162987824929554e-03        -1.7478046204465981e-03        -4.7301832088455110e-03        -1.0113508168882214e-03        -1.3644192056796495e-03         1.3286707353421887e-03        -1.4074946692447018e-03         9.4212475297833411e-05
24                                    -2.9853645403802166e-05         1.3136639883325255e-03         2.0329989260127555e-04         1.3447500415059415e-05        -2.7684219695883598e-05        -3.9257118079678963e-05         7.8790634718481790e-05        -4.8782555730061310e-04
25                                    -9.5021380211821917e-05        -1.6796148147568361e-03         3.1058991635129866e-03        -6.8831960502996337e-04        -4.3494607106054489e-05        -1.0943391552285060e-04         2.7765517462308023e-04         5.9303545628662958e-04
26                                    -3.2293793996786909e-05         1.3943293100321791e-03         5.4959120869999076e-04         9.0139116933112473e-04         5.6736927799272679e-06         7.9902542741111353e-05        -9.7287654007474200e-05        -1.2060460212302317e-04
27                                    -4.8051973930012047e-04        -4.8723230405240807e-04         8.2438885816513022e-04        -1.0642006251105783e-04         2.7038058813592296e-05        -2.8398357369994283e-05         5.6252845802678454e-05         8.4091990691778380e-04
28                                     6.4857279614143233e-05         5.4591689435472984e-04        -2.5953483869934789e-04         4.3200404522701543e-05        -3.8270531131305791e-05        -5.5381029826686440e-06        -3.9858925672710613e-05        -2.8632625200896798e-03
29                                    -9.4082037483344443e-05        -2.6387424024715430e-04        -3.7226913671878619e-04        -3.5804916830306028e-04        -9.7340370578647643e-06        -1.1918742153156289e-05        -1.4141620751663897e-05        -5.2644906000228202e-04
30                                     1.3749714050422124e-03         1.8486640610904683e-03         1.1504927263755668e-03        -2.4534167334150370e-04        -2.5191855579976001e-04        -6.9059989808644556e-05        -4.4915894420935291e-05         8.5889406976968809e-04
31                                     3.9868461772724290e-04        -2.5894588493776413e-04        -1.7585930470366199e-04         4.8931712450193123e-05         3.8462149684288848e-05        -3.4271048823157862e-05         4.4438489171753719e-05        -3.3496542130997909e-05
32                                     5.2965954634135370e-04         1.5982935866592677e-04         1.5548059045414407e-04         2.2556480132783973e-06        -4.4230059949825244e-05        -2.8405772902197874e-05         1.0823205784699541e-04         2.9023353443363015e-04
33                                    -1.7296256208297639e-02        -7.8477400056997811e-05        -3.3644776615941816e-04        -6.3649311245412513e-05         1.0377234530861340e-02         4.0476789441466973e-03         7.9453971721017078e-03         1.4255760038626997e-05
34                                    -8.5410741938629943e-03         2.8001582848864097e-04         3.2534343033961905e-04        -5.7410271285857420e-05        -1.2793529936729369e-02        -4.5839064478227828e-03        -1.1209617202941977e-02        -1.3205484772805197e-05
35                                    -1.1702446232211972e-02        -5.3293062617890195e-05         3.6860009775795377e-05        -7.6206083422368346e-05        -1.6237096859120524e-02        -8.0253689394049338e-03        -1.2213790349866104e-02        -2.3479251906780127e-06
36                                     2.0214943893408699e-04        -4.8844466432175146e-05        -2.5306746314134650e-04        -2.1861267132312120e-05        -6.7473059649389346e-05         1.8355314259405238e-06        -3.0409984551646278e-05        -1.3902504033617865e-02
37                                    -4.3828888965498965e-05         2.1683426647018268e-07         4.8639208684029970e-04        -1.1616997745234227e-04         3.3437996180666479e-05         7.0733042044565653e-06         2.5264927980039702e-05         5.4436481241575130e-03
38                                    -3.2331165292320981e-05        -5.0237957706322355e-05        -1.1005618149590053e-04         7.8637388849669098e-05        -4.4581237069410840e-06         4.3233849479104407e-06        -1.7998638677649368e-05        -1.5619787243842309e-03
39                                    -1.7089169398861576e-04        -1.5761116477105443e-04        -1.6843585246915116e-04         2.0920947233144633e-05         9.3643418176533356e-05        -1.6193392756729441e-05         5.3689603312349508e-05         8.1771487790411636e-04
40                                    -1.6380412286930526e-04         1.3053550881087536e-04         5.4152233317860277e-05        -7.6133680932312744e-05         1.8058002140192370e-05         1.4697210415225647e-05         3.3652838864399286e-06         2.8146297046024761e-03
41                                    -2.8719466467715251e-05         1.2592528933909778e-05        -4.8064351739969486e-05        -9.2216499281173723e-06         1.2158139494681662e-05         1.0397872868952399e-05         7.6791713137904297e-06        -3.4718188076101990e-04
42                                    -1.1642903096595134e-01         1.5871384059253985e-04         7.4407517959330314e-05         1.6484820046530125e-05        -2.7540384459015799e-03        -1.5001132104708033e-03        -4.0799955181435197e-03        -1.5829249942363546e-05
43                                    -8.0236865690253026e-02        -1.2646080136377499e-04         2.7983914056420919e-06         3.2830295260848834e-05        -9.3085283171046767e-04         3.5801840401792685e-03        -3.2638730943437121e-03        -1.8445227373638977e-06
44                                    -1.5402028906319531e-01        -2.4752947554154041e-04        -1.1060151960361046e-04        -2.6276961453237978e-05        -2.6656802448303718e-03        -3.6516077070687771e-03         8.8731803243331797e-04        -9.3662205761578347e-06
45                                     2.8965922514415368e-03        -1.5362106782932961e-04         1.4666268661501559e-05        -9.3516651280379674e-05        -8.3363706954303424e-02         4.9630144778385565e-02         5.9866694671565412e-02        -1.9209195604996459e-05
46                                    -4.8402390278748514e-03         4.7828395238595518e-05        -1.0691497038438477e-04        -1.7295659145799428e-05         4.9652882905399882e-02        -1.3948611551525097e-01        -1.3799232071732970e-01         9.0642428932312781e-06
47                                    -9.7717262316973814e-04         3.5991236229056039e-06        -7.4034919362089445e-05        -2.0986566849218549e-04         6.0676804177349969e-02        -1.3999280884406357e-01        -2.0937051825647379e-01         1.6055683834350970e-05
48                                    -1.1025903867001308e-04        -6.6307758784119562e-06         6.3918007659583302e-05        -3.0277155600503072e-05         2.4779481980098466e-05        -1.0840938167377360e-06         1.5235088928693564e-05        -3.3408798609742130e-01
49                                     1.6446624435699692e-05         1.5786997532090562e-04         9.4183528934416383e-05        -4.9023980397320667e-05         9.8846365127152724e-06        -1.1390639794082904e-05         2.0976616260307349e-05         6.6198466494113307e-03
50                                    -9.0589587467766242e-06         1.4975408532618702e-05         2.7413860766164539e-05        -2.0663077681724207e-05         4.4262661934710621e-06         4.4166399576351360e-06         4.1867955315968595e-06        -3.5045614002937361e-02
51                                     1.8429030041465359e-04        -9.5101034448566608e-05        -2.1842911565024099e-05         2.1551130288728940e-05        -6.5237225003815437e-05        -7.5030871564162114e-06        -2.3917600573303581e-05        -1.3030074114642805e-02
52                                     9.2840105098704762e-05        -2.8402592006718220e-04        -2.5513315758824481e-04         9.4444024016556490e-05        -4.2032650646387686e-05         1.3516299605183420e-06        -3.8661488388093152e-05        -2.9597958496520999e-03
53                                    -7.5758633368015521e-06        -3.6167576942545341e-05        -3.2077332500650898e-05         7.2924887215198886e-06        -8.2753434610226787e-06        -5.7841749164655188e-06        -1.6036829616579841e-05        -1.7814706174140121e-03
54                                     4.4103271015077938e-03        -2.4019049824778625e-04        -3.8772789331213795e-05        -9.7235999505056452e-07        -1.0851845405978851e-03        -4.8975128257725854e-04        -3.3461976650969619e-04         5.1300515126291097e-06
55                                    -8.7626924484666881e-04        -1.2115487800967251e-04        -9.3309688714624146e-05        -6.2235270653277896e-05        -2.9725987190843924e-04        -3.9744407699863896e-04         7.0751660126363246e-04        -4.1966293783564802e-05
56                                     2.8780371667052173e-03        -2.2142950753121490e-04        -8.5966138019670599e-05        -5.8319391869078021e-05        -3.8841119816074624e-04         7.3367548300828033e-04        -5.3791677207130299e-05        -5.5616178982268111e-05
57                                     6.4408507142539400e-04         1.9635688248689960e-04         4.1092380808712640e-05         1.0578299461450687e-04        -5.2141871973486464e-03         1.9567685072569008e-04        -5.6530864680107845e-04        -3.3394634649751547e-06
58                                     2.8923202041172781e-04         5.6006781550766100e-06         9.9159953659282867e-06         7.0627154911537780e-05         1.8882527996730614e-02        -1.6190689761701358e-03        -8.9844491336808427e-04         4.7781333322014408e-06
59                                     1.7355022105163334e-06        -7.7219521408833882e-05         5.2223191497934702e-05         2.6430892322533168e-05         2.4269375738018597e-02        -2.7816389978162232e-03        -2.9094451654953970e-04         3.0481595315679302e-06
60                                     1.1057916339314278e-03         2.4623915965840465e-04         1.4676823949600357e-04         9.1426125924634789e-05        -4.8522292936516364e-03         9.1864668215526583e-04        -1.9166030142543384e-04         7.0377440648840706e-05
61                                    -2.7560880545628654e-03         1.3769662123238149e-04        -9.4949456831824595e-06         3.5956411196204547e-07         3.4135152835267513e-04         4.8934814726650623e-03        -2.3455759909315585e-03        -4.6756971007748421e-06
62                                     2.5253324443744131e-03         2.0662874333928711e-04         3.2667645662865923e-05         6.2594527186475265e-05        -1.5142657576432284e-03        -2.1684712447263715e-03         3.6242697443346779e-03         3.9174627314556747e-06
63                                    -5.1750783879204315e-05         3.0226234693779769e-05         1.2722038555786209e-03         2.9365165568857399e-04         2.4825617773215091e-05        -2.0869440700042505e-05         1.3881512008700905e-04        -1.8935698480042069e-05
64                                     4.0791565771333303e-05         3.4136853268517010e-04         1.3788884081174643e-03        -1.1061848560504298e-03        -4.1807861461785141e-05        -1.4563119425818551e-04         8.7400421823039670e-05         2.0628459196084335e-05
65                                     6.2396186858614672e-05        -6.2082802348723204e-04        -1.3863034562609095e-06         4.0858566085582269e-04         1.0136653490788392e-04         7.0680416889526421e-05         1.5289966303592018e-04         2.0022977291288008e-05
66                                     2.9336003867119146e-04        -8.0586357944485688e-05        -5.3887317817402571e-05         5.2265067518234020e-05        -2.1866291685058048e-04        -7.8318438779849484e-04        -7.0371905405832488e-04        -3.7547576533996730e-06
67                                     1.6715281126813069e-04         1.4282673751408450e-04         4.0915258017642635e-04        -1.8724440123440034e-04        -1.4425653142289044e-06         5.1945626967402016e-04        -1.3081314034797589e-05        -8.1954897323992856e-06
68                                     1.0494153226271253e-04         4.1097392548511847e-05         4.1826768030909720e-05         3.5645583340031522e-04         4.8004052698970116e-04         7.3507670229624057e-04         1.9422555511230434e-04        -1.1115605974768971e-05
69                                     2.3619668913372127e-05        -2.2404772291814882e-04        -3.5051604879129841e-04         4.4189349461824399e-04        -1.4857870031115332e-05        -1.6066228403462178e-06        -3.7705356087034403e-05        -8.5615931863620379e-05
70                                     3.7821911826820703e-05        -1.7975565771525918e-05         1.7062013853439643e-04         3.1716802213390240e-04         2.2750957809577186e-05         2.5348418187340349e-05         1.1066857611684256e-05        -8.4794873693653247e-05
71                                     1.3846187488006541e-05         5.2676329768245461e-04        -6.8244614900880504e-05        -7.5912713756159011e-04         9.9659960318750507e-06        -1.0122772268025132e-05         3.0780214525003447e-05        -3.2589527839436191e-05
72                                     1.3302053704759582e-05        -5.5423248483952355e-04        -1.1203786616790249e-03        -9.4246138863665662e-05         2.5199176196861789e-05         3.6414281527743196e-05        -7.7563735540218362e-05        -2.7459933081018344e-05
73                                     3.0425834564935328e-05         4.8386119603512599e-04         1.7111731576309030e-04         4.1330703708924955e-04        -4.1223826333186510e-06        -2.1244455320610332e-05         2.9245133636501830e-05        -7.8811154435656783e-05
74                                     1.3497542258726104e-06        -1.0645093075800846e-03         2.2546183930370741e-04        -1.3098060654676350e-04         1.5649045595055033e-05        -1.0953820746676963e-06         1.3550856351625222e-05         4.7446317975747328e-05
75                                     5.2357631415625352e-05         3.1246790545008435e-05         3.8265171966273036e-05        -1.9835309823813905e-05         8.5092216383980332e-07         2.9654365218483546e-06         6.4047696930107176e-06        -5.2750826417664268e-04
76                                     5.5035545283399316e-05         9.8038065497692284e-05         6.0302487488843055e-05        -2.6297200005679982e-05         6.5725912268630848e-06        -2.5311341556725261e-06         1.3019243576417247e-05        -7.4378193035480773e-05
77                                     7.6792193553909939e-06         1.1340713283364769e-05         1.6469352970814734e-05         1.9905576158475984e-05        -4.0179349038840307e-06        -1.2900630215667482e-05         3.0055102129739096e-08        -1.6033344423016269e-04
78                                     1.2764351148500674e-01         2.7604727311571079e-05        -1.1900056663917066e-05        -3.0556065844725231e-05         3.7929794071444591e-04         3.5567236304548562e-04         4.5853483174296402e-04         1.3723933256538229e-05
79                                     9.1227228612874967e-02         4.2170963318047684e-05        -4.1774352179754174e-05        -2.3571409229506952e-05        -5.8716383792930692e-04         1.4966111804731383e-04        -9.4841029389131071e-04        -2.1744489018846007e-06
80                                     1.6074054624555026e-01         8.0618800059450296e-06         7.0069144890681778e-06         3.3118367427694556e-05        -1.0479155962677131e-03        -7.2794065856605222e-04        -5.1273186279155803e-04        -1.3527186580481691e-05
81                                     8.0618800059450296e-06         7.2209156212610634e-02        -1.0601378097728836e-01         8.6669446927601521e-02         4.4378376186929698e-05         9.8996309475200416e-06         2.3224563519536707e-04         2.8984388886960956e-05
82                                     7.0069144890681778e-06        -1.0601378097728836e-01         3.6535718779053167e-01        -1.7926323288442755e-01         5.5696647131619386e-05        -1.0566555178066761e-05         5.9140087890703890e-05         3.4190808258424948e-05
83                                     3.3118367427694556e-05         8.6669446927601521e-02        -1.7926323288442755e-01         1.2062754704449206e-01         5.7613233070542445e-05         9.8498207033628337e-06         2.4778872430902062e-04        -1.4457912161775638e-05
84                                    -1.0479155962677131e-03         4.4378376186929698e-05         5.5696647131619386e-05         5.7613233070542445e-05         8.5081092556113472e-02        -5.4141359851125448e-02        -6.4367971661080242e-02         6.7327331689298262e-06
85                                    -7.2794065856605222e-04         9.8996309475200416e-06        -1.0566555178066761e-05         9.8498207033628337e-06        -5.4141359851125448e-02         1.4204953942318579e-01         1.5201944321260852e-01        -6.5576839450884154e-07
86                                    -5.1273186279155803e-04         2.3224563519536707e-04         5.9140087890703890e-05         2.4778872430902062e-04        -6.4367971661080242e-02         1.5201944321260852e-01         2.1883081311423405e-01         3.6790060335351385e-06
87                                    -1.3527186580481691e-05         2.8984388886960956e-05         3.4190808258424948e-05        -1.4457912161775638e-05         6.7327331689298262e-06        -6.5576839450884154e-07         3.6790060335351385e-06         3.5583844236466611e-01
88                                     1.3074334660184686e-05         2.7442423846149969e-05         4.0924817373947812e-05        -1.8613574274196698e-05         8.4360631601786509e-07        -6.9301502320905106e-07         3.8609510029992980e-06        -6.5114272347656585e-03
89                                     2.3270975037805960e-06         2.0175668587277382e-05         2.9135701294731445e-05         2.6191149305384849e-07        -5.8102816391710779e-07        -2.9801641907405412e-06         1.9770789150689899e-06         3.8029467178382514e-02
90                                    -1.2017156470632800e-04        -5.1966247498212812e-05        -1.5805072464405816e-05        -1.9411502398522084e-05         1.1238900886550770e-03        -1.6865802828070278e-04         4.9240647536301363e-04        -1.0096707081466531e-05
91                                     1.7203209879652773e-04         1.8320185182209222e-05         4.2410115532376304e-06         6.2231861942181090e-06        -6.0601023637465480e-04        -2.0056443951048282e-03         2.1118464943943533e-03        -1.0099685374133057e-06
92                                    -1.3480565338199043e-04        -3.9743646910301114e-05        -1.4425860914363871e-05        -1.0938476689899626e-05         2.9603234876291818e-05         2.0615625813756779e-03        -7.1292394894662426e-04        -2.9427007474062006e-06
93                                     1.0543538033527030e-05        -2.0980967254150993e-05        -2.3900239473378937e-05        -2.2093863556494914e-06        -6.3225041920121541e-06        -6.1326533067063149e-08        -2.7200657902320957e-06        -4.8099777463719504e-05
94                                    -1.8646804619640295e-05         6.6391633106523392e-05         5.9977441900533268e-05        -1.3012776513467079e-05         1.1662303385027242e-05         2.5176355814599427e-06         2.5334989590147957e-06        -1.9926443611490048e-03
95                                     5.3874011420588412e-06        -1.6025023766879574e-05         9.1664621519977826e-06         3.9246753543665342e-05        -2.2123014918250613e-06        -5.7288318911266872e-06        -7.5615099334687191e-07        -1.0053855350090511e-04
96                                     3.2174227535443443e-05        -8.9870120792658785e-06        -4.9121891697427329e-06        -9.6032987096457325e-07        -5.6480490272760786e-06         9.2238541776735149e-07         7.2913911815112101e-07         1.6182749363197624e-04
97                                     2.9374690398681347e-05        -4.8315231020272628e-05        -3.1149299241947041e-05         1.3493414858765235e-05        -1.5239316742073007e-05         1.7972060781152894e-06        -1.0084987197718802e-05        -1.1624510802332386e-04
98                                     5.6656765296393783e-06        -6.9809208292093218e-06         2.9172148223933396e-06         1.3667061071944603e-05        -3.2547514854738851e-06        -1.0406183203256136e-05        -3.5352597858988061e-06         9.6529229546606966e-05
99                                    -9.5970618017733079e-04         6.1357398345457262e-06         1.2277651506053307e-05        -2.4271976892392688e-06        -9.0647254382874264e-05        -5.2838612912885306e-05        -1.0604676005626429e-04         8.1798024903186398e-06
100                                   -7.0446139567190971e-05         3.0354224845846112e-05        -3.3153383892123235e-05        -4.8128611030210083e-05         6.1167679921332932e-05         2.8606679669178283e-05         8.2634976244465416e-05        -6.8826265789096808e-06
101                                    2.0912510197131215e-04        -4.1040546038415547e-05        -3.4590310232617948e-06         1.3011708052671237e-05         7.2672723214369547e-05         6.3683094808779893e-05         6.6322824762736357e-05        -1.5782940307551866e-05
102                                    1.6520699369853816e-04         2.6655363837273997e-05         2.7813432951658478e-05         2.2260310963656917e-05         3.0850961472688896e-04        -8.9561002912364081e-05        -1.0275516427346067e-04         1.3614116822369821e-05
103                                    1.9200635198837117e-04         4.5074754885902413e-05         4.1021955881855900e-06        -1.1201391001579601e-05         3.6015367390854203e-05        -6.6920088931267125e-05         4.3632964070551734e-05        -7.0869919002161576e-07
104                                   -7.2666275067770954e-05        -2.4373719439418472e-05         3.6554067507797369e-06         1.2459773909888360e-05         8.3171592580709593e-05         3.0218938769179405e-05        -3.3098781998427019e-05         9.7079019955193663e-08
                                                        88                          89                          90                          91                          92                          93                          94                          95

0                                      2.8071491424308325e-04         1.0070198098744413e-04        -1.0479743335883110e-03         2.6336435405056977e-04        -2.2175814532261620e-04         2.2964326505102266e-04        -6.3230759881990211e-04         6.2541060453296065e-06
1                                      3.9434492595006183e-04         8.9710487857253571e-05        -4.8969873069085179e-05         2.2448491470290679e-05        -4.5679532145836586e-05         4.2716429513813556e-04        -6.5828244421794915e-04         4.9947676766341211e-05
2                                      6.6292409414024026e-06        -3.1534657454226816e-05        -1.1556283444007841e-04         7.2526984058060708e-05        -3.9752003482246441e-05         1.2886851609856024e-05         2.4873029380628319e-05        -4.8005891262646095e-04
3                                     -3.1001047669271329e-04        -1.1240267359235114e-04         6.8931041327286694e-05        -6.0826118064421239e-05         3.7831063105998289e-05         7.8372387544304537e-05        -2.2332472419688668e-04         2.6518654318985122e-05
4                                     -4.4997785924405914e-05         7.4880017588890347e-06         2.1182090428530152e-04        -3.9310455034568701e-05         6.7612683223460977e-05         6.9148861170534402e-05        -1.8474211755111058e-04        -2.2775460620848211e-05
5                                     -1.0641412042813940e-05        -6.0486941872422777e-05         3.7646647313266911e-05        -4.9089882685265582e-06        -1.0000585404975931e-05         2.4604032173812778e-05        -2.7823026773498099e-05        -6.2479201827804411e-05
6                                     -1.0887605206122794e-03         8.5617596287551894e-04        -7.2179130941903711e-05        -3.3082795733153881e-06        -2.2890621634285516e-05        -4.7167873230801560e-01        -9.2765217227969321e-02        -6.7441865072709051e-02
7                                      3.6966428871294922e-03         6.0843154331750599e-05         8.1355758150661144e-05        -3.0255747323578754e-06         3.1231919624745332e-05        -3.7298908728532323e-02        -5.4602297966013194e-02        -6.1602771411700188e-03
8                                     -2.5717578501341040e-05        -4.1913682972802482e-03        -2.5299198917942505e-06         1.6074223359261055e-06        -3.1634721565792254e-06        -6.5693044562417896e-02        -1.4115948222731375e-02        -1.4731599206027929e-02
9                                     -9.6919311971957424e-04         3.9820599041362123e-04        -8.4899082685648952e-05        -1.0501728588398814e-05        -2.1178219746216184e-05         1.5264729490995464e-05         2.8039073520852702e-05         5.0659512687910345e-05
10                                     2.0949878073971990e-03        -4.7107524180095171e-05        -9.5556572559079905e-05        -1.9949514231619968e-05        -2.2959539596366688e-05        -5.9051099432415723e-04         7.7232928995157933e-04        -5.9993564817984517e-05
11                                     1.9059805401937615e-06        -3.1930626652931027e-03        -6.1991869737077019e-06         2.2690127758827024e-06        -3.0284027213846950e-06         2.2575265250721066e-06         1.1534752615710288e-05        -1.1756233195137891e-04
12                                     3.5223493461629710e-06         2.5694898666857985e-06         5.5981297784609514e-04        -8.2912470209451456e-04        -1.1091096338533527e-03         2.2683896902309271e-05        -3.8884869626798946e-05         1.1856531240612457e-05
13                                     3.2807087714949243e-06        -3.5957238652187715e-06        -3.6388257777418597e-05        -2.8619463495416014e-04        -5.9690177833071644e-04        -2.6811064891675080e-05         4.3782071742611399e-05        -1.6546511666999657e-05
14                                    -3.6845090961271735e-06        -1.0802332127960031e-05         1.9545632266594268e-05        -6.9331435567759870e-04        -8.4858046620512771e-04        -3.7223498497051058e-05         6.8693724856763982e-05        -3.6920430758228002e-05
15                                     1.0606230267523656e-05        -6.0070966290976663e-06         4.2555797273101112e-03        -1.1704362706324990e-03        -2.1478196599260778e-04         8.2442384601806465e-05        -1.4199667406349187e-04         1.0294033096779542e-05
16                                     5.4825397299378120e-07         2.2757973669496089e-06        -3.8542011729206325e-04        -1.5815426148032032e-03         3.1929737784910771e-03        -1.3943161643032928e-05         2.2560405401182812e-05         2.4123075439540925e-08
17                                    -7.3535636985129797e-07        -2.0157911331949118e-06         7.7220132603709850e-04         3.1040367433958493e-03         3.9865015561520167e-04        -7.3548409233298827e-06         1.5754969064219750e-05        -6.6895781356140788e-06
18                                     1.9545591702543018e-04         1.4342015234419553e-04        -1.7126370196039558e-04        -4.0165261905711087e-05         1.9587731524241085e-05        -1.2887686449006958e-05         3.0721448780096508e-04         5.6977273776158042e-05
19                                    -4.0542702136422157e-04        -1.6586862536854650e-04        -2.4991202422530419e-04         8.2141394338374222e-05        -1.0667908987213831e-04         8.7747242465837337e-06         2.6167966067861984e-04        -3.9295717336423831e-05
20                                    -1.0585202061761059e-04        -4.0777398796000975e-05         1.4026019095642701e-04        -1.5578042063589840e-05        -1.4448822059113728e-05        -7.0466671058338603e-05        -2.0040958459216122e-04         1.9352108738618725e-04
21                                    -7.2106447262047904e-05        -3.1867414539778384e-05         3.9106867314093281e-04         1.3800646905598869e-04         2.3726602009651980e-04        -1.2640196088524827e-04         5.6870188510234972e-05         3.7615395807524815e-05
22                                    -1.9676836108576117e-04         7.1678435241462514e-06        -6.6872030660718477e-04         4.6672206135362561e-04        -6.3208709031028750e-05        -7.0901176259499567e-05         1.6552169425060166e-04         4.1209041856105785e-05
23                                    -1.7186860575290561e-05        -4.7024634314702816e-05        -1.1212200309105734e-03        -8.3142753394019504e-05         3.8650233347539784e-04        -6.2692577289555178e-06         5.9720202839838219e-05         6.5584632334468520e-05
24                                    -1.2649270476613509e-03        -3.5015837461786482e-04         3.7507201312506695e-05        -3.3548138608117603e-06         1.2020257452556083e-05         1.8983256502039941e-04        -8.0828588511243642e-04         3.0668022830631996e-04
25                                     6.7064338491293406e-04         2.8346091179660667e-05         9.7955784429612676e-05         1.0157461061894614e-05         7.4778210624707082e-06         1.6308219625045745e-04        -2.6706518971467705e-04        -2.7773720481375364e-04
26                                    -3.2157163660081293e-05         7.4192230756223154e-04        -7.3697905860595908e-05        -5.4724480016976607e-09        -1.3321028506924418e-05         2.3966319260467677e-04         3.3495589335530754e-04        -3.1218362676358987e-04
27                                    -1.5898447275400638e-03        -1.1361255070180319e-04        -1.0028634549039139e-04         1.0410791682264643e-06        -3.4778837720854340e-05         1.8718069582278358e-03         1.5037809657821484e-03        -6.0506774544408963e-05
28                                    -4.3352987245704726e-03        -5.8383692880069761e-04         4.6321084564869639e-05         1.8553778823977461e-05         7.3253916921126386e-06         3.1865765021511176e-03        -6.9466842256360279e-03         7.2040220530904882e-04
29                                    -3.3648780254734987e-04         5.0993243494627267e-03         1.6188480310003455e-06         3.4857388697847572e-06        -1.3913338644324117e-06        -1.7777842451034091e-04         2.1836503728181488e-04         2.4722975716772551e-03
30                                    -2.8562136416859134e-04         1.8132880519739674e-04         4.3196300805078990e-04         6.7974461311530367e-05         1.0711082688272342e-04        -1.3701355927693113e-03         2.1340275273645762e-03        -2.0789742197483243e-04
31                                    -1.7329865666141362e-03         1.2433867236256592e-04        -1.6220547588028061e-04         2.8951739211052817e-05        -5.4646481936244809e-06        -6.4875696372574938e-04         1.3974312533513269e-03        -3.5512745729974609e-04
32                                     3.2722156993021870e-05        -1.5383811560814660e-03         3.0869294653716620e-05         1.0666864546460784e-05         7.9357531517965010e-06        -3.0455546036550817e-04         1.1046189638676086e-04         2.0823997647280200e-03
33                                     1.6439088784657560e-05        -5.1129989526917130e-06        -4.8725694817234235e-03         1.9347304119124061e-03         1.0422119452553617e-03        -2.3580314676379614e-05         3.0481307988586439e-05        -1.8299913131861840e-05
34                                     3.7027539513543219e-05         4.6753792498237706e-06         2.7651318174724826e-03         4.0036709596683812e-03        -2.3638904197319085e-03         1.7060531258165121e-05         1.6552656773133193e-05        -1.7363086696281477e-05
35                                    -1.0245745664037956e-06        -8.0189921143494856e-07         1.9358509565352662e-03        -2.4553534141451530e-03         2.9930438053409119e-03        -7.9934753287658525e-06        -1.2734781286757177e-05        -9.2908009839434523e-06
36                                    -2.6302066675541393e-02        -2.3978834688270084e-03         1.1857720134891988e-04         8.4582884235606757e-06         3.5927545108590479e-05        -2.5798598639467336e-02         4.9071041274218241e-02        -1.7184180345049711e-03
37                                     3.5104395559033613e-03         7.1041156138638983e-04        -5.0883599714555408e-05        -2.6381029802727035e-06        -2.1054969399165709e-05        -3.2717596777728716e-03        -1.9499606266490388e-04        -6.3072574967210776e-04
38                                    -2.9775048561780553e-03         4.9295114046888147e-04         1.0028193839641556e-05         1.8610756218808019e-07         3.7326462657620942e-06        -3.2231218515506206e-03         6.7918304403484292e-03        -2.5353843121297855e-03
39                                     1.3746113014384258e-03        -6.2070451895007467e-04        -1.7183446978075861e-04         6.5554165142823139e-07        -3.5363510847260821e-05         5.6493188404175870e-04        -7.8835674751276050e-04         1.7536600292551648e-04
40                                    -5.0526778146765174e-03         1.5992003526470763e-04        -2.2350971937719734e-06        -1.1749464597714601e-05        -5.3202084704335800e-06        -3.9221729738440902e-04        -1.0157416903018032e-04         6.9312321920587711e-05
41                                     1.4558187642942110e-05         4.3503623643919897e-03        -2.1841819398284016e-05         4.2055862134816110e-06        -4.7044417878173896e-06         7.5355635719476463e-05        -1.1098442124873608e-04        -5.6999605042680021e-05
42                                    -8.0760902815854119e-06         1.1428343405267601e-05        -1.9665727544630101e-04         5.3871781319560002e-04         8.6924223401553329e-04         5.5358752633037633e-06        -2.3550323838946520e-05         2.2614284327795328e-05
43                                     9.8561919704735635e-07         1.6525332198905477e-06         5.2783584462402018e-04        -5.7246743396713567e-04         1.5746122665841644e-05        -3.0209739900238959e-06        -6.0529851082656677e-07         6.1207814104764544e-06
44                                    -1.4407214054197788e-05        -3.9051081494909605e-06         8.2949864499986983e-04         4.6603889056394355e-06        -4.0409915393801738e-04         2.8425438443563465e-07        -1.5718709840631445e-05        -4.0229937709544803e-06
45                                     5.1224280581056743e-06        -4.2872720528908570e-07        -1.5998828712688731e-02         4.4698395992726590e-03         3.5745093178928197e-03         2.1920062389071049e-05        -2.5431611531959749e-05         5.4975510800417393e-06
46                                    -3.8021418179968959e-08         5.0869745893837083e-06        -1.3670623384267996e-02         4.2546155526561116e-03         2.8348026050966394e-03        -4.8307266715538690e-06         1.5206656613970637e-05         8.5208296874594625e-06
47                                    -6.2048669635698603e-06        -2.5487379139206990e-06        -2.1581260216752975e-02         5.5317747405166165e-03         5.4379510939241982e-03        -9.6503430882443827e-06         2.5272192181096284e-05         2.8441740385337492e-06
48                                     4.7344718057312990e-03        -3.4900318215842080e-02        -4.6601734044881204e-05        -3.4720851870541575e-06        -1.1708723732858179e-05         5.5750031120645836e-03         2.1064888070105557e-03         8.5586519847493259e-04
49                                    -5.9175885181768556e-02         1.8730207745944801e-05        -8.1408403262295942e-06        -7.7747926402446291e-06         1.8413341600842178e-06        -4.5604306985032195e-03         1.5085713640579680e-03        -6.1313720462196990e-04
50                                    -1.8844513155041984e-04        -2.7584202206671061e-02        -3.9099737112481661e-06         9.7619719216237118e-07        -2.1196389185091752e-06         7.8471845464920425e-04         2.7251560650054431e-04        -1.5085625528029843e-03
51                                     2.9629318680780118e-02        -1.0943056591393770e-03         1.0559231439097864e-04         1.1918037452519334e-05         3.1071013583185007e-05        -1.1343334028444639e-03         5.0914336844936400e-04        -2.0028514592830383e-04
52                                     5.2244623897201078e-03        -2.7445566152998774e-04         4.9436269471789208e-05         2.2046737270467508e-05         1.4797343213862266e-05         2.8435619086511488e-04        -1.4468218627833145e-03         9.6649885859596699e-05
53                                     3.3822383959423636e-03         2.0590338737238876e-03         9.9141374265521432e-06        -1.0279614990153333e-06         4.8846951825924637e-06         3.2276131468554170e-05         3.2345121552486314e-05        -7.8684459061068230e-04
54                                    -5.1165998989091337e-06        -4.0929287572297834e-06        -9.6498672510097073e-05         2.6620663233730760e-03         2.7516555417143877e-03        -2.6548338650617359e-06         4.2647434972813044e-06        -6.9987389644462507e-06
55                                     3.1599971791563609e-06         3.8887015911311801e-06         1.7917553277618614e-03         2.3330915550990941e-03        -4.4026385233115100e-03         3.2677772227896916e-05        -6.0154812765519960e-05         2.0852527915558080e-05
56                                     7.5982328152203129e-06         8.7635928408685024e-06         1.5234865016162283e-03        -4.2963660569455449e-03         1.3016157579294821e-04         4.9518808727872995e-05        -8.0637767973593824e-05         2.7449228118921513e-05
57                                     5.0719245007589670e-06        -1.9834427216839094e-07        -1.7978789430254827e-01        -6.7355667656268603e-02        -1.1660441411574371e-01         8.7748960126603562e-07        -9.8850458136503767e-06        -3.7595813835111466e-06
58                                     2.3295309786780023e-07         1.5023912135764673e-06        -6.7586347030284336e-02        -8.0587696500726141e-02        -8.0796126953450731e-02        -2.9702448673227960e-06         5.7635845908724265e-06         2.1769257942394076e-06
59                                     3.6168162262461182e-06        -1.2959706856536759e-06        -1.1679504867746079e-01        -8.0700545411371893e-02        -1.6010662179985008e-01        -9.8008310542080021e-07         1.2266590571166576e-05        -4.8913811836925929e-06
60                                    -8.9756658704239455e-06         5.3734894821099322e-06         5.0705115216888863e-03        -1.4417383574295879e-02        -1.9692666957125654e-02        -7.3139985818369705e-05         1.2052462829327998e-04        -1.0017882716981672e-05
61                                    -6.6818122421913620e-07        -1.1710045878238100e-06         5.0522721427043588e-03        -3.7430145365851177e-03        -8.4931800362544538e-03         2.8257665192256973e-06        -8.4073971325703907e-06        -2.9690604009314775e-06
62                                     4.0588529416340369e-07         9.1141634668518112e-07         7.2979180556696638e-03        -1.1611423648006811e-02        -1.1781475109293418e-02        -6.5842746447419159e-06         2.7007682176992298e-06        -1.5440896339162399e-06
63                                    -2.4183934398966969e-05         2.7979522980240600e-05         3.9841155817905115e-06        -1.6490008189357639e-05         1.3266060704005250e-05        -1.5487861995678405e-05        -6.0980668876149857e-05         1.8468321367986523e-05
64                                     2.3693833798836824e-05         1.0779257820079969e-06         1.3962419766272861e-05        -2.7987124361422895e-07         7.7599174442216992e-06         6.9929203610957021e-06         1.3952805094777484e-05        -7.3529381115658530e-06
65                                     2.5912477892779906e-05        -1.3250702958652087e-05        -9.5524511220870800e-07         1.6043209621014213e-05        -1.6189669718420698e-05         1.4262337902554590e-05         3.1649520527528898e-05        -3.8775217701621277e-05
66                                     1.9597757031810478e-05        -1.7420412567732750e-05        -4.5489139216683982e-05         7.3862865547453865e-07        -2.2108683561797347e-05         8.9190496869007803e-06        -1.2809651808262345e-05        -9.5443806252070546e-06
67                                     3.3018322725458094e-05        -1.4188775724357701e-05        -8.3650141540581664e-06         1.7832336377826379e-05        -2.6382495163686237e-07         2.0491644064752463e-05        -4.4533585083644038e-05        -1.4731657237076088e-06
68                                     1.9642477435879893e-05         2.2101645485744672e-05         5.0890859379376738e-05         1.7104923909722156e-05        -3.7674513910781679e-05         1.1725917465587200e-05        -3.6035374605501068e-05        -2.7901202433484759e-05
69                                     1.1558693222103883e-06         1.6853722684231031e-05        -4.5728741260629246e-06        -3.6423440024810859e-06         1.5790673302980274e-06         2.6780770765025275e-05         7.3658059065796178e-05         1.5426990780593417e-04
70                                    -1.6918968766661722e-05         7.3822638083342727e-05        -7.3558540050310938e-07        -1.7033673166838310e-06        -2.1628788230102381e-06         1.0383391050803204e-04         1.9996075682678376e-05        -7.5494178946624153e-06
71                                    -3.6432192850290498e-05        -1.0374454338127185e-05         9.9990660156778523e-06         3.5126913486196315e-07         1.7658572563881980e-06         2.3033712321074516e-05         8.1372380664417705e-05        -6.3841804358394250e-05
72                                     3.9215501339154296e-05         2.6057328825373951e-05        -5.2461998739305299e-05        -5.8883719411946490e-06        -8.1072589736889923e-06         6.9887140429884332e-05         1.0183346611349216e-04        -4.5550474918914369e-04
73                                     5.7897520511669944e-05         2.3303765880932151e-07         2.1163852881615200e-05         8.4595241540020433e-07         2.2144888077704674e-06         1.6279743178962197e-04         3.4747628027953899e-04        -3.0944910633238392e-05
74                                     4.1019036041562850e-05        -1.2066927594568948e-05        -1.5279977402511778e-06         2.2427865772012235e-06        -6.2590865876040527e-07        -1.5885587989709817e-04        -3.3777597350172971e-04        -2.4649185312246953e-05
75                                     1.4885852334295380e-03        -1.5310708469104507e-04         1.1528333221596599e-05         9.2494965015952821e-07         4.0022496351776755e-06        -1.0248009359386991e-05        -1.9057933132426172e-04         4.0136625076535857e-06
76                                     9.9479346040726158e-05         4.5899381405507507e-06        -4.4555858746270216e-07        -5.4678702358554841e-07         2.3473329580309208e-06         5.2997322719148220e-06         1.1798341622239433e-05         2.9337801405778375e-06
77                                     1.6083595517610329e-04         8.9592638507648991e-04        -2.8758107310556150e-06        -3.5790234094456745e-06        -7.1433475754145042e-07        -6.7610641322368324e-07        -2.9201460217730502e-05        -5.6357706594483395e-06
78                                    -7.3041602222729456e-06         1.3134380876006664e-06        -4.3440972466825874e-06        -4.9347715730704020e-05        -2.8664561272735180e-05        -1.5646391825290332e-05         2.1932257856691382e-05        -1.8948009161762680e-06
79                                    -3.2580087872199090e-06        -2.8706758137238351e-06        -1.2006652450097450e-04        -2.1886373205112753e-04         1.5827174426942558e-04         6.5040837586480792e-06        -6.8463946416344706e-06        -8.1963218711690415e-06
80                                     1.3074334660184686e-05         2.3270975037805960e-06        -1.2017156470632800e-04         1.7203209879652773e-04        -1.3480565338199043e-04         1.0543538033527030e-05        -1.8646804619640295e-05         5.3874011420588412e-06
81                                     2.7442423846149969e-05         2.0175668587277382e-05        -5.1966247498212812e-05         1.8320185182209222e-05        -3.9743646910301114e-05        -2.0980967254150993e-05         6.6391633106523392e-05        -1.6025023766879574e-05
82                                     4.0924817373947812e-05         2.9135701294731445e-05        -1.5805072464405816e-05         4.2410115532376304e-06        -1.4425860914363871e-05        -2.3900239473378937e-05         5.9977441900533268e-05         9.1664621519977826e-06
83                                    -1.8613574274196698e-05         2.6191149305384849e-07        -1.9411502398522084e-05         6.2231861942181090e-06        -1.0938476689899626e-05        -2.2093863556494914e-06        -1.3012776513467079e-05         3.9246753543665342e-05
84                                     8.4360631601786509e-07        -5.8102816391710779e-07         1.1238900886550770e-03        -6.0601023637465480e-04         2.9603234876291818e-05        -6.3225041920121541e-06         1.1662303385027242e-05        -2.2123014918250613e-06
85                                    -6.9301502320905106e-07        -2.9801641907405412e-06        -1.6865802828070278e-04        -2.0056443951048282e-03         2.0615625813756779e-03        -6.1326533067063149e-08         2.5176355814599427e-06        -5.7288318911266872e-06
86                                     3.8609510029992980e-06         1.9770789150689899e-06         4.9240647536301363e-04         2.1118464943943533e-03        -7.1292394894662426e-04        -2.7200657902320957e-06         2.5334989590147957e-06        -7.5615099334687191e-07
87                                    -6.5114272347656585e-03         3.8029467178382514e-02        -1.0096707081466531e-05        -1.0099685374133057e-06        -2.9427007474062006e-06        -4.8099777463719504e-05        -1.9926443611490048e-03        -1.0053855350090511e-04
88                                     5.5726871003131916e-02        -6.4338332016909483e-05         2.0304352036181578e-06        -5.9846332543008873e-07         1.1951627772888314e-06         8.7539912641223985e-04        -1.0099316543012702e-03         1.2085901837772162e-04
89                                    -6.4338332016909483e-05         2.3029591623931502e-02        -1.6168220317057456e-06        -8.8060652358570098e-07         9.1834493005265357e-08        -1.2221870536276115e-04        -1.9149888401584091e-04         8.1876841562192890e-04
90                                     2.0304352036181578e-06        -1.6168220317057456e-06         1.9066323505556104e-01         7.3121960921846682e-02         1.2745294722619122e-01         1.0194476979469638e-05        -1.8427249561698026e-05        -1.7133485820706540e-06
91                                    -5.9846332543008873e-07        -8.8060652358570098e-07         7.3121960921846682e-02         7.8235216516762338e-02         8.9405531256291887e-02         1.2911901821540403e-06        -1.4994536298963760e-06        -1.1166409483932718e-06
92                                     1.1951627772888314e-06         9.1834493005265357e-08         1.2745294722619122e-01         8.9405531256291887e-02         1.6557444920545744e-01         3.8325545634587937e-06        -6.4937004701915823e-06         1.1385681250743304e-06
93                                     8.7539912641223985e-04        -1.2221870536276115e-04         1.0194476979469638e-05         1.2911901821540403e-06         3.8325545634587937e-06         4.9157353139767096e-01         4.1540807956637171e-02         6.8538210067381256e-02
94                                    -1.0099316543012702e-03        -1.9149888401584091e-04        -1.8427249561698026e-05        -1.4994536298963760e-06        -6.4937004701915823e-06         4.1540807956637171e-02         6.0856010120012023e-02         7.1257717439048201e-03
95                                     1.2085901837772162e-04         8.1876841562192890e-04        -1.7133485820706540e-06        -1.1166409483932718e-06         1.1385681250743304e-06         6.8538210067381256e-02         7.1257717439048201e-03         1.4989008101199916e-02
96                                    -2.4858996794337071e-04         1.0403381658137707e-04         1.4956370822015127e-05         1.4980913463445017e-06         5.6632228335488574e-06         1.5799688742127501e-05         7.9214795175225122e-07        -1.4845038749145261e-05
97                                     3.6086497133941566e-04         2.2006806475490968e-05         2.5014964816818305e-05         4.3692183037505631e-06         6.5945952717608777e-06        -1.0154361866059752e-05         1.8936741228943346e-05        -1.1805578953281407e-05
98                                    -4.2775509878853693e-06        -7.8722474183904158e-04        -1.4088822402012611e-06        -3.2349560334768749e-06         9.0689874352099212e-07        -1.2486863850167372e-05        -2.4017830397481948e-06         1.0092438279643398e-04
99                                    -5.3806126086806678e-06         1.5930442399908853e-06         3.3036723684947431e-05         4.2040687362368111e-05         1.2308935175079608e-04        -1.1816958669689202e-05         1.6816444233757374e-05         1.1870880805880577e-06
100                                   -2.7410077049737775e-06        -1.3401406184532802e-06         1.2295204469478451e-04        -3.6823051608655868e-04        -4.9253970062195147e-05         6.4050102071851580e-06        -6.6021271279110107e-06        -2.7432947220769951e-06
101                                    5.3833569785906077e-06         5.0712839220990401e-06         2.2539571771609465e-04        -5.5236997885726915e-05        -3.7521904169087318e-04         1.0847665784292308e-05        -2.1080128627418715e-05         1.4251044849820970e-05
102                                   -1.9958144158032599e-06         1.0508920267731378e-06        -8.3950523604952101e-05         1.2998868049613871e-03         1.7159832298102779e-03        -1.4359938922247056e-05         2.3215135588724080e-05        -1.9015058920307754e-06
103                                   -6.1706111199060805e-07        -1.3153759240090815e-06        -6.3986866333495644e-04        -5.2174555331561002e-05        -8.3105917343375205e-04         1.3839852488124228e-06         9.8068199058071550e-07        -2.3143024056707410e-06
104                                    7.9787319672366703e-07         1.7383024753299826e-06        -9.6770814620992553e-04        -5.3457894465435730e-04        -4.1941661688070855e-04         4.9518914016586507e-08        -9.8773104823710555e-07         3.7718201459055229e-06
                                                        96                          97                          98                          99                         100                         101                         102                         103

0                                      6.0288663086461919e-04         1.1044547887131308e-03         7.1712498607739278e-05         2.7581308918530039e-04        -5.1089100427270228e-04        -6.3511247356456534e-04         6.0031315095531530e-04        -4.0965734149507149e-05
1                                      3.2026517655179480e-04         6.2300566596967810e-04         5.4664603542293119e-05        -1.2337888676227933e-04        -1.3814617371320042e-04         8.6167140204919564e-07         1.1939285377059715e-04        -2.5648010041586238e-05
2                                      8.8396214675730018e-05         1.5354758285399150e-04        -7.9058915727705240e-05        -1.7785141019492764e-04         6.7836646719377858e-05        -2.2731576425168458e-05         1.0096984853791632e-04         1.6296154708663369e-05
3                                      3.8736957787487061e-05         1.9476532975398145e-04         1.8281058578558220e-05        -6.3859373825203092e-05        -1.0454689913071824e-04        -1.2131921227271410e-05         6.8350044692637945e-05        -1.0029343480544761e-04
4                                      1.0887643534063826e-04         1.7335414488082990e-04         3.9795727664442151e-06        -9.9800876067228025e-05         5.3320859821682207e-05         1.0548416690290131e-04        -8.6252341010532082e-05        -7.1843380047948010e-05
5                                     -1.6637223045441393e-06         1.7306348485401912e-06        -3.2227812452070682e-05        -3.9613608733713584e-05         9.9173986027556893e-05        -5.2898743205819594e-05         3.0543586004220906e-06         8.6064497300144920e-06
6                                     -4.3430752509539825e-04        -6.5881131550048861e-04        -2.1591050152148633e-05         6.1196744476018500e-05        -4.0261402297371183e-05        -8.7270539222841260e-05         8.3789058244630493e-05        -1.4545240962917727e-06
7                                      2.0653548428223312e-04        -4.6507583852017833e-05         1.8406067983667469e-05        -8.8361636983868772e-05         1.2083128496901026e-06         1.0804935934478769e-04        -9.2585491641112433e-05        -1.1312803847855443e-05
8                                      1.4387826215502247e-05        -6.6439399019221153e-05        -4.5882522921634084e-04         1.2746977739768383e-06         2.3643406114251119e-06        -2.6140685526419990e-05         8.7285819036205057e-06         3.2511849021906857e-06
9                                     -2.1433310814327883e-01         1.8754859607632529e-01        -2.3089771219862120e-02         6.2162838076273465e-05        -1.0284866665924582e-04        -9.8566744111145115e-05         1.0147659331450373e-04        -2.0129866664694894e-05
10                                     2.4402719148114072e-01        -3.1926958010357381e-01         2.5670655773533384e-02         6.5574087011519618e-05        -1.6419011649223208e-04        -1.1423843929649828e-04         1.2321063780866185e-04        -3.4125076834921214e-05
11                                    -2.2363450625470620e-02         1.8749487477336839e-02        -6.9363213764723070e-03        -4.7497946680904101e-06        -2.3291003633012854e-05        -3.7439998965730509e-05         1.3895105429213958e-05         1.5309474963085923e-06
12                                     3.1649385372263961e-05         6.8723511446644285e-05         2.3810136651681308e-05        -3.2909650611728603e-01        -8.7813001558733172e-02        -1.6550559264091630e-01         2.7798806942974348e-04        -4.9342213748008144e-04
13                                    -2.4233738280406082e-05        -1.1856208388536795e-04        -4.8230649319996321e-05        -1.2154473865399626e-01        -5.8408730068501349e-02        -9.0444623531655902e-02         1.1234645975281613e-03        -1.2493784620938792e-04
14                                    -5.3123444369051754e-05        -1.2688764484657767e-04        -7.3529327022702978e-05        -2.1105630653754798e-01        -8.5718065448990133e-02        -1.5036875603651112e-01         1.5966417991766307e-03         1.4260720772674721e-04
15                                     1.2011567390452996e-04         1.9905233859340886e-04         1.5164183119066237e-05         2.3541546721535678e-04         1.0995730382910972e-03         1.5844092984846850e-03        -1.6683730759583010e-01        -1.2329182644166591e-01
16                                    -1.8231182728392376e-05        -4.5494546622813943e-05        -7.7489680547484173e-07        -4.9624744531511595e-04        -1.0243208936866228e-04         1.7894263817595985e-04        -8.9698065325399950e-02        -1.1400438250643222e-01
17                                    -1.0483435677345696e-05        -1.7051433720110306e-05        -1.1576305831068463e-05        -6.0124767984117474e-04         4.3862379077786243e-04         1.9847124697577661e-04        -1.4755496384123895e-01        -1.6873955195130247e-01
18                                     1.7248916536238867e-05        -1.3672691912126954e-04        -4.9628215824019009e-06         5.7179611552945955e-05         6.1423533851477061e-05        -3.8128929705269379e-05         6.1861180761628724e-05         9.7303288541468957e-05
19                                    -7.4259175890724642e-05        -4.7973343173309197e-05         1.3419729875242074e-05         1.3079552166005842e-04        -1.0921714009032996e-04        -1.5640489842348661e-04         1.3235873676313472e-04         9.1915658847023735e-05
20                                     4.5834693098044475e-05         6.9196407234664060e-05         5.2010957570097148e-05         2.4382887109900171e-05        -1.3277837701710250e-04         1.5766345159169172e-04        -6.9072712238716456e-05         1.5714609515749944e-06
21                                    -2.3539676332695538e-04        -3.4364141055152572e-04        -6.1097913821147741e-05         8.2575431653908026e-05         3.0629305374059511e-04         3.7205008492189684e-04        -5.3653185292963906e-04        -7.0379097316768872e-05
22                                    -3.0191989963284749e-04        -3.8056335259937634e-04        -3.7174713766449056e-05         1.5467377870338240e-04         1.7989666287224464e-04         2.0774832998708882e-04        -1.1741502862648974e-04        -2.6978620423552687e-05
23                                    -1.2783065573869186e-04        -1.7272227451138556e-04         6.9636282754129771e-05         2.0009784749799907e-04         1.3582316850641366e-04         1.5619463348924036e-04         1.1069537134642373e-04        -3.0798342993591495e-05
24                                    -5.1815133126661256e-05        -1.4816444946347870e-04         8.6971415052279741e-07        -1.0259648775533497e-05         3.2462473872409278e-05         1.3643266129217762e-05        -1.7825371278748915e-05        -1.4092546258173515e-06
25                                     4.6904859248480266e-05        -6.8363397178004132e-05         1.1445278519590674e-05        -9.2103262752840816e-06         4.2653060896486556e-05         4.9956217380503010e-05        -7.0568598771965189e-05        -1.7252872470342436e-05
26                                    -5.0988653408740492e-05         2.9213897162450606e-05        -6.4376404534114887e-05         6.6080159611892541e-06         5.5361291745235040e-06        -4.6029822738749690e-05         4.8887179655099778e-05         1.1204394109500795e-05
27                                    -3.5239373288591851e-04        -3.1014963378670282e-04        -4.3440362480230718e-05         9.1166250693129613e-05        -9.2776073866085863e-05        -1.4745350345617277e-04         1.0878565341567706e-04        -1.0878350360855426e-05
28                                     3.5404905558746903e-04         7.1239343138110138e-04         6.9731187479633069e-05        -2.8582014959979089e-05         3.6016362623090669e-05         6.9732691961974132e-05        -6.3419959512049998e-05         2.7280919043311692e-06
29                                    -2.0253059905811130e-05        -7.6227294272334365e-05        -7.7085505859097596e-05         6.7940036663745665e-06         1.2427003899930937e-05        -1.9192708526747542e-05        -2.0593290979836212e-06         3.9668268182986642e-06
30                                    -1.1512594877680585e-03        -3.8470393451077792e-04        -3.4378452965754913e-05        -3.0781652574726802e-04         4.3735391086945964e-04         5.7855452606409767e-04        -4.1184532872050425e-04         4.0253475950250317e-05
31                                    -4.8928988378856095e-04        -1.5293974498294786e-03        -7.3367615379068087e-05         2.9148573398809011e-05         5.1135282950915523e-05        -3.8685963624565667e-05         5.2671870806117059e-05         1.4824794666201202e-05
32                                    -4.8549352065481747e-05        -4.5859598099309644e-05        -7.2459338841653889e-04        -2.4819073667815047e-05         3.3474787560289036e-05         9.1420823971212077e-05        -2.5933758429277616e-05        -8.5466981503460834e-06
33                                     1.2510042875945281e-05        -2.9011143855468130e-05        -2.4605879542374532e-05        -8.2916358286448319e-04        -1.3836653239347870e-04        -1.8170810417163057e-04         8.3063610633622546e-04         9.3962101159269281e-05
34                                     4.1590091016241622e-05         7.1015691602667724e-05         3.1876260356466913e-06         6.3423357681530179e-05        -6.1769404021943381e-04        -5.6631160668359280e-05         1.3165280058228981e-04         5.7025620388541961e-05
35                                     2.8204240481466978e-06         9.4111495201106704e-06        -7.9344887694051497e-06         6.2114813245885830e-05        -2.1759787512303793e-04        -8.2222785447165589e-04         1.4187993689380963e-04        -3.4205633386823105e-04
36                                     1.3736366646873110e-03         2.3135128220865739e-03        -4.3491064991832602e-05        -8.9497345275352160e-05         1.0877071282476005e-04         1.4166953576713755e-04        -1.3758970971942432e-04         1.1807533737925782e-05
37                                    -6.6873443357993089e-04        -1.0549098783466113e-03        -1.3925408204592139e-04         6.3091354389241188e-05         1.3770056539739984e-05        -6.9057629661343546e-05         6.5938578256535514e-05         9.2543454988428496e-06
38                                    -1.3772128819974108e-04         1.9107927603822643e-04         2.3035393400950050e-03        -1.3755222289135076e-06         1.0082808920154780e-05         2.2053649357136869e-05        -1.7218702669436603e-05         8.7687922045926511e-07
39                                     1.6624102940347480e-03         2.2298884728037000e-03         4.6858408537901421e-04         7.9631523899729192e-05        -1.4811651142663309e-04        -1.5451418767085625e-04         1.4799393068834222e-04        -1.9029328079670876e-05
40                                    -4.2647351703991778e-03         5.8671862487501905e-03        -4.5655501167528605e-04         2.6051343750628790e-05        -1.0087676483178136e-05        -6.1732302613806841e-05         2.5430983353981419e-05        -4.8200938927123421e-06
41                                     3.8566628522369639e-04         3.6739509427335709e-04        -1.5908287173999264e-03        -2.0659230563411916e-05        -3.3108087760786332e-05        -5.2821528230816985e-05         2.4533882847750448e-05         3.9735034473310896e-06
42                                    -2.1473366344894676e-06         3.9694423060171262e-05         4.0870142132991235e-05         2.8651196185380517e-03        -1.3911777629976264e-03        -1.4432818684618400e-03        -4.6692529575226077e-04        -2.7347888915731040e-04
43                                     3.2357072604154136e-06        -1.3291141541848411e-05         1.7534050899325904e-05         3.1257310887522769e-03         9.7210709199932899e-04         3.0055420543446849e-03        -1.1517753458124818e-03         9.7286403694217332e-04
44                                    -1.2753729248523877e-05         2.1023253307684295e-05         1.5078530197111821e-05         4.6757166231847433e-03         2.3248545873523962e-03         3.0073511085373806e-03        -1.7534954588592179e-03        -3.1328516337175629e-04
45                                     2.2789381984281935e-05         5.4508589962683836e-05         1.2258693243732849e-05        -4.1491510035786738e-04         1.1359251571766999e-04         3.1945047537685722e-05        -8.6167565454514726e-04        -1.8222913843224647e-05
46                                    -7.5146220139785417e-06        -2.3143440563951631e-05         2.3400849811629466e-06         8.7417541768959129e-05         3.8319137518231112e-04         3.1342096761203045e-04        -1.2866061146027917e-04        -6.2725077770386570e-04
47                                    -2.1295887166493648e-05        -4.2253462392701077e-05        -1.5129434723885671e-05         1.3336942173994282e-04         3.6973348832940287e-04         6.7435728335296197e-04        -2.5375195832367484e-04        -4.0400409348456939e-05
48                                    -2.1985354888182070e-03        -6.2350971874714639e-03        -6.3886838094047937e-04         3.1723702860772507e-05        -4.4478229020900202e-05        -6.4834314487232964e-05         4.9562431798779035e-05        -5.7529104576773305e-06
49                                    -3.6137507595191088e-03        -2.5398711281615360e-03        -5.5214950033660812e-04        -1.0646514939702755e-05        -6.0137649480060835e-05        -1.3676344346168776e-06         1.4161876904263831e-05        -1.5273847225335502e-05
50                                    -5.7838642983923340e-04        -7.7972337051873631e-04         2.2674747831631461e-03        -3.5040465713571619e-07        -4.9335628991884105e-06        -2.3384253669408102e-05         7.9881189232624650e-06         1.3740165400541273e-06
51                                     1.2879294265672669e-02         2.5972350099132607e-02         2.1080578154583371e-03        -1.0529749445108562e-04         1.0287834326981719e-04         1.4701837115645811e-04        -1.2928435456827149e-04         1.6629257693382739e-05
52                                    -2.7161169796821066e-02        -3.9726764793858949e-02        -3.7904770343437553e-03        -5.1840076692505257e-05         1.3034575139338157e-04         8.6271429800955854e-05        -8.5049410360514468e-05         3.0387664209007665e-05
53                                     1.4714092672408593e-03         2.5947524189611640e-03        -2.0117475082378350e-03        -6.6734020288877012e-06         1.6294527503368619e-05         3.0815709023044095e-05        -1.7264529597029746e-05         1.1065630883947136e-06
54                                    -8.9906409347536217e-06        -2.1581955170348153e-05        -2.1836512676694641e-05         9.3617759353083092e-03        -2.3627085852566253e-02        -3.0184190210909838e-02        -5.3270332943098769e-03         3.1566787535005970e-03
55                                     4.6225216033776804e-05         1.2561385854871834e-04         4.6911100104627751e-05         8.0833958738967607e-03        -1.3547736209846589e-02        -1.4705189436773038e-02         2.9419666458161578e-03         8.2383300979013479e-04
56                                     6.6991199722902031e-05         1.5815942885883880e-04         6.4672249577403239e-05         1.2513784106117774e-02        -1.9166679891948698e-02        -2.6168300912784680e-02         2.8337687395342780e-03        -1.3078040579514150e-03
57                                     1.1699888983044077e-05         1.1566214589239570e-05        -8.0485246406242672e-06         5.7991522904386208e-04        -1.1624187934136457e-03        -1.6880172688594980e-03         4.6219183411707852e-03         3.0147769790567353e-03
58                                    -6.2177299649914864e-06        -1.6073123256540953e-05         2.6880572005777590e-06        -3.1974224816369210e-04         6.8579841563096199e-04        -8.2892558690152184e-04        -1.4049767268814843e-03         3.9768813807160644e-04
59                                    -1.2444930533909385e-06        -1.1954339212311453e-06        -7.2005729853984391e-06        -5.5276251608802674e-04        -9.5157949996653934e-04        -1.5537853933437736e-04        -1.0495780259375601e-03         2.2228824775934151e-03
60                                    -1.0560967637180752e-04        -1.7128179460361220e-04        -1.6460834984735964e-05        -1.1335303237874207e-03         2.8208818969278652e-03         3.3012836690841391e-03        -3.5320236327449100e-02         9.2611924678141500e-03
61                                     6.6562250865023325e-06         1.2707562500265495e-05        -4.6531124291667533e-06         3.0905080343983007e-03        -7.4324361217313183e-04        -3.4013043552074285e-03        -2.2374293285178516e-02         2.4208337493594103e-03
62                                    -2.7472741038051299e-06        -1.3524779777366594e-05        -2.7726785425065164e-06         3.6862298773034973e-03        -3.3773384469743938e-03        -1.9557523550067669e-03        -3.5720494569353285e-02         7.4744310188890146e-03
63                                     2.1147617944639908e-06         8.6689009082372044e-06         1.1455496468307520e-05        -9.1013799609913470e-06         2.4013865687103574e-05         1.2533811455176717e-05        -4.2616923970792658e-06        -8.1663157744371866e-07
64                                     3.9383932838661824e-06        -6.7341533998777547e-06         1.9083818449838339e-06         1.8227627811845371e-05        -5.3650947922533792e-07        -6.0620931576218454e-06        -1.6221382686973330e-06        -1.2279729264844959e-05
65                                     2.9433952393534413e-06        -7.5524929531692493e-06        -2.7272757776014713e-05        -2.9730441561326947e-05         6.8866486936139306e-05        -2.6664701041327881e-05         9.3383830710785584e-06         7.1052206387584374e-06
66                                     2.1022789890143300e-05         3.6502481390282451e-05         5.8809277035560832e-06         2.9740839206164518e-05        -1.2767120933123238e-04        -1.2107253481867520e-04         2.5869852852192303e-05        -4.5501230059948506e-06
67                                     4.6707392602872601e-05         6.6698247418277724e-05        -8.1577106209630102e-06        -2.2417830142778302e-05         6.0496567702473679e-07         1.3953855731969639e-05         1.9437562205532099e-06        -2.1529137171963814e-05
68                                     3.9784047475643815e-05         4.2564929962641759e-05        -2.1625129993293579e-05        -4.2796687592238682e-05         3.5661163231144729e-05         2.3088715809630638e-05        -1.6529291273451475e-06        -1.1807717056444133e-05
69                                    -1.0649271558846372e-05         9.6604992789660403e-05        -1.1923701477739279e-05         2.1843359323716195e-06        -2.2174408836375624e-05         5.5134965029464086e-06         4.8606630444739167e-06        -8.7448922391011343e-07
70                                    -4.8578240333466962e-06         9.9847743254918679e-05        -2.1902168449538275e-05        -7.9781978357194427e-06        -9.0995498407737030e-06        -6.0294163733835317e-06         7.3199850366601924e-06        -1.7058488075287785e-06
71                                     3.4959682944993298e-06         4.0473424304043361e-05         3.9843937876278394e-06        -9.2796226150598272e-06         1.0725219123887061e-05        -2.7189102841417619e-06        -5.8062573942707380e-06        -1.4264954776473104e-06
72                                    -5.4668247673988861e-06         6.9814424738329217e-05         1.7175921866494190e-05         9.9956642628359817e-06        -2.1594913829558896e-05        -4.3265712407689278e-05         4.4409057377439633e-05         7.3287289338910258e-06
73                                     3.3522435582477011e-05         9.7526620209793585e-05         8.3422338164605058e-06        -9.3275426327494443e-06        -3.3460102575463228e-06         2.9236361691975825e-05        -1.7797613353791862e-05        -5.2449800541113853e-06
74                                     8.5452155873261965e-06        -3.4345493035631931e-05         6.4462855024668546e-06         4.6697040574398500e-06        -1.3591598695540490e-06        -2.7666954516057749e-06        -7.2544970355480770e-07        -1.6914907537699322e-07
75                                    -1.0959788331155358e-03        -1.5623443589342281e-03        -2.6257617588705485e-04        -1.7957276693776700e-05        -4.7092125375189278e-06         2.9212633085922909e-05        -1.2096399045198104e-05         1.0467414499916710e-07
76                                     1.3328972651132764e-03         1.3510180464610441e-04         1.6094641468143299e-04        -1.7760681230418341e-05        -1.5418462572574327e-05         1.2533588956797730e-05        -1.4323332309322100e-06        -3.6030360841940359e-06
77                                    -2.4889828099651154e-04        -2.0093923471767953e-04         7.3384406005320036e-04         2.4859892101973443e-05         1.2344069776102325e-05         1.3719989656155361e-05        -9.2759800589148236e-07        -4.5954212286735568e-06
78                                    -2.3066010412455592e-05        -4.2592436592930362e-05        -2.8954005140162582e-06        -1.1087098461451308e-03         1.4050434849423405e-03         1.7003206513544595e-03        -4.2457155228117348e-04         4.5501391582837428e-05
79                                    -3.9369831395896608e-06         1.9029414883986375e-05        -2.1541462079483091e-06        -6.8510598038763835e-04         3.1130021733850963e-04        -3.4330023707473999e-04         1.5332036314904878e-04        -2.1848113196096974e-04
80                                     3.2174227535443443e-05         2.9374690398681347e-05         5.6656765296393783e-06        -9.5970618017733079e-04        -7.0446139567190971e-05         2.0912510197131215e-04         1.6520699369853816e-04         1.9200635198837117e-04
81                                    -8.9870120792658785e-06        -4.8315231020272628e-05        -6.9809208292093218e-06         6.1357398345457262e-06         3.0354224845846112e-05        -4.1040546038415547e-05         2.6655363837273997e-05         4.5074754885902413e-05
82                                    -4.9121891697427329e-06        -3.1149299241947041e-05         2.9172148223933396e-06         1.2277651506053307e-05        -3.3153383892123235e-05        -3.4590310232617948e-06         2.7813432951658478e-05         4.1021955881855900e-06
83                                    -9.6032987096457325e-07         1.3493414858765235e-05         1.3667061071944603e-05        -2.4271976892392688e-06        -4.8128611030210083e-05         1.3011708052671237e-05         2.2260310963656917e-05        -1.1201391001579601e-05
84                                    -5.6480490272760786e-06        -1.5239316742073007e-05        -3.2547514854738851e-06        -9.0647254382874264e-05         6.1167679921332932e-05         7.2672723214369547e-05         3.0850961472688896e-04         3.6015367390854203e-05
85                                     9.2238541776735149e-07         1.7972060781152894e-06        -1.0406183203256136e-05        -5.2838612912885306e-05         2.8606679669178283e-05         6.3683094808779893e-05        -8.9561002912364081e-05        -6.6920088931267125e-05
86                                     7.2913911815112101e-07        -1.0084987197718802e-05        -3.5352597858988061e-06        -1.0604676005626429e-04         8.2634976244465416e-05         6.6322824762736357e-05        -1.0275516427346067e-04         4.3632964070551734e-05
87                                     1.6182749363197624e-04        -1.1624510802332386e-04         9.6529229546606966e-05         8.1798024903186398e-06        -6.8826265789096808e-06        -1.5782940307551866e-05         1.3614116822369821e-05        -7.0869919002161576e-07
88                                    -2.4858996794337071e-04         3.6086497133941566e-04        -4.2775509878853693e-06        -5.3806126086806678e-06        -2.7410077049737775e-06         5.3833569785906077e-06        -1.9958144158032599e-06        -6.1706111199060805e-07
89                                     1.0403381658137707e-04         2.2006806475490968e-05        -7.8722474183904158e-04         1.5930442399908853e-06        -1.3401406184532802e-06         5.0712839220990401e-06         1.0508920267731378e-06        -1.3153759240090815e-06
90                                     1.4956370822015127e-05         2.5014964816818305e-05        -1.4088822402012611e-06         3.3036723684947431e-05         1.2295204469478451e-04         2.2539571771609465e-04        -8.3950523604952101e-05        -6.3986866333495644e-04
91                                     1.4980913463445017e-06         4.3692183037505631e-06        -3.2349560334768749e-06         4.2040687362368111e-05        -3.6823051608655868e-04        -5.5236997885726915e-05         1.2998868049613871e-03        -5.2174555331561002e-05
92                                     5.6632228335488574e-06         6.5945952717608777e-06         9.0689874352099212e-07         1.2308935175079608e-04        -4.9253970062195147e-05        -3.7521904169087318e-04         1.7159832298102779e-03        -8.3105917343375205e-04
93                                     1.5799688742127501e-05        -1.0154361866059752e-05        -1.2486863850167372e-05        -1.1816958669689202e-05         6.4050102071851580e-06         1.0847665784292308e-05        -1.4359938922247056e-05         1.3839852488124228e-06
94                                     7.9214795175225122e-07         1.8936741228943346e-05        -2.4017830397481948e-06         1.6816444233757374e-05        -6.6021271279110107e-06        -2.1080128627418715e-05         2.3215135588724080e-05         9.8068199058071550e-07
95                                    -1.4845038749145261e-05        -1.1805578953281407e-05         1.0092438279643398e-04         1.1870880805880577e-06        -2.7432947220769951e-06         1.4251044849820970e-05        -1.9015058920307754e-06        -2.3143024056707410e-06
96                                     2.0307838330141179e-01        -2.0968808173401482e-01         2.1404251384361916e-02        -2.2415606855294336e-05        -2.0124915831659044e-06         2.5011761772114052e-05        -2.1306972938434370e-05         9.7002412395032732e-07
97                                    -2.0968808173401482e-01         3.5647764355470418e-01        -2.0929848072278278e-02        -2.2127591111725364e-05         4.2306079896821348e-05         2.6286159349348318e-05        -2.9778833237448276e-05         8.9806134877836981e-06
98                                     2.1404251384361916e-02        -2.0929848072278278e-02         7.2636748143412953e-03         1.0667690581444370e-05         1.3628072427238607e-05         2.6321725788764735e-05        -3.0270636247404148e-06        -3.9988242392771637e-06
99                                    -2.2415606855294336e-05        -2.2127591111725364e-05         1.0667690581444370e-05         3.1928836305427905e-01         1.0871732443386435e-01         1.9232552290401744e-01         1.5018223288435634e-04        -1.2424567776405174e-04
100                                   -2.0124915831659044e-06         4.2306079896821348e-05         1.3628072427238607e-05         1.0871732443386435e-01         7.1283292089640182e-02         1.0602848621581121e-01        -9.6242067460764152e-05         1.2518907834831985e-04
101                                    2.5011761772114052e-05         2.6286159349348318e-05         2.6321725788764735e-05         1.9232552290401744e-01         1.0602848621581121e-01         1.7535110125916117e-01        -1.2119384708414709e-04         1.6383925579647996e-05
102                                   -2.1306972938434370e-05        -2.9778833237448276e-05        -3.0270636247404148e-06         1.5018223288435634e-04        -9.6242067460764152e-05        -1.2119384708414709e-04         2.0308002640193895e-01         1.0927853362553594e-01
103                                    9.7002412395032732e-07         8.9806134877836981e-06        -3.9988242392771637e-06        -1.2424567776405174e-04         1.2518907834831985e-04         1.6383925579647996e-05         1.0927853362553594e-01         1.1038577372475600e-01
104                                    5.9541184301915070e-07        -3.0175301538844582e-06         5.0181136133681421e-06        -1.6001277514663195e-04         2.1444798831147952e-05         9.8082803592577017e-05         1.7991301038579549e-01         1.6149400389486729e-01
                                                       104

0                                      1.4283411644551262e-05
1                                      4.2266137556969184e-05
2                                     -2.6633903076080307e-05
3                                      4.2541652461059788e-05
4                                      2.3563386756633112e-05
5                                     -3.8377536752668274e-05
6                                     -5.4411765477058345e-07
7                                      9.5574676885169189e-06
8                                     -5.3154804202660004e-06
9                                      7.7183568304366006e-06
10                                     1.4624655890957189e-05
11                                    -3.8781447292624482e-06
12                                    -6.2082209589203827e-04
13                                     4.0007315071831633e-04
14                                     1.4046000415359676e-04
15                                    -1.9319545328072937e-01
16                                    -1.6345061086201540e-01
17                                    -2.5691524340711153e-01
18                                     3.2862449706521518e-05
19                                     1.6017478439116998e-05
20                                    -9.4581724880467982e-07
21                                    -1.5499393387939132e-04
22                                    -1.1327734528095081e-04
23                                     6.0570318376005489e-06
24                                     4.3069129370570426e-07
25                                    -2.2253282395182398e-05
26                                     1.8402073136427406e-05
27                                    -2.0354576075116201e-06
28                                    -4.4093846413052751e-06
29                                    -5.5781895926524023e-06
30                                    -1.1619304296797868e-05
31                                    -8.9299316501908815e-06
32                                     8.7966090123988761e-06
33                                     2.6439059598864882e-04
34                                    -2.9021855684965142e-04
35                                    -2.3594710203611661e-04
36                                    -3.5015355863143860e-06
37                                    -7.7929018367790381e-06
38                                     9.2319824634436685e-07
39                                     9.0700325850153266e-06
40                                     8.5825102069030188e-07
41                                    -4.6125854140218673e-06
42                                    -7.4709742213694840e-04
43                                    -4.0519765619259455e-04
44                                     5.4432313367189450e-04
45                                    -4.8972230907673615e-05
46                                    -3.8238544416395329e-05
47                                    -7.0860531575593286e-04
48                                     2.7328894828224396e-06
49                                     9.4560407041054226e-06
50                                    -2.6285541344349145e-06
51                                    -2.0770476559312987e-06
52                                    -1.2675123064272067e-05
53                                     1.5698455011659926e-06
54                                     3.2648809076569908e-03
55                                    -1.3552165988330337e-03
56                                     8.4350879519543161e-04
57                                     4.9489789946493574e-03
58                                     1.5588310303691110e-03
59                                     2.0531232669976757e-03
60                                     7.2402258141057649e-03
61                                     2.4455476318456185e-03
62                                     2.4685684195786609e-03
63                                    -3.2051683342078406e-06
64                                    -6.3596309289891189e-07
65                                    -3.0838217565140429e-06
66                                     3.6517306016432642e-05
67                                    -1.4054764097329135e-05
68                                    -1.1239105479504165e-06
69                                     4.7569532245308771e-06
70                                    -1.1493173315659574e-06
71                                    -2.4067325421742083e-06
72                                     9.0094762773256648e-06
73                                    -1.3936969450625662e-07
74                                    -6.6001084171145308e-06
75                                     8.7021102417972167e-07
76                                     3.5868755307864094e-06
77                                     3.9096976905318866e-06
78                                     5.0152087012657418e-05
79                                     1.9240015277465351e-04
80                                    -7.2666275067770954e-05
81                                    -2.4373719439418472e-05
82                                     3.6554067507797369e-06
83                                     1.2459773909888360e-05
84                                     8.3171592580709593e-05
85                                     3.0218938769179405e-05
86                                    -3.3098781998427019e-05
87                                     9.7079019955193663e-08
88                                     7.9787319672366703e-07
89                                     1.7383024753299826e-06
90                                    -9.6770814620992553e-04
91                                    -5.3457894465435730e-04
92                                    -4.1941661688070855e-04
93                                     4.9518914016586507e-08
94                                    -9.8773104823710555e-07
95                                     3.7718201459055229e-06
96                                     5.9541184301915070e-07
97                                    -3.0175301538844582e-06
98                                     5.0181136133681421e-06
99                                    -1.6001277514663195e-04
100                                    2.1444798831147952e-05
101                                    9.8082803592577017e-05
102                                    1.7991301038579549e-01
103                                    1.6149400389486729e-01
104                                    2.5227544939472352e-01
   &MODES [&Type "ArrayOfDoubles", &Dim (105,105)] "The modes of vibrations"
                                                         0                           1                           2                           3                           4                           5                           6                           7

0                                      0.0000000000000000e+00         0.0000000000000000e+00         0.0000000000000000e+00         0.0000000000000000e+00         0.0000000000000000e+00         0.0000000000000000e+00         3.0708970726827317e-03        -2.7443618321774713e-03
1                                      0.0000000000000000e+00         0.0000000000000000e+00         0.0000000000000000e+00         0.0000000000000000e+00         0.0000000000000000e+00         0.0000000000000000e+00         8.1129268048816539e-03         3.9292173872571809e-04
2                                      0.0000000000000000e+00         0.0000000000000000e+00         0.0000000000000000e+00         0.0000000000000000e+00         0.0000000000000000e+00         0.0000000000000000e+00         8.3959570056716219e-03         1.0682997130465993e-01
3                                      0.0000000000000000e+00         0.0000000000000000e+00         0.0000000000000000e+00         0.0000000000000000e+00         0.0000000000000000e+00         0.0000000000000000e+00        -1.2038474175843365e-02         1.0783926487382598e-03
4                                      0.0000000000000000e+00         0.0000000000000000e+00         0.0000000000000000e+00         0.0000000000000000e+00         0.0000000000000000e+00         0.0000000000000000e+00         1.3292351387466133e-02         2.7969014475969457e-03
5                                      0.0000000000000000e+00         0.0000000000000000e+00         0.0000000000000000e+00         0.0000000000000000e+00         0.0000000000000000e+00         0.0000000000000000e+00         4.8664735046129719e-02         2.8731012305100150e-02
6                                      0.0000000000000000e+00         0.0000000000000000e+00         0.0000000000000000e+00         0.0000000000000000e+00         0.0000000000000000e+00         0.0000000000000000e+00        -6.3946074428393269e-03         1.4175196877280645e-02
7                                      0.0000000000000000e+00         0.0000000000000000e+00         0.0000000000000000e+00         0.0000000000000000e+00         0.0000000000000000e+00         0.0000000000000000e+00        -3.3741396512899581e-03        -5.2805332774355273e-03
8                                      0.0000000000000000e+00         0.0000000000000000e+00         0.0000000000000000e+00         0.0000000000000000e+00         0.0000000000000000e+00         0.0000000000000000e+00         2.4814287881604502e-02        -1.1696244454222733e-01
9                                      0.0000000000000000e+00         0.0000000000000000e+00         0.0000000000000000e+00         0.0000000000000000e+00         0.0000000000000000e+00         0.0000000000000000e+00         1.8804634150165308e-02         1.8785127203453714e-02
10                                     0.0000000000000000e+00         0.0000000000000000e+00         0.0000000000000000e+00         0.0000000000000000e+00         0.0000000000000000e+00         0.0000000000000000e+00        -2.6135597678646153e-03        -7.8029190309331824e-03
11                                     0.0000000000000000e+00         0.0000000000000000e+00         0.0000000000000000e+00         0.0000000000000000e+00         0.0000000000000000e+00         0.0000000000000000e+00        -6.8150854053771442e-02        -1.0075630475539844e-02
12                                     0.0000000000000000e+00         0.0000000000000000e+00         0.0000000000000000e+00         0.0000000000000000e+00         0.0000000000000000e+00         0.0000000000000000e+00        -2.9876420797872463e-02        -5.6975986338173558e-02
13                                     0.0000000000000000e+00         0.0000000000000000e+00         0.0000000000000000e+00         0.0000000000000000e+00         0.0000000000000000e+00         0.0000000000000000e+00        -1.1004878278318936e-01         2.4300158524503672e-02
14                                     0.0000000000000000e+00         0.0000000000000000e+00         0.0000000000000000e+00         0.0000000000000000e+00         0.0000000000000000e+00         0.0000000000000000e+00         6.6988003237255525e-02        -3.8673766126968274e-02
15                                     0.0000000000000000e+00         0.0000000000000000e+00         0.0000000000000000e+00         0.0000000000000000e+00         0.0000000000000000e+00         0.0000000000000000e+00        -2.6314758848069872e-04        -1.5175190224578326e-02
16                                     0.0000000000000000e+00         0.0000000000000000e+00         0.0000000000000000e+00         0.0000000000000000e+00         0.0000000000000000e+00         0.0000000000000000e+00         1.3141419370815220e-02        -4.1038722064085566e-03
17                                     0.0000000000000000e+00         0.0000000000000000e+00         0.0000000000000000e+00         0.0000000000000000e+00         0.0000000000000000e+00         0.0000000000000000e+00        -3.8332970136338483e-02        -6.6425237645586444e-02
18                                     0.0000000000000000e+00         0.0000000000000000e+00         0.0000000000000000e+00         0.0000000000000000e+00         0.0000000000000000e+00         0.0000000000000000e+00        -6.8591326489106878e-03         4.8022136298547860e-03
19                                     0.0000000000000000e+00         0.0000000000000000e+00         0.0000000000000000e+00         0.0000000000000000e+00         0.0000000000000000e+00         0.0000000000000000e+00         1.4879004479910363e-02        -3.8059363817427336e-03
20                                     0.0000000000000000e+00         0.0000000000000000e+00         0.0000000000000000e+00         0.0000000000000000e+00         0.0000000000000000e+00         0.0000000000000000e+00         3.4518124315546087e-02         3.7700851691019076e-02
21                                     0.0000000000000000e+00         0.0000000000000000e+00         0.0000000000000000e+00         0.0000000000000000e+00         0.0000000000000000e+00         0.0000000000000000e+00         2.8172410356866445e-03         5.8180050788353378e-03
22                                     0.0000000000000000e+00         0.0000000000000000e+00         0.0000000000000000e+00         0.0000000000000000e+00         0.0000000000000000e+00         0.0000000000000000e+00         4.9793811886952762e-03         1.2044323121412239e-02
23                                     0.0000000000000000e+00         0.0000000000000000e+00         0.0000000000000000e+00         0.0000000000000000e+00         0.0000000000000000e+00         0.0000000000000000e+00         1.4652869183612117e-02         6.1816659907979493e-02
24                                     0.0000000000000000e+00         0.0000000000000000e+00         0.0000000000000000e+00         0.0000000000000000e+00         0.0000000000000000e+00         0.0000000000000000e+00        -7.1955943848393085e-03         2.8077995757337438e-03
25                                     0.0000000000000000e+00         0.0000000000000000e+00         0.0000000000000000e+00         0.0000000000000000e+00         0.0000000000000000e+00         0.0000000000000000e+00         4.0032101782800228e-03        -3.5954148514348832e-04
26                                     0.0000000000000000e+00         0.0000000000000000e+00         0.0000000000000000e+00         0.0000000000000000e+00         0.0000000000000000e+00         0.0000000000000000e+00         4.4121163201266689e-02         1.7405530027521474e-02
27                                     0.0000000000000000e+00         0.0000000000000000e+00         0.0000000000000000e+00         0.0000000000000000e+00         0.0000000000000000e+00         0.0000000000000000e+00        -1.7929993993215556e-03         4.8834994516843777e-03
28                                     0.0000000000000000e+00         0.0000000000000000e+00         0.0000000000000000e+00         0.0000000000000000e+00         0.0000000000000000e+00         0.0000000000000000e+00         2.6746127459585899e-03        -3.1163061930599702e-04
29                                     0.0000000000000000e+00         0.0000000000000000e+00         0.0000000000000000e+00         0.0000000000000000e+00         0.0000000000000000e+00         0.0000000000000000e+00         1.7764327123757907e-02         5.6335547792153978e-03
30                                     0.0000000000000000e+00         0.0000000000000000e+00         0.0000000000000000e+00         0.0000000000000000e+00         0.0000000000000000e+00         0.0000000000000000e+00         3.8400353197969319e-03         3.0145213025593422e-03
31                                     0.0000000000000000e+00         0.0000000000000000e+00         0.0000000000000000e+00         0.0000000000000000e+00         0.0000000000000000e+00         0.0000000000000000e+00         4.8386222174817374e-03         1.3005831241531584e-03
32                                     0.0000000000000000e+00         0.0000000000000000e+00         0.0000000000000000e+00         0.0000000000000000e+00         0.0000000000000000e+00         0.0000000000000000e+00         4.1114970615170517e-04         5.7029313247026696e-02
33                                     0.0000000000000000e+00         0.0000000000000000e+00         0.0000000000000000e+00         0.0000000000000000e+00         0.0000000000000000e+00         0.0000000000000000e+00         3.5041206196418789e-03         1.2894117271833509e-03
34                                     0.0000000000000000e+00         0.0000000000000000e+00         0.0000000000000000e+00         0.0000000000000000e+00         0.0000000000000000e+00         0.0000000000000000e+00         1.0036641664101136e-02         2.7048919619139140e-03
35                                     0.0000000000000000e+00         0.0000000000000000e+00         0.0000000000000000e+00         0.0000000000000000e+00         0.0000000000000000e+00         0.0000000000000000e+00        -1.3132074121160169e-03         3.8410930604578911e-02
36                                     0.0000000000000000e+00         0.0000000000000000e+00         0.0000000000000000e+00         0.0000000000000000e+00         0.0000000000000000e+00         0.0000000000000000e+00        -5.9318059099017705e-04         1.2150421223921392e-02
37                                     0.0000000000000000e+00         0.0000000000000000e+00         0.0000000000000000e+00         0.0000000000000000e+00         0.0000000000000000e+00         0.0000000000000000e+00        -1.3087288572664645e-03        -3.9470596098248895e-03
38                                     0.0000000000000000e+00         0.0000000000000000e+00         0.0000000000000000e+00         0.0000000000000000e+00         0.0000000000000000e+00         0.0000000000000000e+00         6.7110524672716852e-03        -5.8818422543116644e-02
39                                     0.0000000000000000e+00         0.0000000000000000e+00         0.0000000000000000e+00         0.0000000000000000e+00         0.0000000000000000e+00         0.0000000000000000e+00         1.0789063429028262e-02         6.8476208373974782e-03
40                                     0.0000000000000000e+00         0.0000000000000000e+00         0.0000000000000000e+00         0.0000000000000000e+00         0.0000000000000000e+00         0.0000000000000000e+00         3.0786647005818205e-03        -1.1354968150126060e-03
41                                     0.0000000000000000e+00         0.0000000000000000e+00         0.0000000000000000e+00         0.0000000000000000e+00         0.0000000000000000e+00         0.0000000000000000e+00        -2.7582403437834791e-02         5.6140094416995953e-02
42                                     0.0000000000000000e+00         0.0000000000000000e+00         0.0000000000000000e+00         0.0000000000000000e+00         0.0000000000000000e+00         0.0000000000000000e+00        -1.2234824621220497e-02        -2.5318509484950426e-02
43                                     0.0000000000000000e+00         0.0000000000000000e+00         0.0000000000000000e+00         0.0000000000000000e+00         0.0000000000000000e+00         0.0000000000000000e+00        -5.0071326704880341e-02         1.3944378361226209e-02
44                                     0.0000000000000000e+00         0.0000000000000000e+00         0.0000000000000000e+00         0.0000000000000000e+00         0.0000000000000000e+00         0.0000000000000000e+00         3.8923398086241887e-02         1.8445405681107283e-02
45                                     0.0000000000000000e+00         0.0000000000000000e+00         0.0000000000000000e+00         0.0000000000000000e+00         0.0000000000000000e+00         0.0000000000000000e+00         1.8671641639335251e-02         2.2451164051414920e-02
46                                     0.0000000000000000e+00         0.0000000000000000e+00         0.0000000000000000e+00         0.0000000000000000e+00         0.0000000000000000e+00         0.0000000000000000e+00         7.2615560441943894e-02        -1.2924674229208122e-02
47                                     0.0000000000000000e+00         0.0000000000000000e+00         0.0000000000000000e+00         0.0000000000000000e+00         0.0000000000000000e+00         0.0000000000000000e+00        -5.4296567416883240e-02         2.4369034377614871e-02
48                                     0.0000000000000000e+00         0.0000000000000000e+00         0.0000000000000000e+00         0.0000000000000000e+00         0.0000000000000000e+00         0.0000000000000000e+00         6.2137642027029925e-03         1.6614661533499955e-02
49                                     0.0000000000000000e+00         0.0000000000000000e+00         0.0000000000000000e+00         0.0000000000000000e+00         0.0000000000000000e+00         0.0000000000000000e+00        -3.1007330023046357e-03        -6.3593810246943454e-03
50                                     0.0000000000000000e+00         0.0000000000000000e+00         0.0000000000000000e+00         0.0000000000000000e+00         0.0000000000000000e+00         0.0000000000000000e+00        -2.1421155049956748e-02        -6.4053284666054283e-02
51                                     0.0000000000000000e+00         0.0000000000000000e+00         0.0000000000000000e+00         0.0000000000000000e+00         0.0000000000000000e+00         0.0000000000000000e+00         1.2003869822566694e-02         1.3963895087548819e-02
52                                     0.0000000000000000e+00         0.0000000000000000e+00         0.0000000000000000e+00         0.0000000000000000e+00         0.0000000000000000e+00         0.0000000000000000e+00        -7.7004582872145920e-04        -5.0746014687585266e-03
53                                     0.0000000000000000e+00         0.0000000000000000e+00         0.0000000000000000e+00         0.0000000000000000e+00         0.0000000000000000e+00         0.0000000000000000e+00        -3.8980984244568799e-02        -3.8194482046702868e-03
54                                     0.0000000000000000e+00         0.0000000000000000e+00         0.0000000000000000e+00         0.0000000000000000e+00         0.0000000000000000e+00         0.0000000000000000e+00        -1.3422952787100638e-02        -3.1010471073599777e-02
55                                     0.0000000000000000e+00         0.0000000000000000e+00         0.0000000000000000e+00         0.0000000000000000e+00         0.0000000000000000e+00         0.0000000000000000e+00        -4.9833330356697084e-02         1.1487884341377291e-02
56                                     0.0000000000000000e+00         0.0000000000000000e+00         0.0000000000000000e+00         0.0000000000000000e+00         0.0000000000000000e+00         0.0000000000000000e+00         2.7269369284775104e-02        -1.6606788912943669e-02
57                                     0.0000000000000000e+00         0.0000000000000000e+00         0.0000000000000000e+00         0.0000000000000000e+00         0.0000000000000000e+00         0.0000000000000000e+00         1.6955225991720474e-02         1.7643531867398556e-02
58                                     0.0000000000000000e+00         0.0000000000000000e+00         0.0000000000000000e+00         0.0000000000000000e+00         0.0000000000000000e+00         0.0000000000000000e+00         7.4747651347791599e-02        -1.6627951642245287e-02
59                                     0.0000000000000000e+00         0.0000000000000000e+00         0.0000000000000000e+00         0.0000000000000000e+00         0.0000000000000000e+00         0.0000000000000000e+00        -6.8549377062812181e-02        -9.6348109381092142e-03
60                                     0.0000000000000000e+00         0.0000000000000000e+00         0.0000000000000000e+00         0.0000000000000000e+00         0.0000000000000000e+00         0.0000000000000000e+00         1.4294872434948212e-03        -8.9608413661131196e-03
61                                     0.0000000000000000e+00         0.0000000000000000e+00         0.0000000000000000e+00         0.0000000000000000e+00         0.0000000000000000e+00         0.0000000000000000e+00         1.3955305413671865e-02        -3.3825300421660947e-03
62                                     0.0000000000000000e+00         0.0000000000000000e+00         0.0000000000000000e+00         0.0000000000000000e+00         0.0000000000000000e+00         0.0000000000000000e+00        -2.8344935403814678e-02        -3.0862862321784600e-02
63                                     0.0000000000000000e+00         0.0000000000000000e+00         0.0000000000000000e+00         0.0000000000000000e+00         0.0000000000000000e+00         0.0000000000000000e+00        -9.0785227258462515e-03         1.3709567545385873e-02
64                                     0.0000000000000000e+00         0.0000000000000000e+00         0.0000000000000000e+00         0.0000000000000000e+00         0.0000000000000000e+00         0.0000000000000000e+00         3.2302024225785556e-02        -1.9576415180638178e-02
65                                     0.0000000000000000e+00         0.0000000000000000e+00         0.0000000000000000e+00         0.0000000000000000e+00         0.0000000000000000e+00         0.0000000000000000e+00         3.0811847741903084e-02         4.2232208808562648e-02
66                                     0.0000000000000000e+00         0.0000000000000000e+00         0.0000000000000000e+00         0.0000000000000000e+00         0.0000000000000000e+00         0.0000000000000000e+00         1.0731594681325899e-02         2.6580608484072465e-02
67                                     0.0000000000000000e+00         0.0000000000000000e+00         0.0000000000000000e+00         0.0000000000000000e+00         0.0000000000000000e+00         0.0000000000000000e+00        -7.9335632968158404e-03         4.1194746921803513e-02
68                                     0.0000000000000000e+00         0.0000000000000000e+00         0.0000000000000000e+00         0.0000000000000000e+00         0.0000000000000000e+00         0.0000000000000000e+00         1.8758971840158949e-02         6.0670431688375527e-02
69                                     0.0000000000000000e+00         0.0000000000000000e+00         0.0000000000000000e+00         0.0000000000000000e+00         0.0000000000000000e+00         0.0000000000000000e+00        -6.5502217587691215e-03        -1.1002084668246596e-02
70                                     0.0000000000000000e+00         0.0000000000000000e+00         0.0000000000000000e+00         0.0000000000000000e+00         0.0000000000000000e+00         0.0000000000000000e+00        -1.7312290815238055e-02         1.1936164576904797e-03
71                                     0.0000000000000000e+00         0.0000000000000000e+00         0.0000000000000000e+00         0.0000000000000000e+00         0.0000000000000000e+00         0.0000000000000000e+00         5.4171981884804245e-02         1.5418754087792669e-02
72                                     0.0000000000000000e+00         0.0000000000000000e+00         0.0000000000000000e+00         0.0000000000000000e+00         0.0000000000000000e+00         0.0000000000000000e+00        -1.1374711877517487e-02         1.4775591065226325e-02
73                                     0.0000000000000000e+00         0.0000000000000000e+00         0.0000000000000000e+00         0.0000000000000000e+00         0.0000000000000000e+00         0.0000000000000000e+00         1.7810741165278005e-02        -1.2748494300516880e-03
74                                     0.0000000000000000e+00         0.0000000000000000e+00         0.0000000000000000e+00         0.0000000000000000e+00         0.0000000000000000e+00         0.0000000000000000e+00         6.0462686241099205e-02         1.0555555452410168e-02
75                                     0.0000000000000000e+00         0.0000000000000000e+00         0.0000000000000000e+00         0.0000000000000000e+00         0.0000000000000000e+00         0.0000000000000000e+00         1.4937758629617057e-02         4.8742495566310613e-03
76                                     0.0000000000000000e+00         0.0000000000000000e+00         0.0000000000000000e+00         0.0000000000000000e+00         0.0000000000000000e+00         0.0000000000000000e+00         4.6035776360700692e-03         2.5113408407465503e-04
77                                     0.0000000000000000e+00         0.0000000000000000e+00         0.0000000000000000e+00         0.0000000000000000e+00         0.0000000000000000e+00         0.0000000000000000e+00        -4.0931549309421417e-02         9.7646322711398836e-02
78                                     0.0000000000000000e+00         0.0000000000000000e+00         0.0000000000000000e+00         0.0000000000000000e+00         0.0000000000000000e+00         0.0000000000000000e+00        -2.3186771794562980e-02        -4.2320231598713794e-02
79                                     0.0000000000000000e+00         0.0000000000000000e+00         0.0000000000000000e+00         0.0000000000000000e+00         0.0000000000000000e+00         0.0000000000000000e+00        -9.7173860828880812e-02         2.5566750616342410e-02
80                                     0.0000000000000000e+00         0.0000000000000000e+00         0.0000000000000000e+00         0.0000000000000000e+00         0.0000000000000000e+00         0.0000000000000000e+00         8.1458807674268080e-02         2.9214854263283092e-02
81                                     0.0000000000000000e+00         0.0000000000000000e+00         0.0000000000000000e+00         0.0000000000000000e+00         0.0000000000000000e+00         0.0000000000000000e+00        -1.3944436870318268e-02         1.2410773833979328e-02
82                                     0.0000000000000000e+00         0.0000000000000000e+00         0.0000000000000000e+00         0.0000000000000000e+00         0.0000000000000000e+00         0.0000000000000000e+00         1.7163521854909991e-02        -6.0103694562409901e-03
83                                     0.0000000000000000e+00         0.0000000000000000e+00         0.0000000000000000e+00         0.0000000000000000e+00         0.0000000000000000e+00         0.0000000000000000e+00         5.6802920272465099e-02         5.7471916940952722e-03
84                                     0.0000000000000000e+00         0.0000000000000000e+00         0.0000000000000000e+00         0.0000000000000000e+00         0.0000000000000000e+00         0.0000000000000000e+00         3.1258745860043985e-02         4.3469914752113654e-02
85                                     0.0000000000000000e+00         0.0000000000000000e+00         0.0000000000000000e+00         0.0000000000000000e+00         0.0000000000000000e+00         0.0000000000000000e+00         1.2061230352939105e-01        -2.1805264725844008e-02
86                                     0.0000000000000000e+00         0.0000000000000000e+00         0.0000000000000000e+00         0.0000000000000000e+00         0.0000000000000000e+00         0.0000000000000000e+00        -8.7378306990166202e-02         3.9548381270225405e-02
87                                     0.0000000000000000e+00         0.0000000000000000e+00         0.0000000000000000e+00         0.0000000000000000e+00         0.0000000000000000e+00         0.0000000000000000e+00         7.1792662409300842e-03         2.2111718039334496e-02
88                                     0.0000000000000000e+00         0.0000000000000000e+00         0.0000000000000000e+00         0.0000000000000000e+00         0.0000000000000000e+00         0.0000000000000000e+00        -6.2962928290799958e-03        -9.0729998709991305e-03
89                                     0.0000000000000000e+00         0.0000000000000000e+00         0.0000000000000000e+00         0.0000000000000000e+00         0.0000000000000000e+00         0.0000000000000000e+00        -3.0467112554379731e-02        -1.1318411069543548e-01
90                                     0.0000000000000000e+00         0.0000000000000000e+00         0.0000000000000000e+00         0.0000000000000000e+00         0.0000000000000000e+00         0.0000000000000000e+00         2.8594587967741829e-02         3.4833393702319304e-02
91                                     0.0000000000000000e+00         0.0000000000000000e+00         0.0000000000000000e+00         0.0000000000000000e+00         0.0000000000000000e+00         0.0000000000000000e+00         1.2445418472162530e-01        -2.8730573346093330e-02
92                                     0.0000000000000000e+00         0.0000000000000000e+00         0.0000000000000000e+00         0.0000000000000000e+00         0.0000000000000000e+00         0.0000000000000000e+00        -1.1083633902990030e-01        -2.0692428122872683e-02
93                                     0.0000000000000000e+00         0.0000000000000000e+00         0.0000000000000000e+00         0.0000000000000000e+00         0.0000000000000000e+00         0.0000000000000000e+00        -4.6059851595837281e-03         2.0495271500878588e-02
94                                     0.0000000000000000e+00         0.0000000000000000e+00         0.0000000000000000e+00         0.0000000000000000e+00         0.0000000000000000e+00         0.0000000000000000e+00        -5.6311294760047368e-03        -9.1620068140844581e-03
95                                     0.0000000000000000e+00         0.0000000000000000e+00         0.0000000000000000e+00         0.0000000000000000e+00         0.0000000000000000e+00         0.0000000000000000e+00         1.4120919984871652e-02        -1.5812639687744853e-01
96                                     0.0000000000000000e+00         0.0000000000000000e+00         0.0000000000000000e+00         0.0000000000000000e+00         0.0000000000000000e+00         0.0000000000000000e+00         2.2091388512776700e-02         1.6162969019710535e-02
97                                     0.0000000000000000e+00         0.0000000000000000e+00         0.0000000000000000e+00         0.0000000000000000e+00         0.0000000000000000e+00         0.0000000000000000e+00        -8.9684482490318682e-04        -6.2480672510760223e-03
98                                     0.0000000000000000e+00         0.0000000000000000e+00         0.0000000000000000e+00         0.0000000000000000e+00         0.0000000000000000e+00         0.0000000000000000e+00        -7.7357574967662324e-02         3.5450297010749296e-02
99                                     0.0000000000000000e+00         0.0000000000000000e+00         0.0000000000000000e+00         0.0000000000000000e+00         0.0000000000000000e+00         0.0000000000000000e+00        -3.9506229567850479e-02        -7.0086707779647150e-02
100                                    0.0000000000000000e+00         0.0000000000000000e+00         0.0000000000000000e+00         0.0000000000000000e+00         0.0000000000000000e+00         0.0000000000000000e+00        -1.4887991132558823e-01         3.3736631563029841e-02
101                                    0.0000000000000000e+00         0.0000000000000000e+00         0.0000000000000000e+00         0.0000000000000000e+00         0.0000000000000000e+00         0.0000000000000000e+00         1.0371239251803330e-01        -2.5159346449790222e-02
102                                    0.0000000000000000e+00         0.0000000000000000e+00         0.0000000000000000e+00         0.0000000000000000e+00         0.0000000000000000e+00         0.0000000000000000e+00         1.0559333024257326e-02         2.4653657129790761e-03
103                                    0.0000000000000000e+00         0.0000000000000000e+00         0.0000000000000000e+00         0.0000000000000000e+00         0.0000000000000000e+00         0.0000000000000000e+00         6.0385099304904412e-02        -1.5275021481474194e-02
104                                    0.0000000000000000e+00         0.0000000000000000e+00         0.0000000000000000e+00         0.0000000000000000e+00         0.0000000000000000e+00         0.0000000000000000e+00        -7.7298648951141399e-02        -7.3104306400242736e-02
                                                         8                           9                          10                          11                          12                          13                          14                          15

0                                      1.8918094308080235e-02         8.6453507157883344e-03         1.4484264891697879e-02         3.3753554640565953e-03         2.0029569271111543e-02        -2.7198664651361712e-02         1.3991831001827635e-02         4.0050468963193408e-03
1                                      4.5773978385171034e-02         1.1563197981733782e-02         1.5026646794947971e-02        -3.2253710093126706e-02        -1.6637930100349970e-02         2.3109414730419726e-02        -4.8178606672904713e-03         1.1644261238253675e-02
2                                      2.2041434767380605e-03        -7.7557360804585904e-02        -2.2028971560693122e-02         3.8413193969590899e-02        -4.6396299672332317e-02        -6.3834653426235967e-03        -5.8424436781929143e-02        -4.9112308121069058e-02
3                                     -3.3238350573633967e-02        -3.0474294833988291e-02         1.6071386088739040e-02        -3.7486788476007184e-03         4.8015478266334441e-02         7.3550811695461016e-02         4.9315911498609880e-02        -3.5456773634685967e-02
4                                      6.1986291271179932e-02         1.8889885101411940e-02         8.1846793180597056e-03        -2.7993532417527348e-02        -3.0366602289708344e-02        -4.2212085976988785e-02        -3.2258768748886377e-02         3.1497029285205841e-02
5                                     -1.6686734084490895e-02         1.6030115214220095e-01        -1.4106475891872217e-03         4.4789695370536675e-02        -5.5334210050218394e-02         1.6965212633662304e-02         1.7846720499952343e-02        -3.0530142234284373e-02
6                                     -3.2898319193242022e-02        -6.8289537511082303e-04         1.4133961860242114e-03         4.3439396410810446e-02         4.1973851329390022e-02        -9.9780113492337494e-02         5.0285312089570620e-02        -1.3234008011788584e-02
7                                     -3.0037117331548704e-02        -4.7901021858582412e-03        -7.7226764809121941e-03         6.5449591434185439e-03         3.2000062509101659e-03        -1.7829639726345159e-02         5.3135325100400962e-03        -2.3765287240419077e-03
8                                      2.2248151530741923e-02        -6.0522481865889537e-02         5.7346817523874334e-02         3.8258496838417984e-02        -1.2886244279573699e-02        -1.2043142815672309e-02        -7.1088554010308475e-02        -9.5740731319692990e-02
9                                      6.7631002212282118e-02        -4.0723903917499289e-03         3.5724446873009540e-02        -3.1322161623059216e-02        -5.1736165933359852e-03         5.6887110731831850e-02         4.5946305055103262e-02        -2.1395176751978818e-02
10                                    -3.5794088401754583e-02        -8.7845938249323952e-03        -1.2677410186569447e-02         1.3975408775398048e-02         1.2634483300139861e-03        -3.0606006124984757e-02        -7.2284007116921612e-03         8.6811779531704523e-03
11                                    -1.6668368062253622e-02         1.0165052582616770e-01        -2.5230438022907347e-03        -4.0249934145558178e-02         8.2239251490476104e-02         5.9193510114173157e-03        -6.6623570429215948e-02        -4.4300862406008078e-02
12                                    -3.9681394196379338e-02         3.0273639262131300e-03        -7.7263425299051197e-02        -1.8414667903876442e-02        -6.0579157561515475e-02         2.5972768817284723e-02        -2.1026940358575233e-02        -6.3863376079431790e-03
13                                    -1.3794734384840510e-02        -1.3169020079459772e-02        -7.1692060170428906e-03         5.9196237645657519e-02         3.4462653377562227e-02         4.6860725935721922e-02        -1.9085278958927487e-02         4.1519793321804423e-02
14                                    -8.6936236829652253e-03        -2.3217532733637520e-03         1.2375162487802918e-02        -3.5650631084714869e-02        -1.1599941097687890e-02        -3.9643122534203587e-02         1.0267123035692884e-02        -2.5064861919494690e-02
15                                    -2.3747383442039638e-02         1.2554926118102971e-03        -2.6184145934749874e-02        -1.9275398551829286e-02        -3.7817098017218671e-02        -1.4516163430321235e-03        -4.7753023311754156e-02         3.0448163380341974e-02
16                                    -1.2435401247687965e-01        -1.4102528560985938e-02         4.6441216658816932e-02        -8.1431522713106094e-02        -2.9791131025611421e-02        -1.5531482748363469e-02         2.8321356852625264e-02        -2.7395851095533386e-02
17                                     4.2004306068101793e-02         1.6389651314223752e-03        -6.7673436683445831e-02         5.6766388651007145e-02         1.8795555222453859e-02         2.4817851288302824e-02         2.4473790428923406e-02        -2.3167980850173134e-02
18                                    -2.1006999794091138e-02         1.2520876781705726e-02         3.4907552378781528e-02         2.1980199287680583e-02        -5.2193102947176561e-03         2.1211892909952547e-02         1.2394647655126359e-02        -5.8745774020190142e-03
19                                     4.9406099697375409e-02         3.3735991056963274e-02         2.0164821723988651e-03        -2.8445259133794028e-02        -1.7314351588662010e-02        -2.7789243973966276e-03         5.9605844191927522e-03        -3.1671569242838421e-03
20                                    -8.2780290798203423e-03         3.8606231768429033e-02        -2.1130270160736018e-02        -6.6372899024399910e-03         2.0472031624509907e-02         1.6385723576015577e-02        -1.1466718961170054e-02         5.4560805350989594e-03
21                                     7.4911672985412958e-03        -2.1108076805200085e-03        -9.3507511625547952e-03        -5.5995900276045720e-03        -1.0024789851787987e-02        -5.4504977262659323e-03        -1.2084037344481905e-02         4.9691407888045663e-03
22                                     5.8479036449589863e-02        -6.3678451856788850e-03         1.2756393641963425e-02        -1.6804123000521483e-02        -1.8557188249586114e-02        -1.4265847077340521e-02        -1.1246864116371472e-02        -1.1744485995207998e-03
23                                    -1.1410641435056202e-02        -1.5493333092896728e-02         2.0470587551587760e-02         2.0942706777750023e-02         1.4732627267098621e-02         1.0453268370207035e-02        -3.3945395018380869e-02         1.2308903374590955e-02
24                                    -2.4391640392290817e-02        -5.9528346101823931e-03         1.9578530260445964e-02         1.3110097976787000e-02         1.6199790435006776e-02         1.2648154519693538e-02         1.9782267959486632e-02        -1.0367240340943778e-02
25                                     2.3676665113701135e-02         5.9357668690198677e-03         1.1901701255056525e-02        -2.1066211620151428e-02        -1.2153964916601048e-02         4.0185615488461807e-02         1.3275280846715276e-02        -1.0676264276250430e-02
26                                     9.1649143213475281e-03        -3.1538544067481543e-02        -1.0772057652704656e-01        -9.6225629593375453e-02         9.8737084843548178e-02         8.1522275940742479e-03         7.1572947186351061e-03         3.9301048476608315e-03
27                                    -5.0793071312316227e-03         3.1426693233948732e-03         1.9259560878349014e-02         1.8478346484529323e-02         2.3944673184738533e-02        -2.5375475136315669e-02         2.3473618798840409e-02        -1.8697729629231909e-02
28                                     1.0506588123486401e-02         1.8533197690092942e-03         6.1398057112801059e-03        -2.6225009075484172e-02        -1.1547879781377432e-02         5.1148263059882251e-02         2.4490592605257871e-03        -4.4757951583350363e-03
29                                     9.2881717008238794e-03        -5.4602827773955344e-02        -5.1255509487771002e-02        -2.4605478812934418e-02        -1.6934987312549970e-03         1.6734390381421957e-03         6.2028886626759080e-02         3.1760855696111479e-02
30                                     1.8023575202868940e-02         4.9952244190272031e-03         1.9225234209836285e-02         4.6035892603484112e-03         2.2817703508068044e-02        -2.2747034141685087e-02         1.2466385263124441e-02        -7.3468099282345909e-03
31                                     2.2031414846728308e-02         4.0873894315628344e-03         8.0590426998109876e-03        -3.0129063390155475e-02        -1.5589997550404154e-02         4.8846816218159769e-02        -3.4654340932927458e-03        -1.3169692769036782e-03
32                                     2.6898331086622324e-03        -4.8290144803263581e-02        -4.1936769638304131e-02         1.1760699017842449e-02        -5.7707551248068645e-02        -1.3074354738994364e-03         3.9931870923937518e-02        -7.3486076840866103e-03
33                                     6.2878493191359380e-03         1.0502868616031190e-03        -1.3250021450954575e-02        -1.1950374137694886e-03        -1.2083537798024555e-02        -1.0184449822343202e-02        -3.0017867354673662e-02         2.0876103306168355e-02
34                                     5.6168192869016233e-02         5.5980670308872975e-04        -6.8953198707307345e-03         1.4695913493202498e-02         1.2238268017672678e-02        -4.3266715322529292e-02        -7.8978211799509183e-04        -7.5117219124883191e-03
35                                    -2.1741097464505553e-02        -1.4996737158748106e-02         6.6190301543338353e-02         1.2341129941350882e-02         3.2358350986567481e-02         9.1717425787196331e-03        -3.3129880797931451e-02         4.8303310470659451e-02
36                                    -5.9556125044821625e-03         1.0387427124121846e-03         1.2119399168088801e-02         1.6694263180916137e-02         2.8971429178657197e-02        -3.4250545817467150e-02         2.8304553325462400e-02        -2.1211386624320795e-02
37                                    -1.7558601578582526e-02        -3.0199489033811548e-03        -3.9768872418537576e-03        -6.8941760774713663e-03        -2.8274287455342601e-03         1.3183373609475958e-02         3.0529563255623902e-04        -1.1724783096377172e-03
38                                     1.2149513586092536e-02        -3.8096499561177673e-02         1.0532010451011736e-02         1.1022660872188858e-02        -2.1104755185648541e-02        -8.9001371134400328e-04         4.6500239882485077e-02         4.0220377735362210e-02
39                                     4.3469500492375288e-02         4.8553512131656587e-03         2.9144149183134446e-02        -1.4663618349659891e-02         2.1562300175071433e-02         7.2083384881866958e-03         1.7733183676227907e-02        -8.1854832375452859e-03
40                                     7.6870189588398351e-03         6.5570057377628630e-04         2.9721671478148402e-03        -2.2170582609764958e-02        -1.1078891169987263e-02         3.7214479789693826e-02        -3.4897167613498013e-03        -6.7575369711564491e-04
41                                    -5.2102337444468938e-03        -5.7127914743601562e-03        -3.7665808617671583e-02         2.0412562986439366e-02        -8.8963915577560240e-02        -5.6693055113788381e-04         6.1109923152452783e-02        -4.1512290556395742e-02
42                                    -1.0422499594896901e-02         3.0324371781650580e-03        -3.6255049135470306e-02        -9.8890903537916363e-03        -2.9857753773544361e-02        -7.4010410495547055e-03        -3.1417995008088145e-02         1.5914233067767406e-02
43                                     5.1556825983023608e-02        -2.7022845773441791e-03        -5.4304257338011934e-03         8.6948809298871260e-03         9.6182283230584423e-03        -7.3234708736961571e-02         1.3434570877210367e-02        -4.0165155765248900e-02
44                                    -2.5306567281082108e-02        -1.1862218746587895e-02         5.7566618584805683e-02         1.5831003189259552e-02         3.3476578395956434e-02         3.1620422179281280e-02        -4.1223233208955816e-02         7.1547945199826962e-02
45                                     1.5406893170529144e-02         2.0255260393234946e-04        -2.6225749227309740e-03         9.5539038013671140e-03        -8.2995060708232846e-03        -8.3358610734446930e-03        -5.8526313393202252e-02         4.6818875744449512e-02
46                                     1.6746751622233592e-02         2.7042802278745975e-03        -3.1330398831011699e-02         8.3118273582270183e-02         4.7202527669366702e-02         1.2765875263565122e-02        -4.0359545959459267e-03         1.7445351860046518e-02
47                                    -8.3632479497663496e-03        -1.4929356310406986e-02         6.7767307598767909e-02        -4.0015982691114366e-02         5.7796445813804139e-03        -2.7171631211704544e-02        -9.7285275405789226e-03         1.3574840837108340e-02
48                                     1.8111533947506187e-02        -2.2930641721589226e-04         1.6568949693329386e-02        -1.1658399368823095e-03         2.1811161626388399e-02        -6.4775890425926705e-03         2.2632931076491163e-02        -3.0610074518939049e-02
49                                    -3.2691732147212577e-02        -6.3958181674690362e-03        -9.3331007141113451e-03         6.1922655558953391e-03         1.9809046885564605e-03        -1.0934106648716168e-02        -1.2280559363169129e-03        -1.8325653220946623e-03
50                                     4.4829949419858926e-03         6.5908495379559595e-03         3.0693921707992913e-02         1.7446265321876295e-02        -2.3305812689830844e-02         3.0879372174323740e-03         8.2926109350842367e-02         1.2676233128274331e-01
51                                     4.2941378782401923e-02         7.4974554107377634e-05         2.6626196856203953e-02        -1.3320558169926007e-02         1.3479752827897000e-02         1.1636933124394469e-02         2.2903176419093840e-02        -1.9294355127108996e-02
52                                    -1.9923155823784247e-02        -5.0624189212991203e-03        -6.2638684638387189e-03        -1.4523841092266225e-03        -2.4104370526028423e-03        -5.7702023307692855e-04        -3.6694039149603183e-03         1.0600765107503809e-03
53                                    -5.8804960751933392e-03         3.3032556193061460e-02        -7.6493519822179870e-03        -1.8772305588438506e-04        -1.8813658472710732e-02         2.0018182719864453e-03         4.5608360330614384e-02         2.8728927070133321e-02
54                                    -2.0346709790588138e-02         2.9347317827410893e-03        -4.4869880909742990e-02        -1.0004415646796319e-02        -3.5956437580793067e-02         2.8181917150948651e-03        -3.2984483982813860e-02         1.5631198026628632e-02
55                                    -2.4808886003142012e-03        -7.3364258302123430e-03        -7.6223920960454836e-03         2.9292109528950009e-02         1.9503248650333389e-02        -1.9360838170659180e-02         5.0656348557141699e-03        -1.3375864906610321e-02
56                                    -8.7797399239172326e-03        -6.7286790535258031e-03         2.6701060681937974e-02        -8.5574653923261405e-03         9.8550946472664106e-03         3.2733731614984752e-03        -1.4805192138481480e-02         2.7949307636370702e-02
57                                     6.8521785914862051e-03        -6.4553612131861167e-05        -5.3333796167816102e-03         7.2062717811501430e-03        -1.1671281763316095e-02        -7.8164190881660229e-03        -6.0326776916156954e-02         4.7240323099492831e-02
58                                    -3.8923553529447173e-02        -1.3601705962310690e-03        -2.9683652352230555e-02         7.5125326443285109e-02         4.2236433632327632e-02         2.0512350680779768e-02         7.7351804999207527e-03        -1.2355386340291053e-03
59                                     9.4758741544273845e-03        -1.0748075616121443e-02         3.2995879523159896e-02        -4.4429723317290198e-02        -8.5724930697300087e-03        -2.1665736593292493e-02         1.7260478489686021e-03         1.9418971460158597e-03
60                                    -1.1856082001733990e-02         1.4259096886571183e-03        -2.5270186406738459e-02        -7.2902455027577849e-03        -2.9472037698830729e-02        -3.5928905750685367e-03        -5.2610781352131958e-02         3.5706906846346816e-02
61                                    -5.5710304267503223e-02        -7.6859174947018719e-03         2.0468775309184844e-03         9.0001130533427266e-03         1.1348326226907257e-02        -9.3097460796118230e-03         1.5514350044912140e-02        -1.9518484964039039e-02
62                                     1.4539985501960633e-02        -5.5103918913436273e-03        -9.1165004915408907e-04        -3.9007237284574138e-05         6.3679547600546185e-03         3.8608279728571167e-03         3.2479139528224151e-04         8.6432024363760872e-03
63                                    -3.0350444447761103e-02         8.0409738826606153e-02         9.3761930676315303e-02         9.0551275379358448e-02        -7.2105698674146346e-02         1.5627520817821369e-02         6.2206377703541123e-03        -9.9180430735216832e-03
64                                     5.3184206132298843e-02         1.0696946140355271e-01        -2.2197359578366469e-02        -3.0721930777889275e-02        -4.6675939678904793e-02        -1.3214016940898165e-02         2.7587199372625985e-02        -2.1561978394610971e-02
65                                    -1.0577179628320226e-02         3.5403097101575673e-02        -6.6707204404613677e-03         5.1588101299527497e-03         1.4990879424210549e-02         1.8230352256826288e-02        -1.6551743436929521e-02         8.1262829819844264e-03
66                                     1.7813072776468555e-02        -1.6884289801037067e-02        -6.0641715856718272e-02        -1.2957758965489272e-02        -4.6753421298371928e-02        -7.1065911982158504e-04        -2.5305594816187368e-02        -3.0447005386137906e-02
67                                     6.0103171148261969e-02        -5.5403148544794993e-02         1.7925828574804025e-02         1.0375323393513498e-03        -5.2711697975043804e-02        -1.8606107424729231e-02        -2.7963380454188305e-02        -2.6691430611104138e-02
68                                    -9.5710271288000272e-03        -9.6257639684632530e-03         9.0570541062032651e-03         1.5817277670933275e-02         1.3275926148934728e-02         1.3141862884423108e-02        -3.3413364814185068e-02         9.4297891443721263e-03
69                                    -2.1154039007945703e-02        -5.6620907116095708e-02        -2.6899830678989489e-02        -3.4229465748853036e-02         4.9459938771573113e-02         2.1132426049540617e-02         3.8020553072892614e-02        -8.6972636426441707e-03
70                                     1.6897129500760669e-02         3.6013855554134933e-03         8.4724611027424207e-02         6.2668343686929487e-02        -1.1166541801971339e-01         4.4463259312854733e-02         3.5888360784885470e-02         9.0866496794845836e-03
71                                     1.2643251010475200e-02        -3.5333337460782120e-02        -1.4682514270686101e-01        -1.4057107382849293e-01         1.4927313695263206e-01         6.0134684128215514e-03        -1.5849883804798827e-03        -4.7170385321952529e-03
72                                    -4.3609203882594864e-02         1.8654478214534830e-02         5.0372128773124497e-02         3.9536400804300161e-02        -8.2712056811426512e-03         4.1317285728805456e-02        -5.5582651952257372e-03        -8.6515098602549002e-03
73                                     2.1516559059073674e-02         3.8171101996350601e-03        -4.0303002030279096e-02        -8.3407153269841189e-02         5.6957308430816693e-02         5.2132231751934925e-02        -1.0854332439031979e-02        -2.3350045652016971e-02
74                                     1.6997262531434989e-02        -4.6595344670130240e-02        -1.7804744101373896e-01        -1.7408718991266933e-01         1.8288196618065997e-01         5.4532293756041810e-03        -3.2522299413920044e-03        -1.0644333982098497e-02
75                                     6.3856584023471802e-02         7.2132457111978290e-03         3.7583010167016567e-02        -3.1481008827546786e-02         1.7688315579244572e-02         3.6881631672176909e-02         2.9149812049223501e-02        -2.9036156366453944e-03
76                                     1.8784603408049660e-02         2.8661519619497628e-03         7.6152914905487411e-03        -3.1154183457162327e-02        -1.4020296653482185e-02         5.4168625761924667e-02         2.8586454511537318e-04        -2.6751221237948141e-03
77                                    -1.1696529848926631e-02         8.5213163996796029e-03        -4.0081498649357249e-02         2.9929336984584692e-02        -1.0205245454533407e-01         9.3825503625361430e-04         1.5011948401277302e-02        -1.2303155569200355e-01
78                                    -1.8422226189744716e-02         4.1731892117169399e-03        -5.1490755255331040e-02        -1.6830066442798577e-02        -4.1131566899842181e-02        -5.1951456876594380e-03        -2.7858105479003501e-02         8.9245463346253086e-03
79                                     8.0817769221980196e-02        -3.4607831700074498e-03         6.8546789066634452e-03        -1.0260250842534891e-02         4.8874611475565781e-03        -9.9002061889654408e-02         2.0882061095852052e-02        -5.2910718942640038e-02
80                                    -3.5249505530670300e-02        -1.2258748829572711e-02         6.7163555863379493e-02         3.5580943484353540e-02         4.9942613993539803e-02         4.5539393952660448e-02        -4.9114685896539868e-02         8.7696899425451239e-02
81                                    -4.9154895601582371e-02         3.8751254736708873e-03         6.7151748227643512e-02         5.6630379430477829e-02        -1.9982070307386787e-02         3.5555498053846213e-01         4.1434675537140316e-02        -1.6653447456843101e-01
82                                     5.7287609326610381e-02         3.9899826932943742e-02        -5.8669508716699403e-03        -3.5432173776543618e-02        -1.7085657510170695e-02        -8.7359687813651346e-02         2.6657649372345557e-03         3.5259673846558613e-02
83                                    -1.4244660026150421e-02         1.7422088517087192e-01        -6.0188438590339816e-02        -8.4833641088325855e-03         1.3307369851067917e-02        -2.5004147724364900e-01         8.4177462908284900e-02         6.3420172960998736e-02
84                                     2.9326341831021566e-02        -4.1365246749004367e-04         1.3488522449833361e-02         1.8007216547085800e-02        -1.2090304944216551e-03        -9.9950267742756407e-03        -8.2860525668937271e-02         7.2486542960538441e-02
85                                     1.9141937651172721e-02         6.5202265585488977e-03        -4.2732585141707004e-02         1.2415295790018957e-01         6.7610694489459791e-02         5.2226471078235727e-02        -1.8754680833158278e-02         5.2363360264708149e-02
86                                    -4.6716363202717092e-03        -1.8442836777556169e-02         8.3132024418318837e-02        -6.9386167403619498e-02        -7.6600758941504869e-03        -5.9123436896030460e-02        -8.3106766146906590e-03        -3.3114841216725444e-03
87                                     1.7582284855951178e-02        -2.9233124242344210e-03         1.1647888506923443e-02        -1.5522616259242715e-03         1.8544539604427573e-02        -7.2754777337055536e-03         2.7171271219988240e-02        -3.2887617238001654e-02
88                                    -5.3463720960031588e-02        -9.8468323184954746e-03        -1.5085734069736142e-02         1.9076070256531977e-02         7.9074589554498018e-03        -2.7477223249673017e-02         3.2160846150809720e-03        -3.2711026818198837e-03
89                                     5.4235595766861430e-03         2.9641300547170520e-02         7.3107752854341720e-02         2.3988174351297822e-02         7.5723553637521467e-03         3.6789126633239764e-03         4.3911270377794333e-02         1.4641221300533680e-01
90                                     1.3818884963155521e-02        -1.0574469602838718e-03         1.0518491667844453e-02         1.5099519062100681e-02         1.7711106158954781e-04        -9.3121885172484480e-03        -6.5208358012939185e-02         5.6356048936749656e-02
91                                    -7.5991449068195341e-02        -4.2804548785523337e-04        -3.8471638599015791e-02         9.8934273681830415e-02         5.2371665231148362e-02         5.3240230432890875e-02         1.6173877847064503e-03         1.5729187509451039e-02
92                                     2.4357292064972769e-02        -1.0200356749927917e-02         2.1373654966946522e-02        -6.7103349612252505e-02        -2.7295151458932077e-02        -3.9714481247490198e-02         1.0508297313147454e-02        -1.7879429873404004e-02
93                                    -3.0526429292550956e-02        -3.5859060768806054e-03        -4.8379093055859008e-03         3.6947002894416624e-02         4.0729512757939478e-02        -9.3183315979507894e-02         5.5597378459858203e-02        -8.9981451256505012e-03
94                                    -4.9811212991327340e-02        -8.9972996260397741e-03        -1.1299342691124044e-02         3.1070355685536018e-02         1.5074330494673348e-02        -7.4131559740266029e-02         1.2212638123248047e-02        -1.2351449407613934e-02
95                                     2.2186227466179310e-02        -3.6531934402203030e-02         1.0406962024785385e-01         6.3137546894860674e-02        -1.3862277116588183e-02        -1.1196033745419089e-02        -1.1423505515716334e-01        -1.1689803320778663e-01
96                                     8.4839278791088726e-02        -2.5329705514355143e-03         4.6141302861823927e-02        -4.7035119974217360e-02        -1.0525631468918531e-02         9.2398259602217744e-02         5.9808049840380670e-02        -1.8845918758823649e-02
97                                    -2.3549031538555646e-02        -6.7594155332203788e-03        -6.9097408938191100e-03         1.5831590678854971e-03        -2.4639164934249619e-03        -4.2503629905944924e-03        -6.3303425756552944e-04         3.0085202946924260e-03
98                                    -2.2164384702986865e-02         1.1322393372284856e-01        -2.7608452885918112e-02        -5.0811506743086494e-02         8.4864146606882934e-02         8.4246539398156808e-03        -1.1457674709978881e-01        -1.4217479580617207e-01
99                                    -4.5075555811536397e-02         3.1332496186690468e-03        -9.5064505556546539e-02        -2.4494534383233339e-02        -7.4753624460527676e-02         3.4361031003169978e-02        -1.5335484797475207e-02        -1.8489392666205171e-02
100                                    2.4155547430173605e-02        -1.3571552594049335e-02        -3.9796639196656124e-03         6.3944628619928764e-02         4.7364371047515189e-02         4.1022909230906533e-02        -2.8456398339845417e-02         7.1316517462607559e-02
101                                   -2.3071852706575267e-02        -2.2561388712765860e-03         3.6372586071324549e-02        -2.9534936960218878e-02         1.5425958713896843e-03        -4.8428554121201429e-02         7.5545481146116721e-03        -2.4926886263474890e-02
102                                   -1.5470326439857312e-02        -1.9794662905502512e-04        -6.5601898772649778e-03        -1.5949775401907694e-02        -2.8129147710829628e-02        -8.8236073360185002e-03        -6.6455240076534514e-02         5.4233430432213778e-02
103                                   -1.5864083578542365e-01        -1.4654032962928873e-02         5.2894321002726181e-02        -9.7061612510558698e-02        -3.3817908963718113e-02         4.1793030245093976e-03         2.7828349158578479e-02        -6.8246691878562906e-03
104                                    5.7584181283798865e-02         3.1318045214480516e-03        -8.7297153007541456e-02         6.4165687905655314e-02         1.3630726776048731e-02         1.7896777795031352e-02         3.9232321435329745e-02        -5.4933247115239350e-02
                                                        16                          17                          18                          19                          20                          21                          22                          23

0                                     -5.0722481865237042e-03        -2.1950740595914477e-02         5.0796906139906062e-03        -2.0893982008712559e-03        -1.4076054087645853e-02        -5.6825299589899668e-03         8.6210968196209232e-03         1.0037279485589669e-04
1                                      8.2963305120873684e-03        -1.2249728121659234e-02         4.4232958818861698e-03        -1.0962978936985994e-04        -1.2755742852570464e-02        -5.3331372630044767e-03         1.6406149022653006e-02        -1.8956738711644491e-04
2                                     -2.7311084065952541e-04         9.2987702847611833e-02        -1.0494515592370111e-01        -2.1228176199088726e-02        -3.5451177435426584e-02         1.2657131834074055e-02        -9.9346562995558454e-03        -3.4523001575999647e-04
3                                      1.0059794702391827e-02         6.2528916146867689e-02         6.2142499136743232e-02        -1.0075592916312276e-02        -7.0014575166421289e-02        -1.3793910567749638e-02        -1.1134248345809204e-02        -9.2312463507511261e-04
4                                      4.3034259590747021e-03        -6.6645535100227069e-02        -4.9319130605886469e-02        -1.4989630100980087e-03        -1.6449078629234847e-02         1.0798851001918124e-02         8.0781801882589196e-02         1.8030788028630760e-03
5                                     -2.5411263620254310e-02         2.3597116585510366e-03        -1.3352335016254277e-02        -7.4219329865352658e-03        -1.5015947827203571e-02        -1.4779125442243151e-02        -2.2676342372509223e-02        -7.3766621149759818e-04
6                                     -6.3942387871267336e-03        -5.3907029394771641e-02        -6.7538408827819085e-02         1.4859109022461330e-02         4.6760645460964478e-02         1.7050205919603018e-02        -4.4199564475330695e-02        -1.1850038858851792e-03
7                                      6.5797221344451335e-03        -8.2647585670766500e-03        -2.2381439400910311e-02         1.2962405412390321e-02         6.5489612955051818e-02         2.2018523465906301e-02        -3.6839904204778402e-02        -2.0686005873660882e-04
8                                      3.4791748902019796e-02        -2.6820124920044063e-02         1.4344878978916837e-02         1.4769952155688501e-03         6.2032742825371152e-03        -7.2809362659271093e-03        -3.3168259698833909e-03        -4.0179227312977876e-06
9                                      3.9973352042583170e-02         1.4606207364129650e-02        -2.5421111244795559e-02         2.2024523475179570e-02         1.0906277690132771e-01         3.7631626531147558e-02        -4.7909618209999588e-02         4.8294591863099395e-04
10                                    -8.3863192136176563e-03        -8.3997839433245861e-03        -3.6470524979877975e-04        -9.7416267095245673e-03        -4.4245200307502230e-02        -1.6164403268147998e-02         3.6515777409302834e-02         1.2857896153635655e-04
11                                     5.1797363005754472e-03         1.5789124278854184e-02        -2.8089541361221625e-02         2.5744275185649351e-03         2.3266189962533615e-02        -4.3273270928433083e-02        -2.8703366708609317e-03        -4.5063164752244327e-04
12                                     1.8650732977756920e-02         7.1486826557873575e-03        -4.7809146297350204e-02         1.2415081666539998e-01        -2.5075958367910812e-02        -1.3934149544444531e-03         1.3682083702343731e-02         6.0597548751514215e-03
13                                     4.2363235609793264e-02        -3.5659147511554613e-02        -1.5019518679546916e-02         3.9641536588295410e-02        -1.7327561366389126e-02        -2.0234853588586036e-03         1.6224430830572099e-03         3.7701365628613856e-02
14                                    -3.8769007142537303e-02         3.0089768010725784e-02         2.4275546362234241e-02         8.0746600163162999e-02        -1.4662980025801759e-02        -1.6361430272720499e-03        -2.1806893152019502e-02        -2.7190734570888803e-02
15                                    -1.1448094954102300e-02         1.6462947528539289e-03         2.1518362698289512e-02        -7.8612517743509053e-02         3.0650559511158349e-02        -4.8601057521878521e-05        -1.5437815094546547e-02        -7.1859267702930555e-03
16                                     6.0989506446206864e-03        -9.1798986995977917e-03        -2.7452413232019038e-02        -8.3036806545344954e-02        -2.3531445989854074e-03        -1.3048309097104353e-03         4.1219413890078594e-03        -5.0423273754550871e-02
17                                     1.2001407086520617e-02         7.1484599446100961e-03        -1.7862533082443191e-02        -1.1274955380476255e-01         3.3057200790324440e-02         7.5094268883866928e-03         3.3270713193621439e-02         3.5449083347123003e-02
18                                     8.9039968161421235e-03         1.0957781837957477e-02         1.5471974684741234e-02        -5.0707096902787817e-03        -2.9270590155041822e-02        -6.2927966752659376e-03         4.4319954926010201e-02         1.2317765516952550e-03
19                                     4.0955092892380118e-03        -2.5491811152623015e-02        -1.7378880935561267e-02        -1.0082710805915135e-02        -5.1637303830837734e-02        -5.4428834966184763e-03         1.3528544157270185e-02        -7.0784627450490236e-04
20                                    -2.0721212792317412e-02         9.2590767097079510e-04         1.5145956694391728e-03         1.0531795162589180e-02         2.4847558848699457e-02         1.7890070285528352e-02         2.3729623246184772e-02         9.2309677948831492e-04
21                                    -2.1229395351511555e-03        -5.9095591139605888e-04        -1.8130725719225401e-03        -8.7006063289889937e-03        -1.3575097669384117e-02         2.1126526634967949e-03         1.7760142136322574e-02         7.0074891464719387e-04
22                                     5.5115619252770940e-04        -5.6915104456267390e-03        -1.9537310388440532e-02        -9.7249820228265532e-03        -4.5286844148573077e-02        -7.5647556048494416e-03        -4.6971587529780565e-03        -8.4049167807860158e-04
23                                    -1.2355087883577358e-02         2.3720791517836789e-02        -5.4322002077829661e-03         1.3903481388523316e-02         3.0745041419509761e-02         1.3038769859959427e-02         3.2514053754732299e-02         1.4026595450641428e-03
24                                     1.0830689306737390e-02         1.0425403893051678e-02         1.0385852255879640e-02        -4.2798281873226507e-03        -2.5091054406942915e-02         4.2476567969668326e-03         3.5897059830426799e-02         1.1633230738423731e-03
25                                     9.8007167694669200e-03         1.4298053672223336e-02         3.4047382292363652e-03        -7.3689718048048638e-04        -9.5947442392169419e-03        -1.9075560540288264e-02        -3.4140791543742000e-03        -5.6680289974073768e-04
26                                    -1.3696940480605916e-02        -2.3492760097104853e-02        -5.3165610513030207e-04        -2.9407192022781361e-03        -2.0388350180042952e-02         4.7135880304210800e-02         1.3747252254721707e-03         2.0573706029714407e-04
27                                     3.8092684855724141e-03        -1.0740503372783546e-02        -1.5735333662950407e-02        -3.6977146535142665e-03        -2.9903944400930318e-02         7.0761541048676383e-03         1.7704056492433767e-02         1.4017137977580133e-04
28                                     1.5482803105291548e-02         2.2267649933517441e-02         8.9641841588266116e-03         1.2073907102064078e-03         8.7332511911327702e-03         9.6822788018449229e-05         4.9219550036949840e-03         3.3296043528783663e-04
29                                    -1.0155315020241059e-02        -2.6121168213400218e-02         3.2118919528047202e-03         7.5864909684328196e-03         3.9967711939381631e-02        -1.6016248133856315e-01         8.5945899588045892e-03        -6.7574443075386263e-04
30                                     1.3519815253363093e-03        -7.3104076740629128e-03        -1.6289541016573882e-02        -2.1138386607426258e-03        -1.3655864630226767e-02         8.5476832203258452e-04         8.4112593998381963e-03         9.4913843262493081e-05
31                                     1.5964259302320379e-02         1.9697040731089268e-02         3.5277297671423942e-03         2.9476466489718606e-03         2.0175106622195436e-02         4.2204104974133240e-03        -1.0145946783320038e-03         3.2477995522782883e-04
32                                     1.1509914831321936e-02        -2.0919458672364503e-02         1.1263817851059380e-02        -5.4809208119640336e-04         6.9949119740410652e-03        -5.1766543282948975e-02         2.6329067390453388e-03        -2.7176411892027122e-04
33                                    -1.3460425794110407e-02         2.0626998417319626e-03         2.1135114560114705e-02        -7.9892965498869119e-03        -2.9943346028366972e-03        -8.8497435016909843e-04        -6.6240755936886036e-03        -1.8914795135611622e-04
34                                    -3.9685276143128424e-02         1.1612314904196668e-02         3.0815448601564054e-02        -7.9562054176501914e-03        -3.1031818725863865e-02        -1.1732256020443126e-02        -6.4231653297068966e-02        -2.8094212576672004e-03
35                                     3.7090034896960938e-03        -1.0949629976557136e-02         3.3050238888797288e-02         1.4673772985687655e-02         2.4291635199777201e-02         6.7871811240758067e-03         2.9058326226181014e-02         1.7161574371111947e-03
36                                     4.3695143760275525e-03        -2.0375554475974146e-02        -2.1732338306239395e-02        -1.7163850402808017e-03        -2.4383895478014814e-02        -2.7817169052851958e-03         1.6746563125468641e-02        -3.4743732410695341e-05
37                                     9.3249150120988077e-03         7.7022730957017563e-03        -1.6430315634870882e-03         4.2615134936187810e-03         2.6366511932739752e-02         8.9068965499519981e-03        -4.1369831944561824e-03         3.5946310241563969e-04
38                                    -1.2709040880608527e-02         1.3782185313054487e-03        -7.1091461073153287e-03         2.6825335798325027e-03         1.2426953736020763e-02        -5.5633124724086394e-02         5.0410129367459847e-03        -1.9958260389026967e-04
39                                     8.6473326909157419e-03         6.4013082894544262e-03        -2.8881514575886277e-02        -1.1743825716001857e-03        -8.1775914823420687e-03        -1.3665103829918668e-02         1.9025406894734212e-02         4.7003941915998273e-05
40                                     1.4132387804527953e-02         1.9741617714109587e-02        -1.5163729026497431e-05         5.9105018883625167e-03         3.9332773731108925e-02         8.4924050176560482e-03        -1.4820571425036651e-02         4.2320951617755200e-04
41                                     4.7283797779714892e-02        -9.6828003795755013e-02         1.0360193185367951e-01         6.0468357424730028e-03        -8.4707790400369298e-03         7.3806879472539985e-02         8.8220621655411737e-04         1.7140826855030166e-04
42                                    -1.6049461897702694e-02         8.1400008087278933e-03         2.1972434092912035e-02        -2.3842265386412292e-02         1.4214240798832272e-02        -4.8709955247399207e-04        -1.1309951200152019e-02         1.0640011036545248e-03
43                                    -8.9265464993939669e-02         6.2773385368900522e-02         7.3617042677555380e-02         1.6307681741670498e-03         1.3220724459360827e-02        -3.4340270638038434e-04        -2.6931771340160081e-02         1.2352216141453654e-02
44                                     3.8425093875548259e-02        -4.8917344152364463e-02         7.9652452000551505e-03        -9.5270019170317893e-03        -3.3667431413894997e-03        -1.8427687045661156e-03        -8.1056630909517747e-03        -9.5432518500478403e-03
45                                    -1.9066397630360943e-02         1.4134362352601225e-03         3.9145619810433033e-02        -7.5573433107938718e-03         5.7304953633354255e-03        -1.5586731393130134e-03        -1.8085820738788453e-02        -8.8340033110153389e-04
46                                     4.6152431252053051e-03        -1.1665639913156157e-02         1.2452569198720773e-02        -4.1434351899417871e-03        -3.0916898684144902e-02        -1.0452911153378536e-02        -5.4409866345082561e-02        -5.1685036920648547e-03
47                                    -2.0698895656686742e-02         4.0506962498291924e-03         3.4530510689466831e-02         1.3825651635072340e-02         1.7180792201536930e-02         6.1865527312635121e-03         2.6337289669213816e-02         3.7189325481368067e-03
48                                     1.5633175442621765e-02        -1.7961335203893945e-02        -8.4470344031250776e-03        -3.1997487683236483e-03        -3.0691701613215217e-02        -2.1502256299320295e-02         3.4874841938958706e-02         9.4609955135718077e-05
49                                     3.4266868803824722e-03        -1.8789962815983249e-03        -6.5433302625030601e-03         3.7789084759289834e-03         2.3315859252319125e-02         4.6713451082985146e-03        -7.2628664443123488e-03         1.7907796033817051e-04
50                                    -4.8335202389959635e-02         7.1254280437807738e-02        -5.6557771091816915e-02        -7.1670256529292415e-03        -2.7554854587462464e-02         6.8236065686845537e-02        -8.3307050159905222e-04         5.5019375137126093e-04
51                                     1.7705749900793967e-02        -1.4053301307907157e-03        -2.0884103851209417e-02         1.2781729009759399e-03         6.9069205174561725e-04        -9.6738075252339167e-03         1.7089652131093359e-02         1.2128373682460016e-04
52                                     5.2944133610534974e-03         4.0554540180966440e-03        -6.5649042891501291e-03         4.0941340150125616e-03         2.9028116949439711e-02         6.4407862877409886e-03        -8.2999127832371639e-03         3.0386213633933854e-04
53                                    -1.2639503513760730e-03        -9.9904686629840016e-03         1.4882069708792309e-02         4.4436733644336512e-04        -1.0767608610261154e-02         5.2872417359384943e-02        -4.9331581393619278e-04         1.8658574622272569e-04
54                                    -7.9397214702335937e-03         6.3669637638021168e-03         1.0470349882884648e-02        -2.1402001464946443e-02         1.6657436084568010e-02         4.7551975142053667e-04        -4.7161734314314554e-03         1.5141439536175489e-04
55                                    -3.6563551763232241e-02         3.1709092256517281e-02         3.8947636932567697e-02         2.9230885707242200e-02         1.9796218582508678e-02         6.0871646575399131e-03         1.8569549977464350e-02         4.6820004662155874e-03
56                                     1.2006631952382026e-02        -2.3398872888671176e-02         5.8800459638367443e-03         1.5943677285336758e-02        -2.2814537369336273e-02        -7.0000078187864032e-03        -4.0722724800140345e-02        -3.5136458783920029e-03
57                                    -2.0662947235412163e-02         4.5678524814388695e-03         4.2775620452020650e-02         7.8975326768486488e-03         1.0978500116467426e-02        -1.1267125823343547e-04        -1.3500119286196599e-02        -6.3753521582991660e-04
58                                    -2.3400635750203511e-03         1.6103828233700747e-02         1.9578051628572818e-02         2.8616216081212481e-02         2.1753864848645325e-02         8.9195745879539663e-03         3.8712023033003778e-02        -2.6858158301135433e-03
59                                    -4.7181926806092239e-03        -1.2423595762168074e-02         1.6408524541848776e-03         1.3764869762076321e-02        -3.0199370129214448e-02        -7.6889349284130120e-03        -3.9747359705493694e-02         2.5167234537499879e-03
60                                    -1.6752327801520507e-02         5.5711286790089539e-03         3.2017297311331121e-02        -2.8552583825674535e-02         2.4121904217583836e-02         1.6879746177619873e-04        -1.5143692101577925e-02        -8.7394297415158172e-04
61                                    -2.0088911524362731e-02         2.4472041260664674e-02         1.9108473018406999e-02         2.6615673169457271e-02         2.2999299617852159e-02         9.4994422708214021e-03         4.5493970380389444e-02         8.9222754625142180e-04
62                                     1.2224545840272726e-02        -1.7491867768988575e-02        -7.3413170674298065e-03         6.5277635527999436e-03        -2.8066025567107945e-02        -7.7919329499952323e-03        -4.1947564494133865e-02        -4.3521442498480116e-04
63                                    -1.8941353602250578e-03         6.9263256060429264e-03         1.6820502799713534e-03        -3.1714182579515100e-03        -1.8577487333179005e-02        -3.1782391128737951e-02         6.1318829653157284e-02         1.6839470651554911e-03
64                                     1.1866320899644260e-02        -3.5688413989540931e-02        -2.9006431751989411e-02        -2.6231568079814579e-02        -9.2085018887836753e-02        -1.2987978492468948e-02        -1.2364945586655367e-02        -1.5070562922044550e-03
65                                    -2.5058318466485249e-02         1.2076578484865653e-03         1.2079120864737255e-03         1.3785583318077986e-02         3.3507121494201111e-02         1.4981508738328264e-02         3.2109209289894629e-02         1.2550478660951119e-03
66                                    -6.2831895602802924e-03         3.4871063839976860e-02        -5.4718349786239129e-02        -2.3715973272033321e-02        -2.7252834675918658e-02         1.0389600955270891e-02         8.2392512877328457e-03         6.2166478319231413e-04
67                                     2.1299918598089346e-02         3.7789776106164394e-02        -6.7901280180824086e-02        -2.7544205963169487e-02        -8.3874440898153643e-02        -1.4446689481397912e-02        -2.2274418298295774e-02        -1.4303344365383984e-03
68                                    -1.6870946709006501e-02         2.2851042726107842e-02        -8.2030173781999487e-03         1.4030426896292554e-02         3.5273505550413288e-02         1.6050573891219694e-02         3.3997644741760487e-02         1.5680989972398282e-03
69                                     1.2325963922508161e-02        -4.3465737908671706e-03         1.1514045880235683e-02        -1.2344898590593007e-02        -4.1984564643221610e-02        -2.5126561420778198e-03         2.7126238900631067e-02         8.9705482231016960e-04
70                                     6.3214218666253399e-03         2.7894164132493460e-02         2.3973652592322280e-03         1.6099113961484470e-02         7.3400676410936880e-02        -2.0608401306352322e-01         1.1153160266284058e-02        -9.2660024194959651e-04
71                                    -1.0194529481137662e-02        -3.0332094937883119e-02         7.9301759552519765e-04        -1.1646298201224986e-02        -6.1415919130313294e-02         1.3541450442329198e-01        -6.2053280966220927e-03         3.6735546963328548e-04
72                                     1.2775441299463597e-02         4.0779501126567454e-02         2.2663165063718318e-02         5.1491405245664050e-03         1.6377956238746657e-02         2.7576070135435459e-02         4.7193727778642017e-02         2.2876595881711893e-03
73                                     1.0280931705130985e-02         9.0274362725247751e-03         8.5231031271191422e-03        -1.1271162112305614e-02        -5.6712696893663962e-02         1.2441832299461138e-01        -8.9243323614402754e-03         1.1546137623859305e-04
74                                    -1.5922424034305674e-02        -4.6350676752969222e-02        -2.5320289165970894e-03        -1.8862224191176849e-02        -9.1275596194762346e-02         1.8275839969661678e-01        -1.1455210384867017e-02         2.7694865959608918e-04
75                                     1.3577375874597305e-02         1.9524636459277524e-02        -2.9340417968151882e-02        -1.0975546465293326e-03        -1.1045556877267488e-02        -2.3917024875339945e-02         2.7192078388185489e-02        -1.1135104205558280e-04
76                                     1.9300293861050727e-02         2.5212178399255918e-02         1.9075940580340692e-03         5.9195301587178393e-03         3.6809049292956919e-02         6.3594560204184676e-03        -9.8511556378807208e-03         3.4121840241684232e-04
77                                     8.3968241559427823e-02        -1.2910808769080892e-01         1.3938625018786646e-01         6.0796059293040548e-03        -1.9906101976720946e-02         1.3613578014594835e-01         4.2603854358242907e-04         3.5086720687699106e-04
78                                    -1.4792042267239746e-02         1.1046825215331136e-02         1.6833158869029807e-02        -2.4254910798433445e-02         1.7483797263748352e-02        -1.3002248194166840e-03        -1.7141105546359840e-02         5.3674374949339142e-03
79                                    -1.1085528359027516e-01         7.7163087055150820e-02         9.1533323506531206e-02         2.4472914863067747e-03         1.1904551678067898e-02        -9.6004547758220347e-04        -2.8386016884625886e-02         5.3910138308768993e-02
80                                     5.1350541929508463e-02        -6.2288054055747992e-02         2.2372059342369932e-03        -7.6041835431752795e-03        -6.7992116811572056e-03        -6.5608074115943696e-04        -3.5127409190161316e-04        -4.0894221472576549e-02
81                                    -4.8262744651338790e-01        -1.9968325075092527e-01        -6.1656759579522977e-02        -1.8336029375180692e-02        -8.4556292130293254e-02        -1.4357684588949090e-02        -9.2428076079885513e-02        -5.2321386003841919e-03
82                                     1.3643965915886985e-01         3.7282343297908450e-02         8.0071566664296108e-03        -1.0308163221801057e-02        -5.0849513312012359e-02        -1.0204234101091935e-02         4.0375671988766682e-02         2.3230317940719819e-04
83                                     5.3417315179502933e-01         3.5902930693986973e-01         1.6943899717929728e-01        -1.7272968128314744e-02        -6.5041669566777358e-02        -5.1117011161420402e-02        -3.9800025957396450e-02        -6.4396660357322530e-04
84                                    -2.4180789596717062e-02        -3.6573002806733236e-03         5.7850264092631574e-02        -1.9142617486481883e-02         1.2143664833576434e-02        -3.1949046682870786e-03        -3.0441713930021836e-02        -3.2993362819013516e-03
85                                     4.7337427863099649e-02        -4.8334327506880742e-02        -7.3120236854948718e-03        -1.4500277475473448e-02        -5.8628947290390185e-02        -1.9417074007282060e-02        -8.8928762865318436e-02        -1.8889264120949129e-02
86                                    -5.6540912842578721e-02         3.0646625445416416e-02         5.7609142911634131e-02         1.7882804339429285e-02         4.1855164824705970e-02         1.2737360052132678e-02         4.8788451065271743e-02         1.3654692107475781e-02
87                                     1.8018968873691872e-02        -2.6154592543531741e-02        -1.6281955326383571e-03        -2.2232639341535992e-03        -2.8876741666476694e-02        -2.2959421218241811e-02         3.4874404333809082e-02         2.2814512817188269e-05
88                                    -1.5397552162859482e-03        -8.5145165890917231e-03        -5.5851420877732205e-03         3.3691406335562379e-03         1.6556316554891776e-02         2.8501542670308555e-03        -1.0332345156419138e-02         9.0446990056855829e-05
89                                    -7.0086172098630342e-02         1.4139962648259924e-01        -1.1994962119306962e-01        -1.5473557340424004e-02        -4.2701238725402983e-02         8.0921375431035808e-02        -2.7739373259802690e-03         1.1597105234045166e-03
90                                    -2.1554137118979022e-02         1.7674256019689222e-03         5.0412333241831704e-02         6.1778460066811902e-03         1.0326446456703702e-02         5.2396944011807078e-04        -7.8907552223554285e-03        -5.1645509009911068e-03
91                                     2.5367119139006321e-02         2.8683984952043813e-03         8.5531864065664306e-03         3.2799638344711175e-02         2.9787502433397030e-02         1.1281303100496274e-02         5.1542636745550999e-02        -4.4674440845859038e-02
92                                    -2.0547555889826156e-02        -1.5139919464934974e-03         3.5056793504255785e-04         1.1386005429164250e-02        -3.3868053689495567e-02        -9.7714537703604692e-03        -5.3491027680202245e-02         3.2534596866900981e-02
93                                    -5.6480936750247686e-03        -5.3234474843990479e-02        -6.1291783336571738e-02         1.4521917744107530e-02         4.9793010154360738e-02        -3.9226469795008947e-02        -3.3034674353461115e-02        -8.6250874403042809e-04
94                                     4.7346069967010573e-03        -4.1828569312414889e-02        -6.0055831325796540e-02         2.9003483112890936e-02         1.3553609516295365e-01         3.8331238155964585e-02        -9.5787828708032360e-02        -1.1921814205872394e-03
95                                     3.0594901753182198e-02        -3.2274555452172179e-03         2.0771021824637892e-03        -9.9566305101614835e-03        -7.6004787279684710e-02         3.7545611410982432e-01        -3.1709658812206332e-02        -1.4553233018961102e-03
96                                     5.2794264948510430e-02         3.6246563194320028e-02        -3.8951944151748207e-02         3.9615296748603590e-02         2.0022135774174452e-01         8.1349566093650724e-02        -1.0381020016092000e-01         1.7941891586990488e-04
97                                     4.1573232400785014e-03         3.1458498140001802e-03        -7.3162236959700725e-03         3.5897513656449470e-03         2.5365079284501098e-02         7.8907730588842345e-03        -5.0576009692572758e-03         2.4451019563011728e-04
98                                     4.5169668982007402e-02        -4.1012311820437609e-02         1.3082516643747493e-02         6.5056219407730606e-03         5.0923483623519873e-02        -1.5086729941709873e-01        -7.6661594083130974e-03         3.6266071074785248e-03
99                                     3.2148767350448929e-02         9.3185156514447864e-03        -7.8207031425932827e-02         2.0262854271206410e-01        -5.8733575302508771e-02        -6.6087559723538511e-03        -1.3132050803625714e-02        -4.7628357923016923e-02
100                                    7.4824172023024937e-02        -6.4488472379910955e-02        -1.5110470297001912e-02        -6.0029787677480552e-02        -1.1947240224930172e-01        -4.4833942984062861e-02        -3.5458415164081014e-01        -4.7627496839521311e-01
101                                   -7.7424542823403220e-02         4.3856513062292719e-02         6.8630003885175539e-02         2.5200960179443788e-02         9.3900352115379032e-02         3.0964667890432892e-02         2.2529469126808510e-01         3.5152365589931589e-01
102                                   -1.5573660416174737e-02        -3.7517266380899042e-03         4.2246601358283412e-02         3.3240082765708404e-02        -7.0180611003085426e-03        -9.1338271325157889e-03        -7.5728179282468819e-02         6.7213683533484669e-02
103                                    6.4150027823070804e-02        -5.3575601684565578e-02        -7.2317496284245483e-02        -1.8157440623886123e-01        -9.9321578982631456e-02        -4.1486142960128640e-02        -2.8499243388655449e-01         5.8326125404492313e-01
104                                   -2.2226186710845350e-02         4.0008396811830764e-02        -5.1151170083589157e-03        -1.3742260554919747e-01         1.2536575874652853e-01         4.0532079535079223e-02         2.6676539022852264e-01        -4.3129817394574704e-01
                                                        24                          25                          26                          27                          28                          29                          30                          31

0                                      1.0290483266763550e-02        -4.0750133113844766e-04         3.5813529202554650e-02        -7.1473673095505405e-03         1.0089171088079449e-02         6.4664262853349874e-03        -1.2396451943028797e-02        -2.4315367797887569e-02
1                                     -2.2774450456355521e-03         2.1238511388266130e-04        -3.7941860975332878e-02         1.3708088664694218e-02         1.6592851175343312e-02        -1.7340112395426988e-02         8.5548314498283746e-04        -4.0415539483580440e-02
2                                     -1.9276755385332963e-02        -2.8491525536154662e-03        -3.1957476505653469e-03        -9.4602884553446447e-03        -2.5613663583319280e-02        -3.6145087277165383e-03         3.7754186738349457e-03         1.0146467100419925e-02
3                                     -3.0931791617324466e-02        -3.2976174174723788e-03        -8.1204159042860574e-02         2.9241242831972235e-02         4.7387134133112956e-02        -1.5266267429284516e-02        -2.5414538836221710e-03         2.1744977129989237e-04
4                                      3.8514383311451725e-02         8.5284175278899574e-03        -6.8083178437492897e-02         9.1954026018448067e-03         8.0254795069331347e-03         5.6318745924221925e-02        -2.2119915134519064e-03         5.0143864608093204e-02
5                                     -2.3417570183600755e-02        -2.8332009483878922e-03         8.4798770327672510e-03        -8.7212795393374325e-03        -4.5646232894060612e-02         5.3520211438498741e-03        -1.3748321291427471e-04        -1.4629257564111993e-02
6                                     -3.7191920400079896e-02        -4.3051241291342090e-03        -7.2313353443610520e-02         3.4966069700718624e-02         2.4447389595745109e-02        -4.0177676844694483e-02         8.5919725594392135e-03        -5.0598904217209004e-03
7                                     -1.1174690119117545e-02         2.2537944997158138e-03        -1.0201416634047517e-02        -2.3140138970217977e-03        -5.5826487295066668e-03         1.0663924734546883e-02        -1.4668110588115812e-03        -1.5239511958517032e-02
8                                     -7.5595500284143169e-03         1.3846217271791391e-02        -2.3241209274611131e-02        -6.6290841003914233e-02         1.6764439201768400e-02        -1.2681861738377792e-02         1.9793316929475838e-03         1.6754545379670620e-03
9                                     -5.0534536193334598e-03         1.2539587132799578e-02         1.7746632428725508e-02        -1.3712088898857789e-02        -2.0694650661732955e-02         2.5417014977086060e-02        -4.8223205272177735e-03         1.6973862800090396e-03
10                                     3.1119187092572009e-02        -1.2683629629571219e-03         1.0189691994702192e-01        -1.9586654186219299e-02        -3.4772330391734554e-03        -4.5149818421778072e-02         7.0202302783352851e-03        -1.2496545752249847e-02
11                                     7.2935192960969690e-03        -7.5394046258380573e-02        -3.6830390315615623e-03        -7.7238801306474198e-03        -8.7191244566162882e-03         7.7676761509278712e-03        -9.0985355678983350e-04        -6.1015081242688386e-04
12                                     8.7739469502100629e-03        -5.6338809467998126e-04        -3.4022744156304071e-03         6.6137436735291787e-03         3.9986021476318169e-02        -4.4150975175974569e-03        -5.3472595340854651e-03        -7.5704013764163053e-02
13                                    -5.2941789216986113e-02        -6.4748953123668291e-03         1.3888392423474080e-02        -1.9743851984790933e-03        -3.9430310201779154e-03         4.8876071846158404e-03         3.5094812732691383e-02         3.5555254300834317e-02
14                                     2.5302783381112290e-02         4.2684870932086080e-03        -7.4358502070009909e-03        -1.6944851397321002e-03        -1.8710607683052442e-02        -1.1048032056497268e-02        -1.5513001128407542e-02         4.6987541230295596e-02
15                                    -1.8028033363499053e-02        -3.2363864354205355e-03        -8.1372753421562853e-03         7.4463848025403331e-03         1.0382326185297034e-03        -3.9684824592349073e-02         2.0295973596829490e-02         5.1026071479120395e-02
16                                    -2.6622631577718856e-02        -5.0011469589891023e-03         2.0580406501052459e-02        -2.3501594934584769e-04         4.6841397553090497e-02         4.0053637874210790e-02         1.4057494325797568e-02        -3.1452191624486626e-02
17                                     4.4756691020674422e-02         5.6841345601666348e-03        -1.9492845965000952e-02         3.7873135481617925e-03         1.6684392828199013e-03        -1.3551881193546835e-02        -2.5620280839182434e-02        -4.3793681622050676e-02
18                                     2.1013765162392374e-02         6.4799385997120354e-03        -4.7008078769068255e-02        -3.0488753096160502e-03        -2.4424792123316583e-02         9.4963336236983914e-02        -1.2535153878636291e-02         1.4255072296942898e-02
19                                    -2.8855054272692762e-02        -1.9849143107910643e-03        -6.5120074844117762e-02         1.7903706453472799e-02        -5.6585966844525269e-03        -3.8374746570243368e-02         9.3523103403679465e-03         3.7436264685694622e-03
20                                     5.0966904156132337e-02         3.6309823627091202e-03        -5.4868287981538642e-03         1.9378488418288983e-02         1.2752171542957305e-01        -2.8942193267556533e-03        -5.5132161078333304e-03         4.4196183162371561e-02
21                                     1.1883021645863736e-02         3.2394606381164286e-03         8.4298959796837701e-04        -7.9041295528192324e-03        -9.3554481117883864e-03         5.2873565090754131e-02        -1.5393828553169049e-02        -1.8081143994733762e-02
22                                    -3.2934754952374877e-02        -3.4765904766910489e-03        -3.4455724425198522e-02         7.2059311324647437e-03        -1.3347223573615282e-02        -2.4157182495079494e-02        -6.9774088256939276e-04        -4.7336566486480956e-02
23                                     5.5031147593411225e-02         4.0448606645468992e-03        -3.0364955525066296e-03         1.1524145600473027e-02         9.8697247955150932e-02         8.0014889843602298e-03        -5.0901066214286824e-03         1.0164314022168568e-02
24                                     2.0593438650547184e-02         7.4693860399359614e-03        -1.6657827912061357e-02        -1.5554804246262479e-02        -4.2614277387188385e-02         9.6325305309092460e-02        -1.1228321067257891e-02         2.4289469179118790e-02
25                                    -1.0584483310889809e-02        -7.2834553297915850e-03        -1.5102358057569789e-02         2.5260053348337263e-02         3.4461810458962870e-02        -6.6398002765940559e-02         1.4928491190269599e-02         3.2224441451166742e-02
26                                    -5.5216838083684064e-03         6.1319389132887658e-03        -4.0362804985894342e-03        -9.0477517076899706e-03        -1.1758261015077896e-02         1.4110030264196443e-03         1.2462493954928601e-03         7.8286169573095379e-04
27                                     6.6735489223877457e-03         2.0497564557510634e-03         7.8748573916383059e-03        -6.7828675379074475e-03        -7.8559651871585332e-04        -1.4319538927814290e-03         2.1149811720650685e-03         2.7634111773648422e-02
28                                     6.6983813141381866e-03        -1.9473629398357717e-05         4.6800424663284755e-03         1.3358056434368210e-03         1.8925698955601737e-03        -8.1092154963391064e-03         6.9063126645154248e-03         2.5432829181108781e-02
29                                     2.1674493670696625e-03        -3.0713174459491604e-02         5.4930960337121427e-03         6.8615895080277226e-02        -3.3193347120931520e-02         2.4810516590582903e-02        -3.1226173622386981e-03        -3.0199580171717520e-03
30                                     9.1276003579612713e-03        -1.2623085512751212e-03         3.8673497046240159e-02        -9.0491430788666449e-03         5.8230828550585407e-03        -1.0728355374082779e-02        -4.4128902041869113e-03        -1.1887203088312358e-02
31                                     5.0698499963748866e-03        -2.4025790178676634e-04         6.4427827227240683e-03         1.5405098135468189e-03         6.7425398982361743e-03        -1.3668858179903171e-02         4.7540228690601581e-03         3.4260887055581101e-03
32                                    -3.3630491951280070e-03         1.9463799262495360e-05        -9.0811686747000831e-04         1.4904801786044052e-02        -1.9004374047044213e-02         1.4830450230116731e-02        -1.3420678292166664e-03        -3.3801011016143445e-03
33                                    -4.3050137780996654e-04         5.6807789787086268e-04         7.7431259426764707e-03        -4.9421199827610895e-03         1.5197527054892754e-03         3.6163352669214409e-02        -1.9149950152322008e-02        -4.0465078658053925e-02
34                                    -3.4934121466056456e-02        -6.7152788040910644e-03         2.6578506214336935e-02        -1.5301344898785165e-03         3.8184241394829517e-02         1.6245716285459261e-02        -3.6752940902770273e-02        -3.5006652689082207e-02
35                                     1.6347318371473032e-02         4.2522694578043139e-03        -2.0749726105133023e-02         2.0037699595763644e-03        -1.7748048161842965e-02        -1.4684453386516968e-02         1.6944439677396936e-02        -6.7099522898915381e-02
36                                     5.3186163804891575e-03         3.8105045129497586e-04         9.4908991116132140e-03        -9.9685912432707891e-04        -2.6379616721269232e-04        -1.5159418946077877e-02         6.6872321927923190e-03         3.1135657208848925e-02
37                                     9.7233085115582280e-03         2.4270301474217954e-03         2.8579394339889673e-02        -1.2676184296815614e-02        -1.5643309164168926e-02         1.7025723390979658e-02        -1.0012228647339459e-03         5.9415405215228244e-03
38                                     2.6535546100939326e-03        -1.5729836009396144e-02         1.6810475813882311e-03         2.1442008775881337e-02        -1.4363268587747882e-02         1.2643288864179456e-02        -1.9698124384511405e-03        -1.5108803416660080e-03
39                                     1.7669272077463341e-02        -1.4761854666129706e-03         5.9021964797035337e-02        -6.7998885851256003e-03         2.1308402252127000e-04        -4.5689056622143544e-02         1.1287798739127204e-02        -8.7205941185875685e-03
40                                     1.7035582559018262e-03         8.8115180538353996e-04         8.7855481960783192e-03        -3.6286588353267083e-03        -6.0560847532196180e-04         1.3125727474912197e-02        -4.8598014647792511e-03         3.1893249123082345e-03
41                                     6.6198823323141412e-03         3.0039027948066434e-03         1.0214986160134503e-02        -2.5303290112725793e-02         1.4400304290916325e-02        -1.6429496678151023e-02         1.8944571787369489e-03        -3.7861293284423552e-04
42                                    -5.4340278414767096e-03        -5.7801744121683543e-04        -1.5297016159200873e-04        -7.2127742658380960e-04        -1.3210312100890124e-02         1.4808237980030443e-03         1.1619284503695936e-02         1.0375464172283697e-02
43                                     2.1450082991035416e-02         2.6621081946544751e-03         1.3234114808141214e-03        -1.7971779008966713e-03         1.9002780408348411e-02         3.6744751333478480e-02         6.7460365144822024e-02        -1.9029239795458387e-02
44                                    -3.4560271949559025e-02        -3.4446129965593169e-03        -9.1051009204596071e-04         3.9490799608223780e-04        -2.3710424163752308e-02        -3.6228396800285299e-02        -4.9663671048714622e-02        -2.9302787663077506e-02
45                                    -9.1342654690803517e-03        -1.1490774253178787e-03         6.9637715273905142e-04         8.8204929708347868e-04         1.3901616376440171e-02         1.1558643432659579e-02        -1.5671738513008741e-02        -4.7953260128923994e-02
46                                    -3.1257866408202807e-02        -5.9397254632286862e-03         3.5035026042916556e-02        -5.4413946594802842e-03         5.1984659340837708e-02         6.3147646939440943e-02        -5.7226862559240629e-02        -1.2707984429832805e-02
47                                     1.6448284709189322e-02         4.9656064186160958e-03        -1.9446786677564092e-02        -1.5349424509349373e-03        -4.3099357818316003e-02        -1.9473486954113592e-02         2.4456125488300680e-02        -8.4469738010663625e-02
48                                     2.2707355216811914e-02        -6.1990900093578790e-03         5.3224473912909791e-02        -4.0257375259210521e-03        -5.5871099689440047e-03        -4.1420803815734278e-02         1.6796844600036498e-02         2.8166188903242115e-02
49                                     5.9207617369480122e-03         4.8384014657395602e-04         2.5024754544879835e-02        -1.0285366231867567e-02        -1.3455217006488093e-02         2.0994764106398289e-02        -5.5572437317449814e-03         5.4767208243050374e-03
50                                    -4.3339764147746198e-03         4.0492034524248460e-02         4.5926209152284091e-03        -2.0902541892337801e-02         8.2231589702417788e-03        -1.3168945784516755e-02         3.3924177124891029e-03         6.2301163789845867e-03
51                                     2.0249278326932556e-02        -2.0354664407327412e-03         6.8957997802202936e-02        -1.0920133474859019e-02        -3.5235883329281653e-03        -4.8986989223460994e-02         1.3767982702719830e-02        -3.2098488674086310e-03
52                                     1.0207317526920671e-02         9.1163104561282427e-04         4.7969545651042840e-02        -1.6490525563300943e-02        -1.3087295598164963e-02         1.2726769422934195e-02        -6.8680923888614605e-03        -8.6118113127899420e-03
53                                     2.6559249037378958e-03         8.3666637613649883e-03         1.1200995342189646e-02        -9.9760198408055771e-03         6.8592014467778574e-03        -1.3736706252700450e-02         2.2602614106755126e-03        -2.9026500424901303e-04
54                                    -5.6777715861271727e-03        -8.9349831338072952e-04        -4.5735192449953216e-03         2.2224602747740324e-03        -1.1048583483633783e-02        -1.6291993169841680e-02        -4.8239769376072616e-03         2.7484171135907988e-02
55                                     8.1216206758367021e-03         2.8988945409357441e-03        -1.2422599447541791e-02        -8.5454172232419395e-04        -3.4776004589954716e-02        -3.1693951244716231e-02        -9.9387284381210556e-02         5.7326393157761536e-02
56                                    -2.7462957795815330e-02        -3.5962132923089483e-03         1.1864425066283305e-02        -3.2660995531514610e-03        -8.8695287484534639e-03         1.1618270819730664e-02         8.7748924520907462e-02         4.9662503011562970e-02
57                                    -7.4044891551552664e-03        -1.7619763107127982e-04        -6.6278773726483331e-03         1.1876097324565852e-03        -8.1860788388625327e-03        -5.2053499858671307e-03         7.2475650152147731e-03        -1.9148525102688722e-02
58                                     3.4702445939890574e-02         7.5777096040025339e-03        -2.5988734403139365e-02        -1.8738658921954600e-03        -5.3469070223290734e-02        -1.2681211497000838e-02         8.8624837654944652e-02        -7.3273075755721827e-03
59                                    -3.3669914843129208e-02        -4.9562994114272325e-03         2.7142200952195748e-02        -6.7630356098383124e-03         9.2023308957643914e-03         3.3511268901319516e-02        -6.5201586425260444e-02         4.0358629706634251e-02
60                                    -1.5444826011792548e-02        -1.9096906694105304e-03        -1.0276409713307032e-02         4.7370472545645130e-03        -1.9818262394492969e-02        -4.1350518106589247e-02         6.3905842017616954e-03         6.0522997678072142e-02
61                                     1.9088884979156555e-02         5.3156593064023544e-03        -2.3302372983345681e-02        -7.8631441269444945e-04        -5.9268017922167335e-02        -4.8907167246747763e-02        -9.3600625445033586e-02         2.1977286012032242e-02
62                                    -2.1674690679937211e-02        -3.6544298642199168e-03         2.2598501194439506e-02        -5.4347643244002175e-03         1.5467200476232294e-02         4.7924294151376445e-02         7.3458751729184396e-02         4.1463261447030490e-02
63                                     3.7219768911849770e-02         6.9578879279758076e-03        -4.9982780582815460e-02        -9.8849094241187704e-03        -4.8814748168662943e-02         1.5199538595409265e-01        -2.1744171985213653e-02         1.5637743371554789e-02
64                                    -8.4216472124762284e-02        -4.6436541785949432e-03        -7.5161300047046284e-02         3.2121245244506463e-03        -1.1891896577725362e-01        -3.7507047593582449e-02         1.7066968885649778e-02        -1.8109849110477194e-02
65                                     6.3773543271215385e-02         4.3259847004167209e-03        -5.4320847053753556e-03         2.1215789627700612e-02         1.4378813623520137e-01         7.6407637174701008e-03        -8.7896487857834649e-03         4.8562988681536114e-02
66                                     9.5049430574393901e-03         2.0264602984800275e-03         3.9208143805720217e-03        -7.9410268699468024e-03         1.3616661337463682e-02         5.5157979810594657e-02        -1.6819699477312891e-02         2.1921699808733808e-02
67                                    -8.4217844874360417e-02        -7.0813500999377535e-03        -4.2864225927369083e-02        -1.0745312904329866e-02        -1.3868141328361727e-01        -3.2506577521453917e-02         1.1087520259770585e-02        -9.3330228945816024e-02
68                                     6.3848314584894136e-02         4.4654521224451703e-03        -4.9923533989437502e-04         1.5014306572232737e-02         1.2582160417779759e-01         7.8657908777946695e-03        -6.9753484843215240e-03         2.6409009375598740e-02
69                                    -1.2173708019453866e-02         8.7378242479016540e-03         1.4389477066404862e-04        -5.0612396120087472e-02        -2.0919771741924953e-01         1.6326126523724127e-01        -1.2119323238906698e-02        -1.5244950917817982e-02
70                                     3.0892432320789122e-02        -4.2156989402205365e-02         3.0913238843524276e-03         1.1950825995569619e-01         1.2553529760165730e-01        -7.7980543754063658e-02         1.0855275592971288e-02         6.3968795362814870e-02
71                                    -2.8173079292990507e-02         2.2914130682597001e-02        -1.1193595339225150e-02        -5.6973273393699536e-02        -7.0167768392326926e-02         1.3354661065066923e-02         3.0141702056980164e-03        -1.8224166930553915e-02
72                                     6.8299662687297771e-02         1.0664446201789928e-02         5.9101364776130098e-03        -6.2036668960642428e-03         4.8467303940049250e-02         1.0659834516870162e-01        -1.6842738920992743e-02         5.8761685684832601e-02
73                                    -2.8135896215230414e-02         2.0687403474427345e-02        -1.6709707373991991e-02        -5.1837826388916847e-02        -4.4931518074211668e-02        -2.5989582333574554e-02         1.3966893920869923e-02         1.0200364023728944e-02
74                                    -5.0379210879039939e-02         3.3154059448021952e-02        -1.8835800917524327e-02        -9.2630824327051636e-02        -1.4271688523082751e-01         3.6739303605795560e-02         3.3833837166555442e-03        -4.0954849857991617e-02
75                                     1.8923180939329164e-02         8.4800482611487107e-03         5.3076957375174483e-02         5.9327428268676112e-03         5.9934909546791064e-03        -7.4244698207997645e-02         2.5383471905964787e-02         6.8638186148720411e-03
76                                     3.6216145037350658e-03         1.2288854193823872e-03         6.2666785108624152e-03         7.0242861123633981e-04         3.6817453107419731e-03        -5.1938092266256269e-03         3.6862905055501339e-03         1.2728294021683809e-02
77                                     1.9625153399061932e-02        -8.2739943022890769e-02         5.4214921544404561e-03        -6.9904741321911282e-02         3.2758181314575502e-02        -3.7726556584234135e-02         5.9514291257642205e-03         8.3163217030951583e-03
78                                    -1.1273621407310584e-02        -1.6252895028634020e-03        -1.6243486511090094e-03         7.7610339334574182e-04        -2.4714975338833312e-02        -1.5137953858046546e-02         4.7716631724630476e-02         8.3923205053565833e-02
79                                     2.9533667322914535e-02         3.9378955249002147e-03         1.5309680168706888e-03        -2.7417005505648642e-03         3.7172999086702262e-02         8.9726506916660953e-02         2.4472715538743123e-01        -9.3045888588888973e-02
80                                    -3.3005409928142035e-02        -3.0623966627551067e-03         1.0156121161921420e-03        -7.0916740662768554e-04        -2.2207899147364901e-02        -5.1281331502202356e-02        -2.0369374651817293e-01        -6.2738766719233993e-02
81                                    -8.7216890506254210e-02        -9.0149147580920533e-03        -4.0777605689600475e-02        -2.5039693605933270e-04        -5.4341282993123650e-02        -7.9865181413269995e-02         9.2124821594478934e-03        -6.2629422112215463e-02
82                                    -1.7292979959952763e-02        -6.3470917092127012e-05        -8.0752048047853422e-02         2.0866733924897969e-02        -7.9700851226717096e-03        -2.4800057666933216e-03         3.8523044422452547e-03         8.9709834243379295e-03
83                                    -8.3773262282218333e-02        -1.4129448279718470e-02        -3.9291018714317200e-02         3.1075885878564927e-02        -5.8143650697628588e-03        -5.5450276593764433e-02         2.6856767083116772e-03        -4.5552810756793655e-02
84                                    -1.8836969489725134e-02        -3.0308686523840469e-03        -3.3315077995450574e-03         6.1697744446260593e-03         3.2839880857084398e-02        -6.2169104935311890e-03        -1.5643008841912904e-02        -9.4112136451215314e-02
85                                    -6.7250775874910601e-02        -1.1765471109405764e-02         5.4577120499164210e-02        -6.1033623268686912e-03         8.5632356292305381e-02         9.8355025203423707e-02        -4.5711046557206883e-02        -8.8574561338167056e-03
86                                     4.1101649624817251e-02         8.8693465561639293e-03        -3.6638235781089712e-02         1.1316958441942499e-03        -6.2412194131247704e-02        -5.4643364450622837e-02         1.5814214165271470e-02        -1.0557099023709579e-01
87                                     2.4287633398585976e-02        -1.6736171738202597e-02         5.4925644539616021e-02         6.3729401864765266e-03        -8.0932387179329639e-03        -3.9753602153822287e-02         1.6410962112967432e-02         2.7521827461087008e-02
88                                    -4.6102491610752463e-03        -1.0015059738698331e-03        -2.0503418520675127e-02         3.5418828168339250e-04        -1.3964644269909310e-02         5.3254222281593988e-02        -1.2119723624475418e-02         3.2876091487608554e-02
89                                    -2.0754661116866080e-02         1.3394321831096304e-01        -1.4913519976570483e-02        -1.1272684998739413e-01         3.1877800791742225e-02        -2.9574039245429506e-02         6.9067737082547454e-03         1.4687050899825610e-02
90                                    -2.5808459881363247e-04         1.1000867489484162e-03        -6.2543744261913149e-03         2.2603136841838656e-04         4.1703427951950579e-03         1.5668839361796798e-02         1.3802166538181426e-02        -1.0408041572621184e-01
91                                     4.2531463706848092e-02         9.7517706637480720e-03        -3.7790217993927094e-02        -3.7404905691565551e-04        -6.8080145543889928e-02        -3.8084719769614678e-03         2.9657026939302833e-01         1.0390876482083476e-02
92                                    -4.6129836198896351e-02        -7.6472507901623960e-03         3.3772191224219351e-02        -6.5233117180299397e-03         5.1818635163707839e-03         5.5348977970643351e-03        -1.9755718703542013e-01         1.1878285721481473e-01
93                                    -3.9270030059886482e-02         1.9490963586111298e-02        -9.0707951918745963e-02        -8.8587566421283945e-02         4.1818945503214300e-02        -4.8383821400025645e-02         9.1909039262052950e-03         1.0481216877294083e-03
94                                    -5.5848113668524935e-02         5.8232425343813232e-03        -1.0432284085762474e-01         1.4007649681394637e-03         2.8440626357507801e-02        -1.9982226097805089e-02         1.9532789166541750e-03        -4.9961285440838943e-02
95                                     4.4608715703885436e-02        -1.5712243578506849e-01         1.8541906868114430e-01         8.0218439109009398e-01        -1.3415372420013441e-01         7.0511704481199755e-02        -5.2147153730973186e-03        -1.1413543743395626e-02
96                                    -1.5827976750543926e-02        -1.0024994061764506e-01        -4.8840017583508068e-02        -4.1695931091743764e-02        -3.6684626221819408e-02         9.7395895268137564e-02        -2.1750904687144086e-02         8.9647962457390807e-03
97                                     1.5178750355552818e-02        -1.0962672922522454e-02         5.9939004896974159e-02        -2.2640037628196049e-02        -1.5938235743137408e-02         8.7537101396339499e-03        -5.6871324285997235e-03        -7.3025115504267591e-03
98                                    -9.8812015075935886e-02         8.8209076294836108e-01         7.7611034081977906e-02         2.2484463820666015e-01        -1.4654229802031288e-02         2.1733420127621524e-02        -4.4627132915036017e-03        -9.0058856874607240e-06
99                                     7.2705795093022135e-02         7.1042107422192181e-03        -1.6737126661203083e-02         9.1693138332555480e-03         5.8810031718121977e-02        -7.8088707819343600e-03        -1.7142881871579255e-02        -1.3397276142580805e-01
100                                    4.2532412471454611e-01         5.5944836150372663e-02        -9.5081780123950591e-02        -9.2302499489205596e-03        -1.1646324222442786e-01        -5.2382584443584929e-02         1.4928372731673001e-03         8.0589836289907180e-02
101                                   -3.4761362191974404e-01        -4.3475996330641892e-02         7.5758060791171894e-02        -1.2701305775105482e-03         1.9273312575632955e-02         2.7308261585289519e-02         2.1572377627802626e-02         1.0751683996346333e-01
102                                    6.1495963498679786e-03         7.9800213488861777e-04        -1.1198526457688960e-02         7.4383490409746331e-04        -4.8409593719268125e-02        -4.4307559142723413e-02         2.7369711608542981e-02         1.2644200691395074e-01
103                                    3.5484731114110590e-01         3.7883175634997823e-02        -6.7519293554309009e-02         2.0181496005928787e-03        -3.6519066318702561e-03        -1.4520237167215877e-02        -3.1002062630635943e-02        -7.0625321948092096e-02
104                                   -2.2020039686019033e-01        -2.5152080008436078e-02         3.9524865510536439e-02         7.6942217529197138e-03         7.2928426988894818e-02         2.4454628109590412e-02        -1.7612603555196380e-03        -7.6846347435749696e-02
                                                        32                          33                          34                          35                          36                          37                          38                          39

0                                     -4.3811470854801561e-02        -4.8093497136036278e-02        -2.2267140170698013e-02         1.0421109246767328e-02        -4.6031775226784241e-02         1.9653616462965017e-03         2.0922016151052481e-02         3.5812074556155695e-03
1                                      1.0033162561484799e-01        -1.3675961940384279e-02        -4.1818657930231685e-02         7.8989051500916452e-02         4.5010556029024811e-02        -6.8146423847874806e-03         5.7831515322644335e-02         9.8257201601157050e-03
2                                     -1.3107889501960280e-02        -1.6068885780405272e-03        -3.4983902654726756e-03        -1.5064016866548523e-02        -4.5616674748949057e-03         4.0754793743745701e-02        -5.4458613186964813e-03         1.2594203344539015e-02
3                                     -2.5487612171016995e-03        -7.2650565169239845e-02         3.0050088840500751e-02        -2.9847046808567784e-02         8.4692879618245755e-03         4.1888680141388464e-03        -1.4190385729409989e-02        -2.9912944237739047e-03
4                                     -2.3093182616793710e-02        -2.3108020937356342e-02         3.7988730096560827e-02        -4.4005148641412722e-02         6.5936193989488993e-03         4.4474241456481543e-03        -3.1097343355062736e-02        -4.2218739839452344e-03
5                                      5.1985230690961811e-03         8.3291170411274214e-03         1.4419363650600460e-03         6.5841811323943565e-03         1.2991617338926544e-03         2.0855094594275404e-03        -1.7267850143331367e-03         1.3829752457151861e-03
6                                      1.1847837876925213e-02         2.3358491078744360e-02        -4.1017157574626935e-02         4.4429449663234449e-02         3.7836130869453255e-02         8.6755860125244007e-03        -2.8358442556412983e-02        -7.2064265636762742e-03
7                                      8.6004862768733731e-02        -1.1053113350258484e-02         2.2676329729570396e-02        -9.2959513863529256e-02        -6.9255800915090246e-02         2.6450908876211854e-03         1.0040148889768412e-02         1.7691870102731723e-03
8                                      9.4101227110398255e-04         2.7637928714105598e-03        -6.8646124047894354e-03         2.4557221079710288e-03         3.8268044332701321e-03        -2.9507474965803228e-02        -8.0361575883826572e-03         2.6844643440445397e-02
9                                     -3.0605662341594116e-02        -4.9354631477766947e-02         4.5671108384867001e-02         3.9231628307494961e-03         3.1932220008899795e-02        -1.7174106739775638e-03        -5.1114174798938695e-03         3.3311735352610215e-03
10                                     5.5117002053512460e-03        -6.4600809934270462e-02         1.6543019651637923e-02         2.8635945589934417e-02         6.2388653647134092e-02         6.9101944768670751e-03        -4.2460379984826442e-02        -3.7746707277883647e-03
11                                     2.2509378952703429e-04        -8.0057318046038804e-03         6.1629008673837020e-03         1.4688179852562066e-03         7.6188603767244640e-03        -1.1960795517987864e-02         1.2115415049445046e-03        -3.7097173286094742e-02
12                                    -1.1646825920761741e-02         2.9629107201660041e-02         3.5099002175138172e-02        -6.4433810277296569e-03         1.8064706147867298e-02        -2.6883810282813753e-04         1.5526897858539911e-02         1.9097253455061945e-03
13                                     9.4564760854213923e-03        -1.6431255839685549e-02         1.6982599399646598e-02         4.4586474025835057e-02        -5.6234955396164882e-02        -5.0741265340871278e-03         1.7248353473717571e-03        -1.5985726142256653e-03
14                                     1.8429292547712122e-02        -6.0230392147996442e-03         4.1058289895079134e-02         5.8714420103867557e-02        -5.2416928159710635e-02        -2.3163492713243450e-03        -3.2582445310643686e-02        -2.4821570946258194e-03
15                                     1.6343019164591053e-02         1.0751607368439829e-02         6.8365829511826348e-02         3.5624249266757071e-02         1.3515606811331970e-02         1.9948518742790525e-03         3.0812333751338641e-02         5.9983256038418859e-03
16                                     7.0219381888814397e-04         8.1410790292474212e-03         7.1859407869174462e-03         1.1769324979702817e-02        -2.0652011103709195e-02        -9.0596171890232986e-04        -2.7889337554661803e-02        -3.2054846796413764e-03
17                                    -4.1128376460905962e-03         3.0944091405213209e-03         1.1647303379224731e-02         2.1863314645704793e-02        -3.9307808735019607e-02        -3.9865545442895455e-03        -1.3087646310080693e-02        -3.0910014155406552e-03
18                                     3.6889692530928782e-02        -3.5452910265075465e-03         8.0386791763029791e-03         1.4249662441269772e-02         1.8091451681445853e-02         7.6457444559481398e-03        -1.8411786909455750e-03         4.5977831183405876e-03
19                                    -4.0304546158639688e-02        -3.2770345773909866e-02         3.6276803627417246e-02        -3.8749881017683910e-02        -2.6880010795604097e-03        -2.4852980374039341e-04        -2.5131410802021623e-02        -5.3251842775403728e-03
20                                    -2.4872367306815369e-03        -3.5594147752467498e-02        -2.0105931785694590e-02        -1.6284498580850796e-02        -7.0546171525303391e-03        -4.6667212829054573e-03         2.6137668914402175e-02        -1.4369604966678819e-03
21                                     4.0072349798317836e-03        -4.3287587565164425e-02        -7.9024057343357948e-02         7.9484293888461236e-03        -4.2675941883346481e-02         4.2002624224776730e-04        -1.4913440594963726e-02        -7.6956811306292359e-04
22                                     2.3506713538555289e-02        -2.6580862715824650e-02         6.1531034299804185e-03         3.9084281060088225e-02         3.9914254504261910e-03         6.6174844103680250e-03         5.1685214726569929e-02         1.0536902052526675e-02
23                                     2.5723029746459750e-02         2.2127696845059123e-03         1.3631786320027602e-02         3.0702152654306585e-02         1.8913906179921443e-02         8.6764366000988379e-03         4.0381044915174601e-02         5.6152948405391321e-03
24                                     2.9003578820357430e-02         5.6599660668419580e-02         8.7112746137661973e-03         2.5954834148159397e-02         9.2896936438207501e-03         1.1638386911594350e-03         3.1683711764134509e-02         6.2689002888029173e-03
25                                    -7.0604107375980191e-02         7.3455270381713456e-02        -2.5508869116544229e-02        -2.9315136242164658e-02        -3.0841390443393318e-02        -4.6316647902578841e-03        -3.3113429650639015e-02        -7.1129010648249263e-03
26                                    -3.3558889358707286e-03         7.9347272507925507e-03        -4.9909149146449960e-03         2.7776435104690276e-04        -1.7275515801878063e-03        -5.6707491343854853e-04        -2.4325175972859754e-03         2.3221596267631772e-03
27                                    -6.0984686093584838e-02         3.8855208591760691e-02         1.2682610633855109e-02         7.6705381098966059e-03        -9.1129134259337781e-03        -1.0408961630948651e-02         3.1418282695263249e-02        -1.6115626149805192e-04
28                                    -9.4021240365816505e-03         9.0823311605995688e-02        -3.8058796812727128e-02        -7.7709669261597902e-04        -1.6612632727625185e-02        -1.2479271318186751e-03        -1.2836939016584973e-02        -3.4030331454551086e-03
29                                    -4.9406230260059178e-03         5.1164934748753558e-03         6.0454639323674324e-03         1.2213797039376758e-03        -3.5059089957917141e-03         2.4023886510328896e-03        -3.2124190371728887e-03         2.6009175863474444e-02
30                                    -4.5535651365920415e-02        -3.5485001027324770e-02        -1.5788453990478180e-02         1.7017142604162559e-02        -2.3907007201875424e-02         2.5570237528195885e-02         1.1550433893288152e-02         7.2186006380392485e-03
31                                     1.1487268425251768e-02         5.6153910853057716e-02        -6.7875123702302656e-02         3.8694360184407715e-02         8.7130526542390247e-03         1.2754647970894881e-02        -2.5912071393309408e-02        -1.3941044069234925e-03
32                                     1.4489834010354908e-02        -1.3440625775051349e-02        -2.2960576825968434e-03         4.4180819499765106e-03         2.0796753891355945e-02        -1.7565156520877612e-01        -1.0579332417690972e-02        -2.9515852838314760e-02
33                                    -1.2221823436766871e-02        -1.4238273917291272e-02        -6.9006168790706215e-02        -2.1842714977791843e-02        -3.7807521392506316e-02        -4.4885175219674294e-03        -2.5743629166980687e-02        -6.3910301140704768e-03
34                                    -1.3480817882272423e-02         1.1335494587044774e-02         7.9565874972755031e-03        -7.1945220322796374e-03        -3.0234145323485798e-02        -1.2521530634589438e-02         1.1387881896441249e-01         3.5978351772172766e-03
35                                    -1.2149654131817695e-02         4.1984474196151568e-02         5.1248234897460034e-02        -1.4105190030454252e-02         5.5515793615965182e-02         7.5220101987282396e-03        -6.1368350688984108e-02         5.0380099870658867e-04
36                                    -5.8780182849302580e-02         5.6833587823921547e-02         1.3190403922550907e-02         1.7257810112529321e-02         4.4464170830305540e-03        -3.7132427365699709e-02         3.9887414287447812e-02         8.2273123542532765e-03
37                                     2.9672710361638693e-02         1.1494562110982083e-02         3.7199577837297215e-02        -6.4262953736961351e-02        -4.8013424709742583e-02        -1.1590283702313683e-02         3.4326509299483304e-02         3.5339842944169856e-03
38                                    -2.5089494727221690e-03         6.9279324130167705e-03         1.2109365634888632e-02         5.8732136439257621e-03        -5.7561357158085347e-03         1.6073580820450178e-01         2.6189726624877591e-02        -6.3774042100134709e-02
39                                     6.7914848732294517e-02        -8.3700661598810934e-03        -6.4493668522773648e-03        -2.0597484097690914e-02         1.7906747159906515e-04         5.7095468355721221e-03        -2.4554156613895043e-02         4.3468927847610103e-03
40                                    -6.2165832300212678e-02         2.4916688583427382e-02        -5.9203948016751780e-02         6.8599921636645203e-02         1.7141471718675052e-02         6.3055819334586960e-03        -1.6698785044252439e-02        -7.7441730145149778e-04
41                                    -2.7568335178229886e-04         1.2891804260980904e-03        -8.0300276127519634e-04        -1.7784002434386857e-03        -2.2405199981413004e-03         1.3421674543881891e-02         1.6983742372190113e-03        -5.0720798506981593e-02
42                                    -1.0540551541697373e-02        -1.7292341445110401e-03        -5.4005957561339059e-02        -6.8319294953200396e-02         6.8787101847384069e-02         4.7343315591846140e-03         1.7181918694461416e-02         2.4876967630457305e-03
43                                     1.7028740386846796e-03         3.3778276866074333e-02         4.1757448380553543e-02        -8.0992647745852971e-03         3.7889307566252535e-02         3.0900588268292684e-03        -6.4660728612504596e-03         1.9856700568884784e-03
44                                    -1.7366520375221225e-02         1.7080979673033795e-02         1.8917150184033935e-02        -2.2560481042832873e-02         2.3379008896448693e-02        -3.1134484966643694e-03         3.8345574500140422e-02         3.6219706022042344e-03
45                                    -3.8843956549765839e-03         1.2481091866071055e-02         5.9723513928034780e-03         2.3952209180454515e-02        -7.0345108299679479e-02        -7.2638417334650622e-03        -6.5480957999425937e-02        -1.0846435219074739e-02
46                                     4.1363104737109540e-03         4.0147294127476189e-02         9.7646485682372809e-03        -4.1552327682954367e-02         6.7928001575681421e-02         5.5285623525385434e-03        -1.9842586346650364e-02         1.2506857516048956e-03
47                                    -3.6990039788315485e-02         6.2573633584046785e-03        -3.2010871458700227e-02        -5.2126990331591509e-02         1.8139716437651717e-02        -4.4888542337838087e-03         3.3641647405873332e-02         8.8884031805198504e-04
48                                     3.8155313232766004e-02         7.3554437800443864e-02         2.5686984311362984e-02        -5.2157609943523808e-02        -2.6843927974538641e-02        -1.2742778068075989e-02         2.7225832930525704e-02         3.6579224963471085e-03
49                                    -4.2635064260272970e-02        -1.4806438955600049e-02         3.4553812932087299e-02        -2.9771804554166066e-03        -5.5977886574457396e-03        -1.0938100285433379e-02         3.8329199748058859e-02         3.9550957962936365e-03
50                                     2.3284264636558973e-03         9.7521983905714781e-03         4.4055190764406290e-04        -7.1439480271538024e-03        -1.5080228529642903e-03        -2.1670777235683739e-02         4.7798824506656229e-03        -4.0676646890602360e-02
51                                     6.8790335443501202e-02        -1.0033353524344112e-02         8.6654624369913724e-03        -2.7199778983398537e-02         1.3975379724987034e-02         4.9403883227527815e-03        -3.3640775184096014e-02        -2.8967163340787010e-02
52                                    -5.2510360203268241e-02        -6.4432792803965910e-02         2.4584942588741880e-02         3.6700400956131196e-02         3.9862086832797419e-02        -1.6545321503564942e-03        -9.1306282869809015e-04        -3.4608982376022742e-03
53                                    -1.1398686801973930e-04        -7.1359739332643412e-05        -5.9702294378479446e-04        -4.5408793072548902e-03        -7.0937601752880742e-03         2.1273057126611459e-02        -2.1820691111306519e-02         2.2035851211397142e-01
54                                    -2.0112648469420031e-03        -2.8201371239426087e-03        -3.6047808744625445e-02        -4.9977383899910584e-02         6.5850753967569078e-02         5.8789464672867331e-03         1.8881097316731051e-02         3.4870942970894195e-03
55                                     1.9832822028219597e-02         2.2811680033631961e-03         2.2533121888596210e-02         2.1456998644977097e-02         8.5318207836317089e-03         6.3504601146855497e-03        -6.8553821787894903e-02        -1.7509139078073041e-03
56                                     6.3081381302991617e-03        -2.5282230880912009e-02        -6.6594635820501867e-03         2.4336346319522684e-02        -4.1216058878742960e-02        -5.8853345722300809e-03         4.1399634491236563e-02         4.4291323751675829e-04
57                                    -1.8608673667872863e-03        -8.3392499216705380e-04        -6.3660940715075508e-03         2.3186868203705937e-02        -7.1009761554505293e-02        -6.9418234242849741e-03        -6.0277103239997028e-02        -1.0964198330595268e-02
58                                    -1.4701783246207115e-02        -3.1688499522975797e-02        -6.4113352791460548e-02        -2.7238901122723223e-02        -4.2702679166825019e-03        -1.2258632640546135e-03         2.0625847803322921e-02        -7.1639799192914843e-04
59                                     7.9355986394214935e-03        -1.0221099716614579e-02        -6.1017488431153503e-02        -3.6250954702675003e-02         2.3312748972448494e-02         3.9043985618065712e-03        -3.2563473979987705e-02        -3.5849912113234575e-03
60                                     1.2412566016271618e-02        -1.8383801396638223e-03         2.6742873355629273e-02         1.3842303280729103e-02         1.4677832537079525e-02         1.7004984932989164e-03         2.3731470136084960e-02         3.6345058742494750e-03
61                                    -3.1313488357117454e-03        -2.4480991317693816e-02        -4.7575093866584262e-02        -1.5307789783174715e-02        -1.1791526040147389e-02        -3.8345768350997078e-03         3.3567060539810664e-02        -2.4459882663105333e-04
62                                     8.2895526981078896e-03        -1.5813241108658740e-02        -3.9734827360662965e-02        -1.7441496225532614e-02         2.1998325125411538e-02         6.2857392008651416e-03        -3.0620350214375643e-02        -1.1875555933156528e-03
63                                     7.2950570684573168e-02         1.0723606344816228e-02         4.0644836850124925e-02         3.9403882890248862e-02         4.6368248101210506e-02         1.7209562999846759e-02         1.7137150688118555e-02         8.7618710777842349e-03
64                                    -6.6715979039881551e-02        -4.1925538692242519e-02         4.5014808244619384e-02        -7.3829886683961427e-02        -1.3854147219512362e-02         1.8921539210760691e-03        -9.0138049330695497e-02        -1.0730002704052076e-02
65                                     9.0741698581366190e-03        -3.1979809678407356e-02        -1.4161981775459402e-02        -5.6386685026967804e-03         8.9607352215333213e-04        -3.3659699340205136e-03         4.1293293140749608e-02         2.9645062085751538e-04
66                                     2.7085743852910273e-02        -8.2764644763255679e-02        -1.5437554732107464e-01         1.3536800216901514e-02        -6.8445033966492333e-02         3.3919067082461142e-03         1.9881364104476284e-02         7.7229599373263350e-04
67                                     3.8541182805198179e-02        -3.2241951328565708e-03         1.5577160484003779e-02         5.9245212274873275e-02         2.0749810130127049e-02         3.2015524413309120e-02         2.7478679584005967e-02         2.0903306115807464e-02
68                                     2.8300026911957619e-02        -9.7935006165040476e-03        -4.2869636083790359e-03         2.8507956900485375e-02         1.1664499933252264e-02         5.2472601939348986e-03         5.2374256632415052e-02         4.4455499504206068e-03
69                                     6.9439232842128204e-02         1.6090461692065808e-01         2.5905082717211748e-02         8.5253397923126431e-02         3.6128604081636713e-02         1.6617634207749178e-02         1.8756474004830818e-02         1.3510917286858458e-02
70                                    -9.6597141915302401e-02         3.1871980495916989e-02        -5.9167295760520690e-02        -6.0912935458530416e-02        -6.2595968145633660e-02        -1.7638081253531321e-02        -2.7473572151010345e-02         3.7235038347432858e-02
71                                     1.3241007587069040e-02         3.6495212079947686e-02         1.3034241009821854e-02         2.0907102919799105e-02         1.6258261059779146e-02         6.3265675902858826e-03        -6.1553368438424065e-03        -1.8218323449352251e-02
72                                     4.4139904579552532e-02         6.7134996487299384e-02        -6.2189258847542214e-02         2.9977671636258606e-02        -9.0832997018764836e-03         2.1885449523746151e-03         4.0738832342663379e-02         3.3242236789343903e-03
73                                    -2.5633579937135220e-02         1.3079931116261706e-01        -2.2725774855741593e-02         1.2660602498854822e-02        -4.7618937605866775e-03         1.1170375615524432e-02        -3.7415978455642346e-02        -3.8309004423250338e-02
74                                     3.5442234114578954e-02         6.1006366346333711e-02         3.6060705092381774e-02         4.1910762246137968e-02         3.5882053698233642e-02         1.3326156955192677e-02        -1.1839484376433413e-02        -2.8190627429957753e-02
75                                     1.3377357223490663e-01         8.1720089887088398e-02        -5.0856906427620328e-02        -4.1364316515508162e-02        -1.1029065143974592e-02        -2.2634486041153905e-02        -6.3011377955884046e-02         3.5768764613757872e-02
76                                    -2.4194479197000438e-02         7.7428842935740261e-02        -8.4317402070534037e-02         5.7001658134519621e-02         1.1403449867520744e-02         7.7987077076602396e-03        -3.7182344955039311e-02        -6.7440330355993399e-04
77                                    -4.7573393172684877e-03         2.5091394655360685e-02        -4.6397074927077260e-03        -5.5198512733856103e-03        -1.9921974265105797e-02         2.9890162754325089e-01         4.3489349624044278e-02        -3.3895304529615633e-01
78                                     5.0351583145104252e-03        -2.1512922123426616e-02        -5.0911605347846341e-02        -5.1985799057068634e-02         7.7057108820584044e-02         7.9384066829727446e-03         2.1703021693925992e-02         4.5969357161542539e-03
79                                    -1.0357004831090148e-02         4.4553126220855679e-02         4.6876460245633966e-02        -1.6172166537486602e-02         5.2083402304346112e-02         3.3802518813984580e-03        -5.8315602514946246e-02        -2.6149622476854894e-04
80                                    -2.7083950104581023e-02         3.0909778632270429e-02         1.2667382308690557e-02        -3.3482212315836139e-02         2.1501044165155268e-03        -7.0546611686796799e-03         6.6435914180168504e-02         2.6826426942684637e-03
81                                    -1.4570033122627475e-02        -6.0813509214536599e-02         3.2522677150645114e-02        -1.3612246907811983e-02         2.0417191052305036e-03         1.8277999196378212e-03        -1.9117998363422480e-02        -2.1725892580132557e-03
82                                    -2.7564079979991506e-02        -4.1583433532011757e-02         4.4402333383695272e-02        -3.9787436575766291e-02         4.7023889189293754e-03         4.1738691842048729e-03        -3.4877297081497616e-02        -4.8666032488259786e-03
83                                     5.6940197077247207e-03        -3.0816862609724705e-02         9.6035767201921324e-03         4.4173546662829724e-03         1.9434193981353483e-03         2.8954141123939238e-03        -4.0900713096602504e-03        -1.5597566845871501e-04
84                                    -9.1948096677885050e-03         5.9431834963959339e-02         1.0144060679171311e-01         4.4263041825222879e-02        -5.7505349198757792e-02        -8.9272046542425692e-03        -6.6945886384456615e-02        -8.8307081751410957e-03
85                                     1.9734336623492915e-02         6.7558194875685720e-02         5.4337641809549461e-02        -3.9583302562045022e-02         1.3590984170268688e-01         2.2087179942176124e-02        -1.6889837583796360e-01        -1.0972079728365815e-03
86                                    -5.1590765079155963e-02         3.3573076093125508e-03        -2.9951698008412807e-02        -4.6688437046791931e-02        -2.9348745536810692e-02        -1.8134239364580720e-02         1.5055237821251696e-01         3.5012486651780283e-03
87                                     3.5550536557005005e-02         7.4155285120351827e-02         2.6641478254659630e-02        -4.9821087713061658e-02        -2.8138757814931730e-02         2.0273104169195828e-02         2.7660339249114242e-02         3.6434991690804414e-02
88                                    -1.4854413784279258e-01         4.4792932403482234e-02         3.2757272912073677e-02         4.1107096210962119e-02        -1.3093421127952606e-02        -2.7144813373098743e-02         1.0852026007313290e-01         1.4141856741660066e-02
89                                     6.2284898499725154e-03         6.9106461270895371e-03        -9.5907378169046553e-03        -9.7923328175064921e-03         2.4138370436961088e-02        -3.1633520411240812e-01         3.2518768705567880e-03        -3.3042017323408646e-01
90                                    -2.1885975092542011e-02         2.0285988791521430e-02        -7.1699941217254872e-03         6.9236854779227835e-03        -8.4689752147079189e-02        -1.0911113852749840e-02        -9.3968391371561530e-02        -1.6035441648048373e-02
91                                    -1.3009441094430394e-02        -5.0500020510772327e-02        -5.7140577139588061e-02        -1.5381891235419987e-02         2.4608499319274269e-02         9.9992865533372749e-03        -4.0131899324504061e-02         8.2082774816815514e-04
92                                     2.7952104817845075e-02        -2.0410647746168426e-02        -6.3139422063021630e-02        -2.6482112321244540e-02         2.1242493401160939e-02         1.3244269497469925e-03         4.0146684527193978e-02         9.0742945077200660e-04
93                                    -1.8849056554199059e-03         2.7297120518838227e-02        -3.4686530494932331e-02         4.3415868055372710e-02         3.4419132450537820e-02         1.4121911690370612e-02        -1.8717958353252098e-02         1.8110854664325346e-03
94                                     1.7177389723444444e-01        -3.5003446274398616e-02        -4.3751175045276959e-02        -7.4673865710960657e-02        -4.1897706286754342e-02         2.7105039281321942e-02        -7.6521905475167379e-02         3.2178259220264982e-04
95                                     1.5281473808241512e-02        -4.4865721669584075e-03         6.5998463886915112e-04         6.7788924248829846e-03         1.4225921184133431e-02        -8.8056219734966842e-02        -5.6168225282646530e-03        -3.6192607981157976e-02
96                                    -1.1611893311265968e-01        -6.7213282345701716e-02         7.7806839330340466e-02         1.9124360989757117e-02         2.6739805312436155e-02        -2.8122585573257239e-02         4.4365874842918498e-02         7.7115459045460719e-03
97                                    -5.8693333710350806e-02        -7.9263622305115050e-02         4.1951210444069346e-02         4.0214348619471138e-02         5.9251568766165337e-02        -4.4697089897044974e-03        -5.5007138891280845e-03        -1.2287010824979868e-03
98                                    -1.8471537334145041e-02        -7.2277107072871247e-03         1.5417053513716580e-02         5.4389350656467187e-03         1.0883498145054250e-04         9.2700408550518379e-02         1.8178043497486317e-02        -4.4993360511732014e-02
99                                    -1.4453644982135078e-02         5.3922841567937245e-02         1.0009909189839726e-01         3.7752655896934439e-02        -2.3441867537021099e-02        -4.7227384004452418e-03         4.5183264097915675e-03         7.8809950714151596e-04
100                                    9.2905195097520883e-03        -3.3739830751358821e-02        -3.3899975684935364e-02         9.1512421549985040e-03        -1.7568012881901764e-02         2.7065524542999020e-04         4.3966478921803092e-04        -8.0499751589265282e-04
101                                    2.3376950701544687e-02        -3.2078660409809161e-02        -2.2834461639101789e-02         1.7832863634497802e-02        -1.7926438890346705e-02         8.1298573020495478e-04        -1.7287014963776520e-02        -1.4732941832956840e-03
102                                    1.8074788925040854e-02        -1.9050757281749080e-02        -1.3737453831137095e-02        -2.4484771269691161e-02         7.6730507283589836e-02         9.0220692748102915e-03         5.2486665823362304e-02         9.0652124177576249e-03
103                                   -3.0187596274062508e-03         2.1539429882289039e-02         4.6564407679217663e-02         4.0820750834585300e-02        -4.9881363759924295e-02        -3.4699934716928269e-03        -4.2789328321842644e-02        -4.3891162208736390e-03
104                                   -2.7952678008085355e-03         1.8252786742294722e-02         5.2721048844772703e-02         5.1138355574648818e-02        -6.9342555937192130e-02        -7.7689046685196685e-03        -1.9194143325663410e-02        -4.4790245866544202e-03
                                                        40                          41                          42                          43                          44                          45                          46                          47

0                                     -5.5156810780169374e-02        -1.1778836474511356e-01         1.2899024065226049e-02        -2.1124144219693816e-02        -3.0626052400657400e-02         4.6352865228666221e-03         6.9061450762428972e-03         1.4977815270736409e-02
1                                     -6.8398845534715869e-02         4.7087914272176332e-02        -9.6086894391731181e-03        -5.5685719986321228e-03         1.9581577951781906e-02        -2.3357229815278749e-04         2.7873262655015455e-04         9.4652015559995167e-03
2                                      3.3711626108798641e-03        -3.5733798074184860e-03        -1.8092582418876957e-02         1.9167802292725542e-03         9.0900282679908673e-03        -1.1279291153541184e-02        -1.8127492469069591e-02        -3.4173942701846648e-03
3                                      1.9661789071683585e-02         2.3554237223507228e-03         3.1619738584956949e-03         3.0490383504307916e-03         5.7778488000698354e-03        -6.7858829021954505e-04        -1.7234615992666638e-03        -5.6040407353286333e-03
4                                      4.5531663691638552e-02        -5.8738816147718099e-03        -1.6280700973865650e-04         5.9070569928548261e-03        -1.7203108621937765e-04        -5.0304622237667201e-06        -5.6833847517587406e-04        -4.5359463551776754e-03
5                                      1.7190326651449720e-03        -4.6617986874240838e-03        -3.5963838134694466e-03         5.2552516526589723e-05        -4.8940281164589388e-03         1.0007098189488882e-04         7.3077799693281611e-05         1.1765764188691773e-03
6                                      3.8058036113845603e-02         1.0671331774240638e-02         2.3638224496093595e-03         5.3936650289299346e-03         2.6658142492114942e-03        -3.2652970374389642e-03        -3.5547831079743000e-04        -2.2952636118530670e-03
7                                     -2.5168257586304039e-02        -4.4344943286282613e-02         1.3991019046257632e-03        -7.1943306408481043e-03        -9.1668401910189289e-03         3.9928117150737441e-04         1.0902453237939124e-03         3.7696959485976770e-03
8                                      4.0891198967219003e-03        -1.4518982240977786e-03        -2.1043372564475020e-02         2.6889987731315780e-03        -7.1243855756747279e-04         2.1396155458514365e-02        -6.1942519041718435e-04         4.9212180335338825e-04
9                                      1.7660963064603283e-02         4.2875081408350758e-02        -5.7267146791302216e-03         6.9538099136653613e-03        -3.6988617467103610e-03        -1.4388983070122640e-03         3.2766395891166396e-03         1.7684766708170670e-03
10                                     6.0595146154386714e-02         2.3772551905943989e-02        -5.9620945213631205e-03         1.0099771485770268e-02        -9.0476613049393466e-03         8.1298472898240904e-05         9.8115674311032540e-04         1.3611239992471905e-03
11                                     2.4772719982065982e-03         2.6956747080300312e-03         8.0026800581457971e-03        -2.5327939306794929e-05        -7.5925156633771258e-04         1.2689740449136634e-02        -2.4002977700654987e-02        -1.1354816673035072e-03
12                                     7.9448032325533033e-03        -7.5044417948754456e-03        -2.6123602182058969e-04        -3.8363137996849536e-04        -1.9062154324992416e-02         1.0368399418180304e-03         1.3139616615585339e-03        -8.9478461063742694e-03
13                                     2.4905693550335336e-02        -6.1122659246619065e-03        -3.1776636873533941e-03        -9.1125158552013332e-03         4.9879384348135221e-02        -2.1056061723462110e-03        -2.1189055259380959e-03         1.0191959024644247e-02
14                                    -6.4238196570784835e-04        -1.6706660288201860e-02        -7.1772429570752876e-04         1.4248537012946249e-02         6.6339053764981837e-02        -2.6998135134708133e-03        -2.8651761077592153e-03         1.7910644033923891e-02
15                                     6.5944528932700220e-03        -4.7334755288344271e-02        -1.3576336611560754e-03         5.8221509104517009e-03        -2.9074387351909686e-02         4.1705905757532273e-03         9.3977871416676875e-03        -7.8568238321938225e-02
16                                    -7.2199871727729702e-03         1.4194490350861771e-02         2.2004715140468093e-03         1.4277930833868161e-02         1.0490312051759387e-03        -6.4565103087872483e-04        -2.1842516610166870e-03         2.7347002875750145e-02
17                                     8.7014516462700416e-03         1.5729392396286186e-02        -1.1516273762965268e-03        -1.1502486710220297e-02         2.6090014765503731e-03        -4.9057855354803519e-04        -9.5492693632170109e-04         7.4263638099589854e-04
18                                     3.4481803552285625e-02        -1.5282432671523898e-02        -1.2544892524324013e-02         6.4459413539588867e-03        -2.2656715937266463e-03        -8.6130053221023485e-05        -2.1681992071154521e-04        -6.7147581326202721e-04
19                                    -8.9756743751873026e-03         5.6115136564083212e-03         7.5327844721232136e-03        -8.7261022020941551e-03        -8.1245785524903559e-03         8.2900298294309575e-04         8.4138087824378927e-05         9.9583026273615868e-03
20                                     7.1741084338614687e-03         1.7151234560923708e-02         6.3294912861370373e-03         1.1602840002343084e-02         3.6093383646716590e-02        -2.6540775971873867e-03        -2.3835781565366811e-03        -2.1009654724879628e-02
21                                    -1.8898632490675738e-02        -1.9076729556148482e-02        -3.7397137694063229e-03         2.6640137609506214e-04         7.3532458194812425e-02        -1.8702455061329057e-03         1.4511823857511685e-03        -2.6313943785344966e-02
22                                    -5.9494841102726015e-02         1.0628827770292006e-03        -9.3914258633862185e-03        -5.0332648368909055e-03        -2.1176675862421526e-02        -2.6826955625207953e-03        -3.9992465098629346e-03         3.0344354121486115e-03
23                                    -2.6980668209102485e-02        -1.2394202445138317e-02         1.0958827848170179e-02        -1.2865399654437414e-02        -7.7242477901482059e-02         1.4453935105187370e-03        -5.3663972177977407e-04         3.8331382383526888e-02
24                                     2.9062230291381171e-02        -9.0163259487477249e-03        -1.4097044015455208e-02         1.4982229963407498e-02        -2.2811135907355527e-02         3.3501381358294908e-05         1.9438759159766336e-03        -4.3321495418547055e-05
25                                     7.6413374612597082e-03        -2.2105231305909859e-02         1.0972780666114184e-02        -6.1915363580618077e-03        -4.6571131010212583e-02         4.8082207394194434e-03         1.0491090932698418e-02         2.8653022931461346e-02
26                                    -3.2444425405511947e-03         7.1679611782173082e-06        -2.7861984871449953e-02         2.8378493341262761e-03         1.9858867965639394e-02        -2.0042871563551281e-03        -3.3176160734737733e-04        -9.6704700717292653e-03
27                                    -3.6244520309773737e-02         1.3531734000540226e-02         1.5788890445951685e-02        -5.7159415639632012e-03        -1.2235092332688179e-03         1.1028817154522478e-03         1.7724733548050023e-03         2.9064661664924231e-03
28                                     1.9939203465519473e-02        -9.7940374778080486e-03         6.1606578902406754e-03         3.2890326119004464e-03        -2.6354703975298415e-03         3.7757107538017182e-04         1.5967002178214952e-03        -1.2618043363397512e-03
29                                    -1.3428338541067752e-03        -1.0520843160594375e-02        -1.3620127100779408e-01         1.3388121601284836e-02        -2.1786877329945227e-02        -7.3834698886488892e-04        -6.5889621049061474e-03         7.3746962573192874e-03
30                                    -4.2957973416497069e-02        -8.4204303317720663e-02        -8.2649608152639397e-03        -1.7197677195331475e-02        -2.0216376765746960e-02        -3.1721749731819415e-03        -6.7317622017604873e-03         1.1134984921373778e-02
31                                     3.0588975393587760e-02        -3.1422350235029248e-02         1.7883148328844879e-04         1.8741960464227711e-03         1.9667073199899913e-02        -2.9316722214340232e-03        -5.9885267606128592e-03        -1.3841142317638827e-02
32                                     5.5536820563094388e-03        -2.5419702099289360e-02         1.3813400584984592e-01        -1.5926233525559871e-02         7.5862742005036879e-03         4.4448776028330216e-02         7.4951176294214189e-02         2.8064807417460353e-03
33                                     7.5038897517621939e-03         3.4064228114728999e-02         9.6005767476134950e-04         1.1688499160948900e-02         3.7186756288287104e-02        -9.5291532871176195e-04         9.1684618278940939e-04        -1.8115096789223753e-02
34                                     9.9112339644077369e-02         2.4066042795764155e-03         7.4917943342762000e-03         8.7341962845872340e-02        -1.9335356188637059e-02         5.6247048752049416e-04         1.1808768429380160e-03        -2.7489347435108922e-02
35                                    -5.0038077632278424e-02        -2.6953557269949944e-02        -7.1348531390035674e-03        -5.7932630252309637e-02         1.1147982030103011e-02         2.3142730137468967e-04         4.1582267217984721e-05         1.4287444831417511e-02
36                                    -4.9162981133090547e-02         6.1919377441026234e-02        -1.1575303420803224e-02        -6.3295902675855739e-04         1.9417350567263143e-02         7.4166008175577305e-03        -1.9398415272892664e-03        -3.5663310244932220e-03
37                                    -4.4235071717466760e-02         1.4917582868508734e-02         5.6672802633589631e-04        -3.5792744595893019e-03         9.5956995654809148e-03         5.6680929865764802e-04        -7.3477341691894889e-04        -2.1614072839301634e-03
38                                    -2.6601117444701541e-03         2.6226555021074210e-02         1.4951441516366809e-01        -1.4606436997514259e-02         1.3216579099796791e-02        -7.1506615721372069e-02         3.1297785448338583e-04        -5.3718076917212950e-03
39                                     2.2481664123629400e-02        -2.9570906879581332e-02         5.0812063496593618e-03        -1.8920962878396859e-03        -6.2395068135013537e-03         5.2731561687652338e-03         1.8416435917345424e-02         3.8090185099979228e-03
40                                     1.4410912984346443e-02        -5.5607989104366595e-02         1.0724509480979128e-02        -5.4690809263463558e-03         1.8674625640549673e-02        -5.2578047023442453e-04        -3.2952134078815623e-03        -1.6538396118927604e-02
41                                    -2.0818467253843759e-03        -1.1161040543243175e-02        -3.5846953476126757e-02         2.3465990477646759e-03        -1.2240423942369266e-02        -3.7973806920528631e-02        -1.3775271245053380e-01        -6.2106348227594548e-03
42                                    -6.4902697424483406e-03         9.8605903585724324e-04        -9.2026387950169992e-04        -4.4624095690035670e-03         7.3993866294106356e-02        -5.7504555577677675e-03        -1.0148182324975623e-02         8.2032998101924534e-02
43                                     1.0764865502829577e-02        -1.7767899280085434e-02        -6.9570996839508643e-03        -3.3239288933194201e-02         2.4177093821884887e-02        -1.1843307920824536e-03        -1.8669703608486668e-03         5.5973952896106035e-03
44                                     2.5165086305128238e-02        -2.6029218513569482e-02         1.2535873773600415e-03         3.6009514032584150e-02         4.8489227491359525e-02        -2.6983152223938891e-03        -4.4814485589903270e-03         3.4991976541224677e-02
45                                     4.7313377650408791e-03         6.6739117847856258e-02         7.7224935005350997e-04        -9.5785229501351692e-03        -1.8481361505959235e-02        -4.0322216318307692e-04        -2.9229764613075571e-03         2.7432646440042015e-02
46                                     1.4733700971033459e-03        -1.0592198957068279e-02        -8.7879941593851114e-03        -5.5225486405866477e-02         9.6631153151699560e-03         1.2615344821102143e-03         2.5094477356324197e-03         6.9949648166985606e-03
47                                     2.3390014318473647e-02        -5.3270799598852236e-03         3.4943461631255363e-03         5.2922933057974429e-02         2.1695179226928579e-02         9.4046033197673045e-04         5.6338236948929215e-03        -8.1534573192740489e-02
48                                    -3.0885048061019750e-02         6.7810551199951732e-02         1.1425687162497132e-02         1.2308909193030604e-03         3.4513866019356687e-02        -1.8189871046717355e-02        -1.9945276126312346e-03        -1.4873992050212771e-02
49                                    -4.8158341188323073e-02         4.0880789813387934e-02         1.7703717494516266e-03        -3.6591062134379640e-03         1.4273789730801780e-02        -3.3549326075664474e-03        -5.6960673661648358e-04        -1.0823061229628796e-03
50                                    -7.5920519177684592e-03         4.6850787845474709e-03        -4.0924887655629676e-02         4.2236873710262092e-03         7.1107795336531141e-03         1.3902410138955815e-01        -3.8140707324111324e-02        -1.6911073871401108e-03
51                                     4.3805640958717335e-02        -3.1943625850912190e-03        -4.0079339877020434e-03         5.4659747552882635e-03        -2.7507509276179822e-03         6.6711810067166446e-03        -1.1200182104946485e-02        -2.7972397274120164e-03
52                                     4.2999093799339716e-03         2.0238770199646556e-02        -2.0840059697014987e-03         1.2425420221005739e-03        -3.0717346925960357e-03         1.4509141741592185e-03        -3.9493305955049478e-04         3.1975936739212642e-03
53                                     1.3475851477876929e-02         1.2448885270841906e-02         1.3521435305027767e-02         5.4984005346633801e-05         9.1199509045137032e-04        -5.9897239124986269e-02         8.6121300847431526e-02         3.8700121873695894e-03
54                                    -1.9249822428469190e-02        -2.0918357957429765e-03         2.4917126398044244e-03         1.1271350140371110e-02         2.1336636775149798e-02        -2.7459754786769348e-03        -5.6161758535193873e-03         5.2030959048961684e-02
55                                    -7.0204299030781570e-02        -1.8561900638676351e-02         1.4363172887312167e-02         1.1698305229363810e-01         1.0014603532051429e-02        -5.4325526687253262e-04        -1.5182920810399877e-03         2.1610489905017037e-02
56                                     5.3190480325616997e-02         7.7517980379784076e-03        -1.1082175482912390e-02        -8.5535278869610071e-02         1.9649420041655433e-02        -1.3258464401426965e-03        -2.0904593656352688e-03         9.0693969641087689e-03
57                                    -1.1860748037091637e-03         8.0105235592583396e-02         3.5016843245823295e-03        -1.9035855409014284e-03        -7.3533567380735618e-02         2.2006195197286260e-03         1.7596676000756348e-04         8.6534149569210701e-03
58                                    -5.2069216038637118e-04         2.7017933333878429e-02         6.9477628303969497e-03         3.8664292347964743e-02        -7.6386013564413074e-02         3.7632017116501584e-03         2.8894212769014650e-03         3.1152296198116321e-02
59                                    -2.9350874695138779e-02         4.6375798974137870e-02        -2.8612712221435740e-04        -4.0235404669646042e-02        -8.4214886221891397e-02         3.9762204351436970e-03         6.8644734087476783e-03        -8.6350900187278257e-02
60                                     3.0597613033223402e-03        -1.6771948220280032e-02        -1.9197227276563746e-03        -1.4962282065915163e-02        -1.5570735748630132e-02         9.8258624430362326e-04         1.9122611853986254e-03        -1.7868324524705295e-02
61                                     3.2903874324019887e-02         2.8513313373561132e-02        -1.3644088930276443e-02        -1.2903385221743707e-01        -1.7995655805949480e-02         5.4562054347706676e-04         2.3034394584121837e-03        -5.5104360177280619e-02
62                                    -4.9710613188924703e-02         1.3296405572530014e-02         1.3122171549878705e-02         8.4826887848375415e-02        -5.9460530698192085e-02         2.2290326585991615e-03         7.4799558679697873e-04         2.9730224339914468e-02
63                                     6.5087567695240975e-02        -3.4617590466908495e-02        -1.9279033077835382e-04         1.0917246245114903e-02        -8.7253628452334669e-02         3.0390265503831885e-03        -7.8332862345791449e-05         3.0771007665128056e-02
64                                     1.2512383075793859e-02         6.5796384426170069e-03        -8.4199160299891548e-03        -9.8965814814308550e-03         6.2098603552217961e-02        -1.6379975852679836e-03        -1.5286877770205149e-03        -2.4457717553554786e-02
65                                     9.1085745850696641e-03         1.3057149173911554e-02         1.1259305244878557e-02         1.2663217197289505e-02         6.5109914367056133e-03        -1.6195843100113567e-03        -1.8279113168624612e-03        -8.5990634314064424e-03
66                                    -1.3039747180863164e-02         1.8304331641147857e-02        -1.3801476373006408e-03         2.7736310745596439e-02         1.4644100000503069e-01        -6.8056978716333622e-03        -1.9137975328361448e-03        -4.9743276295011740e-02
67                                    -9.6885381880083110e-02        -1.0426778265164405e-02        -3.8368189457202363e-02        -2.7041442447295515e-02        -1.3384472353411421e-02        -8.3406307880657497e-03        -1.1673219151413259e-02         1.7987844659021982e-02
68                                    -2.0741171214246991e-02        -2.9518465752280437e-03         1.6285944413000911e-02        -4.4902851879783639e-03        -6.3291554075502424e-02         1.2912329991132893e-03        -1.5704788936897306e-04         3.2797722073818078e-02
69                                     6.6645727113510578e-02        -6.4394301598349191e-02        -4.2527134883353239e-02         1.3022150840722828e-02        -1.6659077020970930e-01         4.0614164454706387e-03         9.5280825800675029e-03         6.3607019565064774e-02
70                                    -1.0591694424497042e-02        -1.0051379381281792e-03        -1.5774774541606443e-01         1.9550824256714273e-02         4.2169355057644305e-02        -2.5287367369251912e-03         5.2531446403690889e-03        -1.6833202862888721e-02
71                                     8.9334112518694650e-03        -1.5307454236774850e-02         5.0380661885519908e-02        -9.7142049080442029e-03        -3.6436523911939432e-02         2.1003711320210119e-03         3.1065518977816124e-03         1.8255578954367198e-02
72                                     5.4458507611009295e-02        -1.4145914878908242e-02        -2.8375074693031597e-03         3.1013888246963574e-02         4.9759345639753490e-02        -2.4931434355607886e-03         3.2429256781018142e-04        -4.2371000000988007e-02
73                                     4.4962673300100765e-02        -5.5236420612533463e-02         1.2809723667127951e-01        -1.8330875934821959e-02        -1.2018141330542156e-01         1.1022483097349841e-02         1.5421195226421111e-02         6.1223806136864234e-02
74                                     2.2169483936196808e-02        -3.1926436646511652e-02         8.7173887876102751e-02        -1.8180804000173429e-02        -9.5480779284435616e-02         6.2294769955703305e-03         5.8057305634332508e-03         4.6583796594349296e-02
75                                     7.2817115710987770e-02        -4.3450143150352588e-02         3.6236898587211609e-02         2.0430076773703251e-03         1.3739102784445512e-02        -2.9859326033399084e-02        -9.1740695205892633e-02        -2.4633748754562600e-02
76                                     4.4116744820831638e-02        -5.9402514779927328e-02         1.4566229382844870e-02        -1.0693172914678741e-03         3.4689001783690963e-02        -4.6520515689233294e-03        -1.3848137803582034e-02        -3.0699321634465516e-02
77                                    -2.0207693844820993e-02         2.6015354641031829e-02        -2.5872844119810112e-01         2.8985891336723059e-02         5.2567705187626435e-02         2.2204511896629586e-01         7.1760019806646480e-01         3.6450633444010602e-02
78                                    -2.7335530718201662e-02        -6.7071291762995254e-03        -1.4486297184621408e-03        -3.3126342963980406e-02         8.7298990422593467e-02        -8.4273610170323577e-03        -1.7167775606577496e-02         1.5049147700381524e-01
79                                    -2.4534391623558284e-02        -1.7864191268766278e-02        -2.6741586737826558e-02        -2.1706070289269178e-01         7.8000395148383653e-02        -1.5519666885234831e-03         1.7834953473359425e-03        -1.2468123559308273e-02
80                                     7.0745420991911598e-02        -1.9440757279799267e-02         1.4564325791256640e-02         1.8555673050472252e-01         2.6173350605494632e-03         3.4594387376738638e-04         7.4672806190942539e-04        -2.7656837087756677e-02
81                                    -3.9056276550592815e-02         3.0211388400916122e-03         5.7908904671292337e-03        -1.7487466759193940e-02        -1.5209939256807305e-02         1.4770162247520933e-03        -1.3951743417721103e-03         1.5200195744553651e-02
82                                     5.6241526198378775e-03        -1.2464671069125088e-03         5.7062720959168041e-03        -8.3713279562701338e-03        -1.6577019046492988e-02         1.4779026537199036e-03        -3.1739176920284977e-05         1.1930403459213873e-02
83                                    -3.1235615142422436e-02         3.1445320820026770e-03         5.0826558923846889e-03        -1.1747612121941102e-02        -1.9511448174056183e-02         1.3114727410366894e-03         8.6221014489290993e-04         1.6533378007379616e-02
84                                     1.7880075453676505e-02         3.3254124126565719e-02        -1.6342295080203557e-03         3.3060223159033690e-03         5.2673636265069011e-02        -4.5876546987579769e-03        -8.7274722951479356e-03         4.3922762620451264e-02
85                                    -1.6843342684333143e-01        -4.8622515552697108e-02        -3.5644025308661014e-03        -2.5453877258493910e-02         1.1421815252054107e-01        -3.6705686232977059e-03         1.0226261918408766e-02        -3.3890152791456746e-01
86                                     1.6209275758251521e-01         1.2540557000372651e-02        -1.4517460075636624e-03         3.4921246668637662e-02        -3.5820498493619179e-02         3.3579950396823506e-03        -2.3824632725577689e-03         1.9384154092705028e-01
87                                    -2.8871768885057381e-02         7.5943109661845171e-02         3.2768832785281796e-02        -3.6155958967594453e-04         4.0618049037065694e-02         8.0339898652147884e-02        -2.8329851623460942e-02        -1.6042539788038438e-02
88                                    -1.3564843838587179e-01         1.0348627978464940e-01         1.2715536240335537e-02        -1.1773960442267334e-02         5.0336083641753508e-02         1.1226235386902223e-02        -7.6148729489382751e-03        -8.2518396848601742e-03
89                                    -2.6277652875652039e-02        -4.6373083450553694e-02        -2.2958597039586315e-01         1.9912444147334164e-02        -3.8119757149012203e-02        -7.3168655520907300e-01         1.9308664066362094e-01         5.2638197810831152e-03
90                                     3.7415449195357356e-03         9.9325084624652907e-02         4.1511863328955248e-03         1.8723342735840691e-02        -1.6696935151600711e-02        -2.3203333584758667e-04        -7.1677580159804164e-04        -3.3366537263808616e-02
91                                    -1.2545840816730597e-01        -1.4029528515955470e-02         2.4648132856154827e-02         1.6154913942896851e-01        -2.9673292485997857e-02         6.9502416848984440e-04         1.3765054209912910e-02        -4.0048761201330740e-01
92                                     4.1278829657713581e-02         5.0473469709750758e-02        -1.1681813055574067e-02        -1.3600540905334316e-01        -1.7424861317447096e-01         8.5895770523245988e-03         1.6477348912657904e-03         2.1509143298664901e-01
93                                     2.6242570101680188e-02         2.2402277414641156e-02         4.7105416125804113e-03         4.3554875276909126e-03         7.5308514119610259e-03         3.7377091521326507e-03        -3.1760799078731738e-03        -3.2335188527135815e-03
94                                     8.2322096848679777e-02        -1.2404018373349630e-01        -9.0299236549970657e-03         2.9302281833684172e-03        -4.0664840054144745e-02         7.4791553863392474e-03         3.9591629330780432e-03         8.5579677428001839e-03
95                                     1.6551884094062471e-03        -1.2632651885919085e-02        -2.8709072518361817e-02         2.4857632476444794e-03        -8.1603767357333219e-03        -3.3897223812321089e-02         1.6721333255254867e-02         2.9605889513614181e-03
96                                    -4.2403990501867245e-02         8.2019132699713032e-02        -5.0961741823132628e-03         2.2993676378862001e-03         4.8666635108407155e-03        -6.0206411699037518e-03        -1.7964580368227104e-03         4.3342137466583393e-03
97                                     1.7082860663245658e-02         5.5204217688416234e-02        -5.5826635803276278e-03         7.0148954487805745e-03        -2.6017220059404208e-03        -1.3083519728828805e-04         7.1075573666165787e-04         3.6774430751332797e-03
98                                    -6.4560625705765567e-03         2.0002137742163816e-02         9.5490676553864028e-03        -2.6126221918652029e-04         6.4830134591704856e-03         5.3612150362602154e-02         2.1160229995274997e-02         2.3611265206139125e-03
99                                     2.7090421974746426e-02        -2.4749843570926914e-02        -2.7455352393076448e-03         2.0109719194719147e-03        -1.3676876951060830e-02         2.7155315606511624e-03         6.0631142264757614e-03        -5.5932051630710723e-02
100                                    3.5501330114519670e-03         7.2866253962785184e-03        -4.6997400960412175e-03        -3.7154933749564759e-02         4.8937839252530146e-02        -3.3081608453427811e-03        -6.4331881449696008e-03         5.7966958911906639e-02
101                                   -1.5638729550681869e-02         4.1979865337098978e-04         3.7045252525660260e-03         2.7280635902055733e-02         6.2151428844550542e-02        -4.5661412719078670e-03        -7.4453427985035799e-03         5.8428879542025039e-02
102                                   -2.0686375159891832e-02        -3.2593212758171924e-02         1.4964590936418524e-03        -3.5454201116221797e-04        -8.3176993066201924e-02         5.3523617359698059e-03         9.4666361488826723e-03        -7.0626556710000551e-02
103                                   -4.1071928140171557e-03         3.7125095573361262e-03         3.4901501425769789e-03         4.0713398341130823e-02         2.8571491670803369e-02        -1.3164960448688401e-03        -1.9941214015196567e-03         2.0111160779208771e-03
104                                    2.8474402029354941e-02         8.6656173764512439e-03        -4.3310850044736811e-03        -2.3463993775989098e-02         2.7545586781032642e-02        -8.7554672722555456e-04        -8.1599393201580231e-04         7.9112963474049936e-03
                                                        48                          49                          50                          51                          52                          53                          54                          55

0                                     -1.4219586883487493e-02        -2.4638678748910912e-03         3.1244311544430280e-04        -5.2182436022059639e-03        -1.3429270309636126e-03         1.7522140050651853e-02        -4.3931795908937676e-03         2.9073772862249100e-02
1                                     -3.6345797064209714e-03         2.8577339723551948e-02         1.5017883168959733e-02         5.5592297605785972e-03        -5.4144787787486978e-03        -3.7619819979345985e-02         6.5890684517622408e-02         6.4821758638098040e-02
2                                      5.2526821218276277e-03         2.2052307256027648e-03        -2.1024446658894118e-04        -6.7131650151940293e-03        -2.1464734996660896e-03        -1.5464177035988902e-02         2.9191475529680402e-02         2.9261240293543562e-02
3                                      1.7430291053903455e-02        -3.5183177553401904e-02        -4.3955750564581659e-03         8.3756435995658331e-03         3.2754699666325705e-03         1.2239957916545970e-03         1.4679609420135575e-02         2.1444997772065842e-02
4                                      1.0316235561993301e-02        -2.8632002681662428e-02        -4.3363709627294300e-03         7.0410872374307275e-03         3.7296246514968200e-03        -1.7644655695151505e-03         1.8677332517530225e-02         1.4036885535703333e-02
5                                     -1.4357504461168426e-03        -3.4294143640968121e-03        -1.4464351428109700e-04         3.7406684868065412e-03         9.8901955356151374e-04         4.0959109365904817e-03         5.5343007718004844e-03         1.0381557687942442e-02
6                                     -8.6061706239835291e-04         4.7798487784062463e-03         8.8596698570010625e-04         8.8537042758602205e-03         1.6827519944817434e-03         1.4571207386940295e-02         1.9601537313458746e-03        -1.4105447322495234e-02
7                                     -1.4116536417040891e-03        -6.3061219608672317e-03        -1.6163861268598842e-03        -1.1369739527547294e-02        -1.8751359122852753e-03        -1.7019279784331879e-02        -1.8400978607604541e-02         3.8371799882338936e-02
8                                     -5.4334539239259008e-04        -1.7450645187868001e-03        -3.7022107081783211e-05         2.8241076393269366e-03         5.9866931244235272e-04         1.4843184588013993e-03         3.5729816508604345e-04        -5.4002167877355148e-04
9                                     -1.5816288975464641e-02         2.6440605116716455e-02         2.1146676658528301e-03         6.2469823502492687e-03         1.2802075606069231e-03         1.6844303812266467e-02        -2.8603922018183448e-02         1.8048192410982520e-02
10                                    -1.8698434604225576e-02         2.6644971115455527e-02         5.5939054175705135e-05         2.1379411226229062e-03         1.1679764583932798e-03         2.0378330926435685e-02        -4.4944705146345271e-02         2.8929533713416573e-02
11                                    -2.1066628784634097e-03         5.1783569670352109e-03         2.8339523265075248e-04        -1.2299044775502006e-04         5.1564151462332288e-06         2.1687191613395346e-03        -4.0920001313639051e-03         2.3830702171381336e-03
12                                     4.6851045140654446e-03        -4.2193166007984777e-03        -3.8228955014297577e-03        -1.5103153216893737e-02        -1.5219021164114656e-03         2.1788078812322829e-02         1.0854169057882068e-02        -1.2268283383989032e-03
13                                    -8.4772180114593230e-03         7.3543029194994428e-03         1.9432071858256211e-02         2.1025526596555599e-02         5.3666244451814867e-03        -2.8746661475748267e-02        -1.3689538204045795e-02         1.5410212120703917e-03
14                                    -4.6981618412971883e-03         1.5100458323150403e-02         3.0516089407636071e-03         3.0086473221915461e-02         1.3747581774433029e-03        -3.5302703079095256e-02        -1.6897136596245109e-02         1.8632743605845185e-03
15                                     7.1408776801007434e-02         4.7866998972517547e-02         1.0138835933178618e-02         2.4279992118110036e-02         1.0373417277853537e-03        -7.4366181760695035e-03        -1.3563898425822845e-03         6.1432739380096397e-04
16                                    -4.5790164801526702e-03        -7.3294991347599781e-03        -2.0270654101828545e-03        -7.9619792752967534e-03         3.5920348525065628e-03         2.2429918617017904e-03         1.1856329205502639e-03         2.4135485132457523e-04
17                                    -1.5384196226472148e-02        -9.5515144726383179e-03        -2.6299964632810974e-03        -4.8803792529006637e-03        -3.1366783417788209e-03         1.6240136657317611e-03         1.3975450978674787e-03         2.9579009716791985e-04
18                                    -8.6904418644066490e-04         6.3315168852444391e-03         1.9428047909485989e-03         1.7253443931128296e-03        -3.0772960280355363e-03         2.7863238244093431e-02         2.1651962219979483e-02         2.7864432508401944e-02
19                                     4.8919708913983118e-03        -1.0419406250104301e-02         7.4423068197848070e-03         3.7316430909149043e-03        -4.5614052559281686e-03        -2.3597698959107447e-02        -3.5873999534642674e-02        -5.9888031814286057e-02
20                                     5.7081032822585568e-03         1.9005187165457064e-02        -1.8678994556057885e-02        -4.4598622846430604e-02        -2.2457988117844073e-03        -7.1825147006522941e-03         1.0727189449728830e-02         5.0102729867299640e-02
21                                     3.5559102919570512e-02         6.0201599717041476e-02         2.7644435576940116e-02         5.2646215479508499e-02         2.5541248311879180e-03         1.0545168147185742e-01        -1.1412205399015735e-02        -5.7093762175585060e-02
22                                    -2.3749495752358754e-02         1.1846259476284123e-02        -1.4455622299939085e-02        -3.8203122164895124e-02         2.5818198479692920e-03         3.5807344194046499e-02        -1.0606046034529389e-01        -3.3483827130550342e-02
23                                    -4.1055268041552739e-02        -3.9298786272922041e-02         8.6611777992416945e-03         8.3777515076982209e-02         1.5003275006090038e-02         3.3353685517331093e-03        -7.0098686551172448e-02        -9.1438200737926925e-02
24                                    -4.1105856612688445e-02         4.8444920756707775e-02        -2.0783155814586961e-02        -8.1918944072547004e-02        -9.6884873874590639e-03        -4.6867414551577884e-02        -4.3386718397732747e-02        -3.5086802209113442e-02
25                                    -7.9985823553830521e-02         1.1468589335409017e-01         2.0585884180882946e-02         4.2952815704525013e-02         3.8930755489245432e-03         1.5406465330286714e-02         2.6645421929887288e-02         3.9123956568150348e-02
26                                     5.7047729464241867e-03         3.5267643203307261e-02        -1.6196285148563359e-03        -7.6034720439568590e-02        -1.5679016132902544e-02        -2.9736663819841054e-04        -2.1777406067322622e-02        -3.1617238500219455e-02
27                                    -5.0953435428440124e-03         8.8938548009473775e-03        -1.7403990756538680e-03        -2.8738661260380487e-02        -5.5837664988862418e-03        -4.7001832544418996e-02         1.8142461062189363e-03         1.0506611123528091e-02
28                                    -1.0353411644887813e-02         2.0006974950666934e-02         6.6272215527091139e-04         6.3383819669892410e-03         1.8816812771829303e-03         2.5357534287312383e-02        -6.8927990807160630e-03        -2.0792225342957434e-02
29                                    -3.2972336906165341e-03        -2.7761333444335387e-02         1.0075531654135826e-04         4.0441495246807881e-02         8.2365788989024382e-03        -1.6234659769205059e-04         1.0969756264150723e-02         1.9081760922907361e-02
30                                    -8.1256982105469870e-04        -1.7163304627349805e-02        -1.0605693069811941e-03        -2.0191051722687692e-02        -4.6718401405311614e-03        -4.6192174153465902e-02         3.7943641403512612e-02         4.0257182625588139e-02
31                                     4.0062039974999443e-02        -5.6662779845795389e-02        -6.3397074647250284e-03        -5.8884525372685653e-03        -8.2206283479994475e-05         2.7008956769452135e-03         6.2961047370681351e-03        -2.2659712321875764e-02
32                                    -2.0795069149810109e-04        -6.6143148627657356e-04        -2.2785666195656190e-03        -2.1229827338859850e-02        -3.2594440913933926e-03        -6.4459728800004097e-03        -1.3399660970551848e-03         7.5331583498454110e-04
33                                     1.4927186798884091e-02         3.3651962524600856e-02         1.7534273945820307e-02         6.4806945507723548e-02         8.5265943165472140e-03        -2.0214416130550601e-02        -1.9960441797570783e-02        -1.9309509448332804e-02
34                                    -3.1118829239971054e-02        -2.8104559834453001e-02        -4.7842381326600021e-02         1.5476256726214394e-03         8.7758793282474296e-03         7.4982612297118797e-03         9.4174587401637099e-03        -7.3822001229997400e-03
35                                     2.7089837140462796e-02         1.4748691629598697e-02         2.7313879387538442e-02        -2.5667337691057036e-02        -9.5920829538394519e-03         2.4930654577550442e-02        -8.6603704702157755e-04        -8.1670762830720960e-04
36                                     1.8763728336635643e-02        -2.0222406312937865e-02         2.8603178309210657e-03         1.2894334201619766e-02         1.5266839666409594e-03        -1.2008983327866821e-02         1.1783370661118368e-02         9.3612810274134976e-03
37                                     1.0731935443179375e-02        -1.0867507322962126e-02         1.4302363163088494e-03         6.5901951205782818e-03         8.4895825691585700e-04         4.9227935512570738e-03         1.4889152463891326e-02        -2.2947046582389351e-02
38                                     4.1673371698153520e-03         1.3160316457255938e-02         3.2908242521999264e-04        -1.3074083670912720e-02        -2.7594144832932110e-03        -2.6367378665491537e-03        -2.2330755241268743e-04        -2.2119626123711660e-03
39                                    -1.6622447490196905e-03        -5.3417068117996621e-03        -1.1436670070055024e-03        -1.1763817083977000e-02        -3.0005407079868600e-03        -5.3461416312388953e-02         9.5543935476255573e-02        -8.1366285937072125e-02
40                                     6.5538173887110959e-02        -1.1617608690305581e-01        -1.6260595600330819e-02        -2.6607208874466850e-02        -9.9683003036734881e-04        -1.1022646919558373e-02        -5.0188482258904481e-02         4.1904689174752943e-02
41                                     7.4688911491447066e-04         4.7486655760289919e-03         9.5210564976738537e-04         9.7742344003824071e-04        -2.1913266601546611e-04        -7.1482610810757723e-03         1.1811400446295434e-02        -9.7824522882315364e-03
42                                    -6.8031092775393098e-02        -3.1599188362367761e-02         1.3156597084171348e-02         2.4025381079869758e-03         4.6894374250576092e-03        -2.0998207870521441e-02        -1.2354239573056669e-02         1.6494195720825775e-03
43                                    -1.7047984836446230e-02        -2.1525628878503875e-02         9.9738425320545249e-02        -4.9751313378116481e-02         1.6827193103465494e-02         6.6302583450395219e-02         4.1839250691417557e-02         2.3722457658332708e-03
44                                    -1.8426858064444364e-02        -6.0812124309502971e-03        -9.0078491534573521e-02        -1.6806076071186588e-02        -1.9400942368543273e-02         8.6475363758893836e-02         5.6702097567159736e-02        -1.0705196655773877e-03
45                                    -1.7685612451713139e-02        -2.2418811063122508e-02        -7.2114137683289906e-03        -1.6972415763073158e-02        -1.0826731900657440e-02         3.4051557387298554e-04         5.6870105403896976e-03         6.0026781998391218e-04
46                                     7.4057578562773660e-02         4.6260772955936891e-02         2.7049171834134970e-02         4.2825658909591870e-02        -7.9460935543137920e-02        -6.5413378633732200e-02        -3.0164736578400731e-02         1.0864154871285546e-02
47                                     1.7789853765878157e-02         3.3240309583394426e-02         4.6215661519665666e-03         4.1264026908514877e-02         6.5680168074530407e-02        -9.6119044722312696e-02        -3.4566275048291815e-02         1.2882082176428770e-02
48                                     4.3334689210698905e-02        -5.0889176562045148e-02         7.6189845387767709e-04         3.0225877304954032e-02         6.5701477908228535e-03         6.9085468945349643e-02        -7.5598707181292121e-02         6.4955282843882675e-02
49                                     1.1061488007644964e-02        -5.7179454616874690e-03         5.0607525180019946e-03         1.4204682393915848e-02         6.0814474179543326e-04        -1.3427029015974042e-02         7.4393714709525036e-02        -7.0496121110392662e-02
50                                     3.8902081566473110e-03        -7.4288272448754444e-03        -1.2213294469037363e-05         4.3948680749422361e-03         9.3013345629715249e-04         7.9750027150749751e-03        -7.6655865831675276e-03         6.0742084582309759e-03
51                                     8.2618682839396358e-04        -4.3239400367651032e-03        -2.7703090250078104e-03        -6.7971192811002853e-03        -4.7100004611161280e-04        -1.0658741606140412e-02         6.3739642467894623e-03        -2.0028815082008940e-02
52                                    -8.1098671667036749e-03         1.2417425349705890e-02         2.4155558890052212e-03         3.1042701712277604e-03        -2.9882791962089397e-04        -1.0345061770611959e-02         2.8537876113562816e-02        -1.5728729351040780e-02
53                                    -4.5915463476804045e-05        -5.1158772464136295e-03        -4.5274674350300582e-04         1.8069802367084750e-03         4.8709980961240604e-04        -9.9878283417624515e-04         8.5064756040027431e-04        -1.6030981494660748e-03
54                                    -4.3348318276177154e-02        -2.5367536422848717e-02        -7.0747289472150110e-03        -1.2428513785108261e-03        -2.2159096931324127e-04        -2.1235052231042131e-02        -1.9190222410327435e-02        -2.9089719029301189e-03
55                                     6.0412346547765146e-03         5.9531269207908554e-03        -3.9639646458161037e-02         2.9433950220505161e-03        -1.9332713225951415e-02         1.2061540006713689e-02         4.9440963752067982e-03        -6.9650640051368412e-04
56                                    -2.4582316824372157e-02        -1.5106401522230313e-02         2.6048957614173963e-02        -1.1639509891451622e-02         1.3064850889901539e-02         1.0808568415883098e-02         4.3117706951737089e-03        -1.5613244815555864e-03
57                                    -2.5477605219435175e-03        -2.7281652337738226e-02        -1.5928035579418492e-02        -4.0364229624397834e-02         4.5313980774533396e-03        -1.8906806657851175e-02         1.2982664635426036e-02         2.2429934041048181e-02
58                                     7.4248635662336707e-02         2.2771524090002670e-02        -1.0974710964248038e-02        -2.0131906020637330e-02         6.5922342086344163e-02         7.7450538482966395e-03         8.1687589886002242e-03         2.6827533737510613e-03
59                                    -9.3438491213578400e-03        -1.5478807999318424e-02        -2.0979910747221963e-03        -8.1282299347886031e-03        -5.1969335019688666e-02         8.2610299209763781e-03         1.2984768048277001e-02         6.2322160706188593e-03
60                                     4.1279443548827245e-03        -3.9046012394090021e-04        -2.5499637199098819e-03        -8.0786722219471363e-03        -8.7394791622226085e-04         1.4358275126168579e-02         3.6724356014570534e-03        -2.4570388002067962e-03
61                                    -3.9961795400224126e-02        -1.8937280393744777e-02        -1.0313469984399953e-02        -5.9811914961582415e-03        -3.2346867513462934e-03         1.2954951923666381e-02         2.8175273319080069e-03        -4.6907497550613070e-03
62                                     3.1223999399231657e-02        -9.4959290925463716e-04        -1.6362022012888903e-04        -1.7539966181787069e-02         1.3418396276669182e-04         2.1128501450175703e-02         3.3591937556433035e-03        -5.8646185835426580e-03
63                                    -3.9527987043017319e-02        -8.7794360675780780e-02         2.7669145128876851e-03         1.6668186519378000e-01         3.5720318505821858e-02         3.9349688013901832e-02         5.9188875018456800e-02         8.6055814513621529e-02
64                                     6.7248053159604859e-02         7.3108318969441772e-03         4.8040277724217964e-03        -9.8497200526342255e-02        -2.8064605492369839e-02        -2.4474390592508909e-02         1.0641606246397777e-02        -2.1805745411460218e-02
65                                    -1.3099048413766919e-02        -3.2032642095125513e-03        -1.7730366872240829e-02         3.0656922833185488e-03         9.4616985298342435e-03        -5.2351943892499043e-03         6.1307256659005344e-03         5.1016291923723679e-02
66                                     3.6557779445351393e-02         1.0410016161897719e-01         2.5209411071011083e-02         1.1659481300592212e-01         1.7029805025818880e-02         1.6561111215658292e-01         5.3058148273354790e-02        -3.6530069896576964e-02
67                                    -1.4241103388501614e-03         3.5043303207619197e-02        -1.0382722350774053e-03        -1.1111134971918768e-01        -2.7575856869452218e-02         6.7416114549960438e-02        -1.3007192979295285e-01        -1.1961894527612657e-02
68                                    -4.3981901861608948e-02        -3.3892973549259214e-02         5.6318344010788174e-03         1.0779659573318898e-01         2.1276756365823150e-02         6.4998987032417873e-03        -4.9583603757919377e-02        -8.6050655221027644e-02
69                                    -1.3532807106672878e-01         1.1356916668666226e-02        -5.5565542269710539e-03         1.4458881222439002e-01         3.4187747112744894e-02        -3.4043282915830753e-02        -6.1663665253543117e-03        -1.9540265286341434e-02
70                                    -4.1350533495481158e-02         2.0304165147202705e-01         1.7804077941514698e-03        -2.1081088830228592e-01        -4.4299268927904693e-02        -6.3408233343353873e-03        -6.7535803801689970e-02        -1.0718960130332901e-01
71                                    -2.1430284833676226e-02        -1.1965205181410582e-02         8.8467834585195474e-03         6.8717343691462221e-02         1.1924125234922093e-02         1.1832275926186755e-02         2.6732206238219022e-02         3.9372336484250640e-02
72                                    -4.9791439746128097e-02         1.9227537879283182e-01        -4.6562533511809931e-02        -2.8970963940781963e-01        -4.1081994791608199e-02        -1.1561258879998738e-02        -8.8802462080336986e-02        -4.3096312562904963e-02
73                                    -1.3070507187112820e-01         8.4236745269682015e-02         2.7346321630590979e-02         2.1354179369823675e-01         3.9464574441763219e-02         5.3934211014965323e-02         8.2450968590125212e-02         1.3570484492752247e-01
74                                    -4.1748662762704121e-02        -7.5124612967354648e-02         1.8392080744926188e-02         2.1036961313899821e-01         3.7939239617012809e-02         1.9175123871430166e-02         5.9565951552008847e-02         7.3574983174563888e-02
75                                     5.7014909144086010e-02        -9.1437642452687290e-02        -1.7079192210111872e-02        -2.5469300693289114e-02        -1.7628224431257534e-03        -9.0825761567446484e-02         1.4015715697302550e-01        -2.8552175196643009e-01
76                                     1.0044306317582931e-01        -1.7093799816943042e-01        -2.6354783262009809e-02        -3.4938713679917049e-02        -1.5836907832301886e-04        -3.1159131254591597e-02        -2.9063740147424216e-02        -7.2379698973181250e-02
77                                     8.8972231293906676e-03        -6.3744452688527964e-02        -8.5770075342026450e-03        -4.1380908676374260e-03         3.9238212762593932e-04        -8.8859049270398824e-03         1.4095636587900686e-02        -3.0349879937123545e-02
78                                    -1.2113985992994186e-01        -6.3367105212995267e-02        -8.7442685274547211e-02         3.0563653341956569e-03        -4.7897696133847294e-03        -1.2322367828919624e-01        -6.7629694983656286e-02         2.5292426990098683e-02
79                                     6.9203326236074975e-02         1.1861701675227447e-01        -6.2118774125388099e-01         1.1569713000963061e-01        -7.0152048421917315e-02         1.2596983159244646e-01         8.3795557561603617e-02        -2.4825145551195991e-02
80                                    -1.5761542442905951e-02        -5.9938293006211875e-02         4.8144931701602156e-01        -1.2212945298198266e-01         4.6495946555436006e-02         1.6588530893508985e-01         9.1255540625179946e-02        -1.1290079903460379e-02
81                                     1.6769146435072657e-02        -4.4022646925465772e-02         1.6339935201237887e-02         4.8169628144218990e-02         3.8636034844984428e-03        -1.6917039102230365e-02        -9.6699022391687275e-02        -2.0508036919781952e-01
82                                     1.2044405447611590e-02        -4.3738419706422192e-02         1.2806272882953017e-02         4.7608224750632762e-02         6.1804598461926820e-03        -1.3911684089563101e-02        -6.1907087036191306e-02        -1.5436009260172187e-01
83                                     1.2038723312616391e-03        -2.1717407717141445e-02         1.6851509632221824e-02         4.8800645248230134e-02         4.8823164848868315e-03        -4.7696144923079810e-03        -6.4150365258566544e-02        -1.3907842226735040e-01
84                                    -8.9913083672826979e-02        -6.0271011139326952e-02        -2.6882530392976559e-02        -6.1318606761639291e-02         4.3165375340419691e-02         4.3916733564079505e-03         9.3205267980867607e-03         2.9890035662484423e-03
85                                    -2.0336405754654022e-01        -1.9398875086744684e-02        -7.8274016854132752e-02        -1.8808673043179590e-02         5.3466366031378121e-01        -7.4110090063262843e-02        -1.2192239418109437e-02         2.5958153733011578e-03
86                                     2.0875981633752869e-01         7.0335852424399242e-02         7.8928203616837514e-02         7.1935979478525619e-02        -3.9407184353267699e-01        -9.3420870411777199e-02        -4.8391746744489698e-02         2.2623893547881298e-02
87                                     4.3513947515441249e-02        -5.0245518203089125e-02         7.2653200802678107e-04         3.0081068560094550e-02         6.5817373523936497e-03         7.1466594936887562e-02        -7.6819037555986111e-02         6.5275076738390045e-02
88                                     4.8200666450261893e-02        -4.1997923597493866e-02         1.1878039026246125e-02         4.5549251964424033e-02         3.4570250968364003e-03        -2.4016331146182204e-02         2.0658288101026553e-01        -1.9858200806511028e-01
89                                     1.1231414709629050e-02        -2.2114308974246776e-02         1.6250471953523271e-03         1.8685598429476584e-02         3.2047928276128165e-03         9.4925115726714384e-03        -3.2348395664530006e-03         8.6108660453680427e-03
90                                    -4.4497181558905391e-02        -2.9664626785776048e-02         4.3141401878201086e-04         1.1391520873871713e-02        -4.3438054853462561e-02        -1.8867969412663724e-01        -4.7858727537925409e-02         6.2812918521981370e-02
91                                    -3.0134805420461691e-01        -1.4037280794735915e-01         2.3505982325223988e-02         3.8744973332560155e-02        -4.4007173340859490e-01         1.0801882548281701e-01         4.1741117778425936e-02        -2.1439052874637973e-02
92                                     2.6440029645887564e-01         8.7114733825393156e-02        -3.9880909636460925e-02        -9.7511632244035806e-02         3.0427777963617486e-01         1.2165739562034247e-01         5.6091043131170262e-02        -1.9671231366378251e-02
93                                     3.1372450038713957e-03         1.4949742634456321e-03         1.3448613671223951e-03         9.5277388048294089e-03         1.5380982658483101e-03         8.5794912299866216e-03         8.9193556422739947e-03        -1.5102953013090068e-02
94                                    -3.6837915497626959e-02         3.3239534863874216e-02        -5.8273383063879329e-03        -2.1512340196705459e-02        -1.5635683674731090e-03         3.8464916109911089e-02        -7.0715803465769861e-02         3.1392388730451831e-02
95                                     9.7349802785081811e-05        -9.8084399952594343e-03         6.6303176514900222e-04         9.7777411631019412e-03         1.9047792964429482e-03         1.6425264432507749e-03         6.6651802300940032e-04        -2.1420136577413989e-04
96                                    -1.7159899104157401e-02         4.0403705059961680e-02         9.4911828880168449e-03         2.8675773389635600e-02         3.1269826501123250e-03         3.5473954957227029e-02         1.6999354646319196e-03         3.6287491196321979e-03
97                                    -2.0873073158762797e-02         3.8713943650099884e-02         5.6979434383376444e-03         1.9110112205989221e-02         2.5987876331129991e-03         3.5166906286395891e-02        -2.4384718535500536e-02         1.9387977125505901e-02
98                                    -2.9942580914149967e-03         5.2856834975806271e-03         1.0450152252717486e-03         2.3641590258503416e-03         1.0303782815405402e-04         4.9275500369433765e-03        -2.3494420980752374e-04         5.0816419265245862e-04
99                                     5.0664296284978878e-02         3.0079364749855595e-02        -1.2798045190899503e-03        -4.1020096447273035e-04        -1.8229813202539173e-03         3.1859132627002192e-02         3.2571493991391205e-02         7.9512935410998922e-03
100                                   -3.6397755818044705e-02        -1.2252528368598742e-02        -1.0935904080945070e-02         1.3650799893544474e-02         9.0977021118685587e-03        -3.8164146056344994e-02        -3.2629098070581126e-02        -6.2053183698936761e-03
101                                   -5.4863022251206969e-02        -2.1947947658973500e-02         1.7804934163123471e-02         1.5648277058573315e-02        -2.2168818171463398e-04        -4.7974566720021324e-02        -3.8590252781067813e-02        -6.4318685028713959e-03
102                                    5.3735535024358780e-02         2.2007014406346271e-02         2.0774726436742037e-03        -5.2410410006479956e-03        -2.9715124489751409e-03         4.3132249233769779e-02         2.6378715667204284e-03        -1.9730986665845829e-02
103                                   -1.3709352039653826e-02        -3.1252637204246154e-03         1.3634558552079483e-02         6.9785306607709433e-03        -8.8195380165463251e-03        -2.2107532564317713e-02        -1.2644873687107372e-03         9.6858589202620318e-03
104                                    7.1218357175169564e-03         1.0315105261205852e-02        -5.7554337765977522e-03         1.0293025188101898e-02         8.1156507920938769e-03        -2.3367522067856566e-02        -4.8075357079421994e-04         1.0437361700056455e-02
                                                        56                          57                          58                          59                          60                          61                          62                          63

0                                      4.3097084388900440e-02        -1.3499379965023657e-02        -7.3349705206211466e-02         4.5561275356169564e-02         6.7371309535100817e-04         4.4299942348111000e-02        -6.5782985693886437e-03        -5.9339593818884720e-02
1                                     -3.6568182379939064e-02         3.6089650675869105e-02        -5.2926788310202401e-02         4.2948852020312190e-03        -1.5524144613795884e-02         5.5486787728141898e-03        -4.6024533496747330e-03        -1.3621443301839004e-02
2                                     -7.9925531095664110e-03        -1.8751060049322628e-03        -2.3205746007804048e-02         1.8914317355622351e-02        -5.8072315001676282e-03         3.9437824097674386e-03        -4.9982557728926198e-03        -5.6930204316078198e-03
3                                      3.7783862410138244e-02        -5.1069252592938295e-03        -2.1183890457130775e-02        -6.4427882071358022e-02        -3.3158036269586265e-03         4.9226509305394274e-03        -3.0841556951004532e-03         1.3774594116118960e-03
4                                      3.7619125456170729e-02         1.3750679026341165e-02        -4.5640993776314899e-02        -8.2346094844210918e-02        -6.1063612214831689e-03         4.2930074806525106e-03         4.8133607098345575e-03        -4.9874166698440445e-03
5                                      3.1239095302825304e-02         1.5200759936115301e-02        -1.1324820383393535e-02        -4.9012495601087898e-02        -1.1519596423412051e-03         2.6244139530963340e-03        -1.0464295095796718e-03        -8.9748901270759660e-04
6                                      2.5521082346090209e-02        -1.2481367123973162e-02        -1.9860645146544995e-02         1.4392156425340230e-02         5.6097273376831051e-04        -2.0834719645763087e-02         8.5095015923682907e-03        -1.0181539982007329e-02
7                                     -5.3163141854458529e-02         2.8574067942851972e-02         4.8507513524695373e-02        -4.1467614554139144e-02        -1.7134386614742559e-03         2.3861750148599530e-02         5.3571918112325576e-04        -2.5180307856906711e-02
8                                      1.6391442830760109e-03        -3.3709308298786036e-03        -1.2681109918048603e-03         7.6821953396470990e-04        -9.2044652312652694e-05        -2.3907023863002702e-03         1.1230886516147786e-03        -2.9285181145217477e-03
9                                     -1.0926710049485013e-02         5.2951547981619435e-03         1.1069714209966987e-03        -5.7476056016683551e-03        -2.9218398927287310e-04         6.6408317563827007e-02        -1.8893044053483847e-02        -1.2926144957014318e-03
10                                    -1.9969302659855664e-02         8.9714287869847118e-03         3.7023004665889545e-03        -8.6312902910569492e-03        -6.0252744603997321e-05         6.2110352047397122e-02        -1.3858095739586882e-02        -2.1362568468435383e-02
11                                    -1.4364505508074081e-03         1.2337412842234835e-03         1.7515114642541687e-04        -8.5376099738944400e-04        -6.8259819831906560e-06         8.8546029336116720e-03        -2.4759623154236494e-03        -2.7454715997254106e-04
12                                    -4.5217449756935375e-03         5.0698773155942510e-04         8.8593221387764018e-04         2.4351854567286032e-03        -2.7539109316007379e-02         9.3405720593268144e-03         2.1314750914238810e-02         4.4815458786087274e-03
13                                     4.6712277161766432e-03        -8.3173725058334502e-04        -1.9816348873713699e-03        -2.5755156137377460e-03         3.0504887028758112e-02        -8.7495148954325839e-03        -2.4229070117566136e-02        -2.6353107559052499e-03
14                                     5.4866099020808778e-03        -1.1310052002836361e-03        -2.6009383119528192e-03        -3.1674393855492962e-03         3.7226014960091716e-02        -1.0480330273876381e-02        -2.9709118975400458e-02        -2.8378518416388092e-03
15                                    -5.4747837468210343e-03        -1.5204288542096698e-04        -6.0658961013079840e-03        -3.0753326840870011e-03         4.3811700555216160e-02        -5.9573437625649681e-03        -2.5340122449277486e-02        -3.3138312901353551e-03
16                                     1.4884637656170530e-03        -2.3988829790688138e-04         2.4442350784698906e-03         7.8466998791976378e-04        -1.8165754322771809e-02         2.7360436606118465e-03         1.4281050605709264e-02         1.8328502533210618e-03
17                                     1.2026545511208469e-03         9.0190876833558874e-05         2.3197971324582199e-03         8.3205359318032932e-04        -1.7866446060015539e-02         2.7190766648016282e-03         1.5341338849720679e-02         1.8650443734397760e-03
18                                     4.4535604528165802e-02         7.6464516355327597e-02         9.4404677607181853e-02         1.2649810887339727e-01         1.4898045912016792e-02        -7.9141881694884952e-03        -4.2498192319487486e-03        -2.6448927449368959e-02
19                                    -1.0865199899642698e-01        -2.7359266012122845e-02         1.2577180342076961e-02         1.2808039868766447e-01         3.0139489981108984e-03        -7.1357624116061835e-03        -4.5831842290919196e-03         1.0506973314105458e-02
20                                    -1.5669589257008967e-02        -1.1582542102733301e-01         5.0711745786407254e-02         3.4810190431053128e-02         3.4620262334222190e-03         1.2974674413961753e-03        -7.9000011467179384e-03         2.4910878266030421e-02
21                                    -3.1078906093773624e-02        -1.9641188526455244e-03         2.9945825231841711e-02        -2.5408482378046729e-02        -1.6794354545252764e-02         8.2712827845270957e-03         5.5013018488870115e-02         1.1142931078898037e-02
22                                     7.2508856482849132e-02        -7.6732075915254577e-02         1.0367451474949885e-01        -4.3466007263941793e-02         3.3356112748503752e-02        -1.6606934513984740e-02        -5.1238087342990518e-03         4.9686772388564421e-02
23                                    -1.1785234899737552e-02         6.1923798651424923e-02        -1.6861095376843136e-02        -6.4669123388999524e-03         1.1171924527524583e-02        -4.1392098594984408e-03        -9.1228659559215892e-03        -2.9411037356548438e-02
24                                    -6.6898938118755177e-02        -5.5190187560211802e-02        -4.8806456446421474e-02        -2.3584774046106630e-03        -4.6944283571193363e-03         6.2573368741221944e-04        -1.0162269899301574e-02         7.6160264542454040e-03
25                                     1.3374664479683648e-02         2.9762690197156834e-02         3.0431699109045616e-02        -4.2679588150483054e-03         1.5621637736979105e-03        -2.6756523160026441e-02         1.4274653130526549e-03         2.2893551614138984e-02
26                                     4.1607092486318699e-02         1.1298401195534609e-01        -6.1669851548569188e-03         1.3355795955240229e-02         8.2533189383540810e-03        -9.0190797151028096e-03         3.6175646463698702e-03         1.5841182726155086e-02
27                                    -7.7021441579794625e-02         4.0248070250844842e-02         6.5155154136102400e-02        -4.9234871596116760e-02        -1.5435017462927668e-03         4.4386370539391859e-02        -6.1419055263445725e-03        -7.3993266762425163e-03
28                                     2.8291026121793079e-02        -1.8236880626584670e-02        -2.0791090655408063e-02         8.9541186419434971e-03        -1.1457490884600999e-03         5.4898304669226586e-02         3.8990684459632107e-03        -6.3789236007527200e-02
29                                    -1.9952854378718379e-02        -5.4876315501259695e-02         1.3427334820729272e-02         1.7537124762530383e-05        -3.7658923287069413e-03         6.7742981297425359e-03        -4.2309759237664502e-03        -3.2724700833950834e-02
30                                    -2.4181293053026662e-02         1.2847541935404045e-02         4.7256417187664180e-03        -1.2704163730324925e-02        -6.6247611661107786e-03        -4.5380133344777689e-02        -1.1156730513019583e-03         6.7950455160938159e-02
31                                     1.0111308412078905e-02        -4.6867059236707434e-03        -1.4913784231154402e-02         1.6214703809802906e-02        -2.8944432902870136e-03         3.9717839668466433e-02        -6.7471908656289350e-03        -4.0687098278058007e-03
32                                     3.5432638406120882e-03         6.0931030689509221e-03         1.2055058210740082e-03        -3.5422829658532411e-04         7.2611421663201325e-04        -4.2597708765823358e-03        -1.7057526180855949e-03         1.1322789036323139e-02
33                                    -1.6524492829344362e-02         9.5147462266413768e-03        -2.2488610165924726e-03        -2.3492023030167768e-02         3.4154687907305662e-03        -3.3965616784801207e-02        -9.5569221559042600e-02        -5.3459802614262055e-03
34                                     4.1942314120150667e-03         2.7726269627092823e-02        -2.1502332056820739e-03         1.3224845648556459e-02        -1.4270391166616233e-02         8.6731936658870543e-04         1.5471231625343114e-03        -1.6618680504365230e-02
35                                     5.9412459401563221e-03        -1.8584836362940626e-02         8.1489624921394620e-03        -5.6663945566873099e-03        -1.6280554457525041e-02         5.6311802177746648e-04        -3.6185164844252308e-03        -2.0637201127428786e-03
36                                    -2.8722914738677757e-02         1.4089173090534453e-02         5.2035610064068462e-02        -4.6772956993120070e-02        -8.6610843632366642e-04         1.1381324335012471e-02         1.1953787123900543e-02        -5.4130897180501437e-02
37                                     2.8743888314786234e-02        -1.6115232076437561e-02        -2.3528243221162579e-02         1.7015581870227399e-02         1.2724825028114122e-03        -5.2796029048293627e-02         1.9361369836588701e-02        -1.8090626715050098e-02
38                                    -1.1286300024367991e-03         1.2421409020895176e-02         3.8650400042828082e-03        -5.2302360823691810e-03         2.9351579931600005e-04         9.1133893672663304e-04         1.8583148930207509e-03        -2.1429188987247645e-03
39                                     2.4961413870277328e-02        -1.8562422196423161e-02         2.8240091531251413e-02        -8.9315661003315939e-03         3.2350685101631338e-03        -3.0671489545787883e-02         8.6854243559878978e-03         1.0543124849144657e-03
40                                    -3.2262666325543865e-02         1.6233112750048316e-02         1.8469686008500748e-02        -1.3170954533051714e-02         2.8899102621986199e-03        -4.3012828000708485e-02        -1.5316778922047157e-03         4.1562437014289737e-02
41                                     2.1600113656462276e-03         8.5619612033838893e-04         3.0058624721903339e-03        -1.5754576156836067e-03         3.7953285272321026e-04        -4.3735254722184012e-03         1.3268745613109374e-03         1.3543747548780266e-03
42                                     2.1646143591586725e-03        -1.7844263571348991e-03        -5.9924699582716307e-03        -4.4493198563650520e-03         8.2998409358017528e-02        -1.2490937906869887e-02        -3.5833189950216733e-02        -7.7406963331226328e-03
43                                    -3.2219776899858756e-02        -3.5789765294782002e-03        -5.9393016219597807e-03        -7.0494366555247075e-03         3.1912650314784810e-02         4.1468136992271216e-03         1.8527039124554234e-02         6.7477288232941201e-03
44                                    -4.5814165171210432e-02         6.7846909097651455e-03        -1.0553936394404445e-02        -7.9349891853530263e-03         5.6102789480868782e-02         3.0378817115880798e-03         1.9455762049094400e-02         6.4990111306957423e-03
45                                    -2.8544513581439650e-03        -1.6534391698667800e-04         3.0266176454383543e-03        -4.3970787816922895e-03        -4.3537303787395565e-02        -1.8010736066388006e-02        -5.7142724708570042e-02        -9.4231360723635719e-04
46                                     2.2082252287475391e-02        -1.1338510618672415e-02         3.7203107165432628e-03         4.0232183445750450e-03        -1.1700648794370553e-02         7.7319806233172184e-03         2.3151439132548548e-02         5.4221347023991453e-03
47                                     2.7049893372288508e-02        -9.6282588351204667e-04         1.5504010783994695e-03         1.2319081692571326e-02        -2.5585137913218783e-02         7.0839160831854646e-03         1.9414118311305757e-02         2.7359449744406234e-03
48                                     3.0908322435672059e-02        -1.0610214523405993e-03        -6.6840816651937987e-02         4.5190813423546972e-02        -1.4773086648019920e-03        -3.6622884663056382e-02        -1.8108723949073113e-03         3.8129698609741074e-02
49                                     5.5055737470649235e-02        -2.3987260780582692e-02        -1.3223054665527593e-02         2.4885784729260861e-02         2.9500800061596616e-03        -9.1327718008963905e-03        -6.3729598915192301e-03         3.6526374869145374e-02
50                                     5.0203900456483553e-03         8.8188725481941249e-05        -7.7118780171891426e-03         5.4722200556077440e-03         1.7909568637288993e-05        -4.6016186968532453e-03        -1.8841603276397221e-04         5.6566856181882530e-03
51                                    -1.8140951217849716e-03        -1.6155005170262182e-03         1.2141401519485744e-02         8.5479934813145593e-05         3.8901981181419209e-04        -1.3008702875117692e-02        -5.0768868591481615e-03         4.8509675293321307e-02
52                                     1.3886929777133787e-02        -6.2903301068175646e-03        -4.3081157568311927e-03         7.6567466755785140e-03        -4.6626901256886322e-04        -1.0203193022397698e-01         2.9683690714444409e-02         3.7901038950990656e-03
53                                    -9.1497969778575291e-04        -2.1366212966752954e-03         1.3382745038184789e-03         1.1762869539807530e-04        -1.3313918677863626e-04        -3.4811478265006535e-03        -3.7586537603768728e-05         4.8450760023528760e-03
54                                     1.5248759969465673e-02        -7.5802721305645387e-04         6.3355236227744275e-03         3.2476972619993674e-03        -3.6569807013165971e-02         1.8564643216845104e-03        -5.8397720328423445e-04         6.1242896232870632e-03
55                                    -1.1182969891299353e-03        -5.3754997269354248e-04         2.2219832230896104e-03         2.8245181283200775e-03        -3.3810677390309372e-02         1.1565577143761821e-02         3.1524859712480958e-02         3.7969642412706756e-03
56                                     5.1587860551825652e-04         1.3919077410204030e-03         2.2283582720609083e-03         5.5892013835838654e-03        -5.2127407003544637e-02         1.6087019805820068e-02         4.2254657304003879e-02         4.6988276510275661e-03
57                                     7.4298315895886110e-03        -5.0528075581443175e-03        -9.0047038606081067e-03         1.1846306402924346e-02         6.5183092148444838e-02         2.1669351077697241e-02         6.5513404906877098e-02         3.0497125904413017e-03
58                                    -6.0978990863709863e-03        -7.5795641926622781e-04        -4.2565075033285348e-03        -2.2116444455201863e-03         3.7798248622747915e-02        -5.2741983401785736e-03        -1.9766311086676206e-02        -9.6896025268523238e-04
59                                    -8.6178992527145074e-03        -5.4376051957080208e-04        -8.2560777205038984e-03        -7.4149931718853245e-04         6.2793409525505814e-02        -3.5121087180961371e-03        -1.5453529678191302e-02        -1.5968682824546994e-03
60                                     2.9719341778310514e-03         4.0495169840756639e-04         8.7359187603448310e-03         1.1432832128160384e-03        -5.6140427257145603e-02         7.3045620746323391e-03         3.5066521119960274e-02         4.2453002156015050e-03
61                                    -2.6483173643894193e-04         2.8822123717806513e-03         3.5411298294179090e-03         6.6939822429332944e-04        -3.4045319604936397e-02        -1.0351186296944171e-03         4.4706066006146186e-04        -1.5509270865948972e-03
62                                     1.1630780733001495e-03         4.4981209602697284e-04         7.4092423652107981e-03        -2.8867440680570820e-04        -5.5440391405914405e-02        -8.7229578253019362e-05         6.8034767241708016e-03        -4.4131281965834626e-04
63                                     7.6170062683081435e-02         7.4514124085869785e-02         2.1371093222449294e-01         1.8117724401047455e-01         5.0223980285222347e-02        -3.0100563186463945e-02         1.6164689530309209e-02         1.5502769555832249e-01
64                                    -8.1744637826831182e-02        -2.8576001793079463e-02        -3.3196175363318585e-02         2.0133318940742295e-01        -3.3789512527265135e-02         1.7576758776885145e-03        -8.6488278481161127e-02        -1.4256563952424769e-01
65                                    -1.1061471776963901e-02        -1.1560970345741384e-01         7.5202582079346963e-02         2.0998031028713560e-02         1.6686173932569465e-02        -3.5149980381156574e-03         1.1081425043502098e-02         8.5482908599120597e-02
66                                    -1.4275818305806218e-01        -5.0370157259471152e-02         1.0110077513546915e-02        -6.3707502278830694e-02        -1.4735924313387347e-02         7.4861316122232083e-02         2.4138629990538740e-01         8.1652701459234187e-02
67                                     2.3353009109736853e-01        -4.9893117279321449e-03         9.4601408484238855e-02        -7.9677349739213213e-02         4.0629926043771476e-02         3.9279766846237706e-02        -5.8311917378289176e-02        -1.8511015870052683e-01
68                                    -6.3054835779675231e-02         3.7753683867421395e-02        -2.4471430970384997e-02        -4.5080281682594852e-03         1.0662743798644753e-02         2.5143684265073025e-03         3.6043110756057928e-02         2.0558608180830940e-02
69                                    -6.0468415341588845e-02        -8.9036729183777669e-02        -1.1634606574039165e-01        -1.5891758422084262e-01         5.7665062383587497e-05        -7.0194974804727278e-02         4.6392255653242204e-02         3.9009264169587449e-01
70                                     8.7926617395518145e-02         3.1403896765926315e-01        -6.7322850169569501e-02        -1.4148275480614259e-02         2.1375603374422316e-02        -6.2273172269457368e-02         3.0239517008079073e-02         2.0952764694748457e-01
71                                     6.3504079821358013e-03        -2.7367358820351330e-02         3.6713501509713115e-02         6.7200307103956981e-03        -7.5138474350398829e-05         8.5741697014270494e-04        -4.7352773569307111e-03        -3.2428328852846945e-02
72                                     5.9326867101875375e-02        -2.3584327311508255e-01        -1.9269329990294667e-01        -4.1707940178339835e-02        -2.3453065207736584e-02        -1.1491006427687006e-01        -4.7510464427612132e-03        -1.5697753279382423e-01
73                                     9.4126354665760650e-03        -2.7626615787176351e-01         2.3334231714657792e-02        -1.8632269044761993e-02        -1.7990581640819982e-02        -6.4919990108943670e-02        -5.7847224455368339e-03        -8.8386044774264455e-02
74                                    -3.0753139363326857e-02        -1.0955528863005498e-01         6.2093535024279528e-02         1.4221763038912441e-02        -1.9724730469913637e-03         1.4450588507385564e-02        -6.7235088104509689e-03        -9.8679930898453085e-03
75                                     6.2920983000525663e-02        -5.9411450721855101e-02         1.6766020397775031e-01        -6.2011349385779929e-02         4.2634001418510661e-02         4.0318848439933469e-02         1.8883201706942652e-02        -2.2408029062707407e-01
76                                    -1.2696706778985016e-02        -6.8002362616603413e-03         9.9464418357786327e-02        -4.4310569928391469e-02         2.5605868457857995e-02        -3.6371564359755702e-03         3.7340519271495017e-03        -8.3590006256664337e-02
77                                     7.5059181322387784e-03        -1.5325840779859337e-02         2.2172441494468179e-02        -5.1551606112293204e-03         5.7697413736206883e-03         4.2105811846285457e-03         1.5179473400296225e-03        -2.7028260304476168e-02
78                                     9.2087105471404918e-02        -4.2503329352677225e-03        -1.6087231079428487e-03         4.3332940968096999e-02         1.0678639870309614e-01         3.8012072541401744e-02         9.4468586417552888e-02        -4.7168498155031116e-02
79                                    -9.9245090759128060e-02         3.6238953949936030e-02        -1.8167071375287919e-02        -3.0370519416582920e-02         1.4703497315649228e-02        -2.9869763362195923e-02        -6.7764332235708449e-02         2.5669990333732507e-02
80                                    -1.0402720051013960e-01        -1.6096490610303639e-02        -7.8587815458739559e-03        -4.6795504704822015e-02         4.9417842344131983e-02        -3.0918507826781537e-02        -6.8192461113812775e-02         3.6553753443715441e-02
81                                    -1.7364999285534477e-01         6.7257074210732085e-03        -1.7132848693334785e-01         5.8747051318489823e-03        -1.4746715490511387e-02        -5.8950499079813310e-03         7.7534533186854354e-02        -1.6345042165252510e-02
82                                    -1.2315962912946937e-01         1.3782042327390262e-02        -1.6067112566137612e-01        -3.2417130156078472e-02        -1.4917325733196601e-02        -4.4998381209907503e-03         6.7311566737933676e-02        -1.1353618840757505e-02
83                                    -1.1900977847388425e-01         6.4741549893571285e-03        -1.0935115369434031e-01         7.1895068941252270e-03        -8.2552147750565991e-03        -6.2430442846009796e-03         5.7297927585505518e-02        -7.2238315346907550e-04
84                                     2.8420845874352351e-02        -1.6865915684933250e-03         5.0884550117196205e-02         1.8708153728606288e-02        -4.5358166703849540e-01        -7.5138744668709775e-02        -2.3566874498861082e-01        -1.2392440740397919e-02
85                                     1.2073629802345177e-02         2.5799300953592317e-02        -3.2035919028306398e-04         2.8932346560693205e-02        -6.2653291956881518e-02         1.7150840139324292e-03         1.4965759679204029e-03        -7.6777349774858842e-03
86                                     4.9145680240259067e-02        -3.1594293545556942e-02         2.3059409610331538e-02         4.1197269852322358e-03        -1.4095451167753817e-01        -7.5090976851525503e-03        -2.4688709671424374e-02         9.3355354219890503e-03
87                                     3.4316013361336453e-02        -1.2429184166832458e-03        -7.0567972707481344e-02         4.8217699286967251e-02        -1.3428610411791327e-03        -2.8725145952825538e-02        -6.5622005179619448e-03         4.7657740277788012e-02
88                                     1.7654965241539211e-01        -7.8003137628932018e-02        -4.1212289688803624e-02         7.3941899964265145e-02         1.2534500716747424e-02         5.0297753015792379e-01        -2.2462557707630773e-01         2.7579128349269055e-01
89                                     5.8177156403871506e-03        -8.2605958747028353e-03        -8.9561467334528938e-03         9.1733636173159262e-03        -4.1793399397806847e-04         6.1903418747228647e-03        -5.4753243388325724e-03         7.5044968484562838e-03
90                                     6.8137264001359069e-02        -2.0286446378465401e-02        -2.2332681570431164e-02         5.4311265054376848e-02         1.5337437788089003e-01         1.3922096739341230e-01         4.3082937150509037e-01         4.0589010488504926e-02
91                                    -4.1476871848349299e-02         9.1206422199504710e-03         2.3442662709688305e-03        -2.6874322727411248e-02        -8.4793757368792338e-03        -7.5061364473064676e-02        -2.3663069895092950e-01        -2.4541297223092024e-02
92                                    -5.0010060041244066e-02         8.9284148968308257e-03         4.1972768909977854e-04        -2.9032701571029027e-02         6.7019253986150143e-03        -8.2999345506238401e-02        -2.6426384531982589e-01        -2.6661377218786225e-02
93                                     1.7566228962287805e-02        -8.1395047227895007e-03        -9.8637339164648065e-05        -3.8671139872322852e-03         2.7151100002274889e-04        -3.4908516569971279e-02         2.2039702500837786e-02        -4.4994471165013095e-02
94                                     3.5846639295874713e-02        -1.8783725492606703e-02        -1.4283770774876617e-01         1.3371349652684256e-01         1.3238092820325377e-03         1.3866600989077996e-01        -1.2047630111276635e-01         2.9473435943791476e-01
95                                     2.3008556926549414e-04        -4.6384076717372776e-03         1.0706001788326760e-04         2.0392033803255201e-03         1.6706877573857714e-04         7.9097933802534885e-04        -5.3382849211811079e-05         1.4058749789941825e-03
96                                     4.6689746881043721e-02        -1.5363704518355321e-02        -5.6800750555020763e-02         4.7386511971778802e-02         2.2714190063212171e-04        -2.4702380448894717e-01         1.0053774158971143e-01        -1.4761203983350546e-01
97                                     2.1481082712278211e-02        -5.8907280234369482e-03        -3.8333794982559025e-02         2.9720357488579718e-02         3.1953893901092502e-04        -1.6234715983469594e-01         7.2436867942299449e-02        -1.2995035791532031e-01
98                                     5.7179509913768542e-03        -1.7112336888948727e-03        -7.4275969726587754e-03         6.2719906630297343e-03        -5.3106252340378827e-05        -3.2065467208822224e-02         1.3319132392128173e-02        -1.9708815115179239e-02
99                                    -2.9154747688830564e-02         1.2697484213028522e-03        -1.2049359248192157e-02        -1.5387063927914803e-02         1.6614768553775616e-01        -3.4420241360826963e-02        -5.0865186145178196e-02        -2.2808837609979149e-02
100                                    2.5024379534288224e-02        -7.6675032301131568e-04         8.3097769633871683e-03         1.2078985186141700e-02        -1.2500422058888930e-01         2.5551502067098854e-02         3.1795749382345008e-02         1.9307632380248792e-02
101                                    2.9498861297363354e-02        -2.3019983270505251e-03         9.4655168957758790e-03         1.3200205060955508e-02        -1.4410795812807159e-01         3.0016455025698396e-02         3.5577522885808545e-02         2.2537326105404355e-02
102                                    3.9945281041807159e-03         3.5703700721467341e-03         3.4028699039625056e-02        -3.2924001091238202e-03        -2.5476784295729410e-01         1.2783801078402681e-02         1.2562908150726110e-01         1.8385001772966425e-02
103                                   -3.1071355015273375e-03        -2.2175469258102877e-03        -1.6642404408163735e-02         1.4705262815691267e-03         1.2628614524105450e-01        -6.6156587138000867e-03        -5.9054450468829192e-02        -8.7845424030681945e-03
104                                   -3.5427657625264962e-03        -1.6702431744330531e-03        -1.7723261373364010e-02         2.8411192235570020e-04         1.3191041727253777e-01        -6.6230381019438140e-03        -6.0497248898230230e-02        -9.0878537730787259e-03
                                                        64                          65                          66                          67                          68                          69                          70                          71

0                                      1.4354606748549480e-02        -5.5660261924205499e-02        -1.9453374435516858e-02        -1.9093813207850398e-02         3.9621531546931828e-02         7.8928782058867552e-04         2.9937416915745398e-02         1.1880800316022987e-03
1                                      4.6644625595012902e-03        -7.2051983495862249e-03        -9.2064803819933219e-03         1.3446315083236500e-02         5.6626125306687763e-03        -5.1043195469872467e-03         9.4011337047747168e-03         1.1263451717775708e-02
2                                      5.1380627044989068e-03        -1.1179437639680200e-02        -6.9282362725041060e-03        -2.3207158847318031e-03         1.4881479073141392e-02         1.6251061001039457e-02         1.3150904664248411e-03         1.3710188865949867e-02
3                                      3.5186619110186617e-03        -6.9079782834722088e-03        -5.6417930230398781e-03        -1.1033909244944627e-02        -1.2883788741197527e-02        -2.6399978070098348e-02        -7.9074323460845402e-03        -4.9769698029240896e-03
4                                     -3.4207618825721556e-03         4.4953852266346201e-03         4.3720289773305603e-03         2.6406906671652837e-03        -4.7088147117750013e-03         1.4747956573489710e-02         9.1864414883288774e-03         1.8584101560622081e-03
5                                      1.6181015876571389e-03         1.3055281509103196e-03        -2.1072611660893404e-04        -1.1142176929104745e-03        -1.5073910782208575e-02        -1.0333540168320837e-02         9.6994839799580471e-03        -1.4234197008007742e-03
6                                     -1.8868890154986212e-03        -2.3198750613627073e-03         4.3221861646450619e-03        -1.8722069530850531e-02         3.0759858002517366e-02        -1.0522146236770637e-02         4.7352145001217389e-03         2.1453021901478592e-03
7                                     -1.8311944448743641e-03         5.8794347980256024e-03         2.0719669264654202e-03         2.3161417058327086e-02         2.6912781024563431e-02         8.7178047288979828e-03        -5.2538681951160876e-02        -1.2607611851419065e-02
8                                     -3.1052795166880545e-04         7.3850573326444458e-04         1.0404074926580642e-03        -1.6913097595866852e-03         4.7107125418008105e-03        -1.2936181608113947e-03        -2.8747041649634572e-04        -2.0803563687312956e-05
9                                     -1.7810322389385882e-03         6.8085527112283165e-03         3.3339832787072305e-03        -1.2015120504371979e-03         4.0784099330103692e-02        -1.3807270638866007e-02         2.2903118518696017e-02         8.8528875681391141e-03
10                                     5.8246574264822397e-03        -1.9600562566891321e-02        -1.4118621833707561e-02         2.4679989979352043e-02         1.5933306159831816e-02         6.8257977566637332e-03        -1.5272913799315413e-02         9.4654368379407539e-04
11                                    -1.1814572540152360e-04         3.9168200940345715e-04         1.2720917751486994e-04         8.9858580242381791e-05         5.2422566708795644e-03        -1.5762705015903364e-03         2.5663801219258336e-03         1.1061858065816357e-03
12                                     2.4395578812482999e-02        -1.5395728198488286e-02         4.4919762605453030e-02         4.5361001891156862e-03        -4.8691986917236696e-03        -5.3251323008669769e-03        -4.4902469392840262e-03         9.2454590169112998e-03
13                                    -1.0381033272623510e-03         6.2631852363483845e-03        -1.8954060384876726e-02        -5.6121364410502417e-03         4.4717608188143028e-03         7.5038144514043550e-03         4.9027550698277295e-03        -2.5374299813806678e-02
14                                     2.4047973859907916e-03         6.1240695906391342e-03        -1.9021872398404183e-02        -7.0570838172922664e-03         5.3794854191535468e-03         9.4895370422960496e-03         6.0713679910649049e-03        -3.2952594204830550e-02
15                                    -7.6044110835520621e-03        -1.3911610431165405e-02         2.0928893731470326e-02         1.7262398339147596e-03         6.8996599061833959e-04         4.3546128954775350e-04         6.9788527450676758e-03        -4.5749679217227744e-02
16                                     6.6643564816181991e-03         1.3776315642217755e-02        -2.5673608070851693e-02        -3.3711482906146075e-03         2.1316611404082939e-03         2.3200411745488442e-03         9.3848193309773191e-04         3.3422245300972963e-03
17                                     7.9656368997391720e-03         1.6751942373827929e-02        -3.1673552582212050e-02        -4.3303255265973398e-03         3.0177209784410133e-03         3.3174207586538595e-03         2.3139848949537542e-03        -2.5257565045114319e-03
18                                     1.2362317092884012e-03         3.1253091744834614e-02         1.8653392838523276e-02         1.9857982126092306e-02         1.0379863489543855e-02         3.5050108235674567e-02         1.5051693702376275e-02         4.3626510166624392e-05
19                                     2.2559279271585505e-03        -1.2174514235075064e-02        -8.3978078268625456e-03        -4.1740365685762025e-03         1.5148802478055371e-02        -1.5787966191190935e-02        -1.1140927529057435e-02        -4.7604863061070021e-03
20                                     6.7696333999654997e-03        -3.6330420017478597e-02        -1.9907579222883796e-02        -2.4837632986647179e-02         1.3841130877882002e-02        -2.5362931825420225e-03        -9.5660095336166200e-03         1.5665483316042565e-02
21                                    -5.1170385985710845e-02         1.6357967725875319e-02         1.2484636530357876e-02         1.7188111039166027e-02        -2.6900288044425180e-02        -3.1198191008426988e-02        -2.1630298460961837e-02         2.1321965151193192e-02
22                                     1.0078535855287186e-02        -6.7962854290093263e-03         3.5569691724273212e-03        -1.8935119569602785e-02         3.2239529216446733e-03         3.9830020163141279e-02        -5.5247348778393792e-03         1.0481297831877272e-03
23                                     8.7097417898143233e-03         3.9151603254994637e-02         1.0315856601554072e-02         9.8532322924388630e-03        -3.0764822066525942e-02        -6.4394989740634817e-02        -1.7142516022492209e-02        -2.0957591739898283e-02
24                                     1.0336241008525666e-02        -1.3827331154164939e-02        -1.4380775630021275e-02         2.3707670011579350e-03        -2.9166685400817953e-02        -2.7143112256266137e-02         4.8307043334573023e-02         6.6501271132681922e-03
25                                     7.6525589168309725e-03         1.2045912590029705e-02        -5.6179241969372951e-04         6.1613141903879162e-02         3.9926324468965739e-03        -1.8786403811034524e-02         5.0057742393340481e-02         1.1210092200801550e-02
26                                     1.0703304573765076e-04        -5.7493899848845400e-03         1.5968696590803692e-03         6.3083545480860839e-03         2.2384895418027340e-02         2.0480384500776206e-02        -5.5699419347869580e-03        -5.4408370080528557e-03
27                                    -4.3594429897712205e-03        -1.0794362215408464e-02        -3.2286000459428557e-03        -4.4234293765519572e-02        -9.1479291881711541e-02         2.0775169063508944e-02         4.4442919058954165e-02         1.2273153128202352e-02
28                                    -1.7611497723683311e-02        -2.1793863424261876e-02         4.6601046400574844e-03        -1.1644567333531415e-01        -2.9537005378335018e-02         5.1833496526334698e-02        -6.1297522324650154e-02        -1.6825154331027197e-02
29                                    -1.0242838955245338e-03         2.9799506428100853e-02         1.3014608213658480e-02         7.9930144686507082e-03        -2.2120280981069915e-02         8.7476482319060155e-03         1.3937179530516061e-02        -4.5499232743914826e-04
30                                    -1.3038108632974985e-02         5.7372637487341976e-02         1.9980609362334034e-02         1.6119861472380741e-02        -3.0290170574472211e-02         1.7931159919846160e-02        -5.6090980199919351e-02        -1.0426133992763110e-02
31                                    -1.6176024620469426e-02         1.0315464882932356e-02         1.0018285967017253e-02        -6.7953660714478684e-02        -2.5367918833798474e-02         2.1227528006142145e-02        -3.0606308464794185e-02        -3.9630835718386815e-03
32                                    -7.1450212350391076e-04         4.5708445730959345e-03         1.4454672797260051e-03        -2.5326180487220645e-03        -2.4300433656458081e-03         3.9741109471266283e-03        -8.5669018432779180e-03        -8.5166453022450614e-04
33                                     9.3417726229944015e-02         2.3760128364046288e-02        -3.4183450403525786e-02        -2.5305947998916514e-02         8.7947145004279165e-03         1.1255722759028515e-02        -1.1391209627500754e-02         7.1468336146764899e-02
34                                    -1.8405674412623519e-02         2.1426429799057005e-02        -1.1966877761890062e-02         4.3260371530438897e-03        -6.2190859319978106e-03        -1.1022963625012825e-02        -1.3345843439673891e-02         2.6310193218553869e-02
35                                    -1.4394203025963410e-02         5.4673764736172812e-03        -2.5173453223977186e-02        -6.9943299535216528e-03         9.7538630282878859e-04        -2.4650300136336133e-05        -1.0914561198989620e-02         4.2097239094307813e-02
36                                    -3.7392609569571172e-03        -3.0340944876856221e-03         4.5192696220579540e-03        -1.6737412214217532e-03         2.4920421969289504e-02         1.2070203374311002e-02        -4.1090023559103614e-02        -1.1165529096489841e-02
37                                    -7.0876521511727760e-04        -1.0958847149971408e-02         7.5935012475563789e-03        -4.7662870304417397e-02         3.8631753042073454e-02        -2.8030677140965871e-02         6.0594105271844778e-02         1.6603765480377571e-02
38                                    -3.7957204841221012e-04        -4.3867636654547149e-03        -1.1836030146690644e-03        -1.9179866966995899e-03         3.6811268544410434e-03         8.8689996313304556e-04        -4.6743488511336081e-03        -8.0977211222250868e-04
39                                    -2.2500948792880990e-04         5.6550428767400502e-03         4.2674343651748700e-03         3.9699375868512497e-03        -1.1508970811310760e-02         1.3523616761907461e-02        -4.9115597630186504e-02        -2.0812555255568538e-02
40                                     9.2477257371296542e-03         2.1474758143404240e-02         5.8722332066276951e-03         5.1060964288993115e-02         2.6631475654269304e-02        -2.8270690081389271e-02         2.6573258138668194e-02        -1.0368514171785735e-03
41                                     7.1315198076554539e-05        -6.5001144509358401e-05         1.6810811687325043e-04         9.9827442870778754e-04        -7.8027900902613405e-04         6.0711552456945924e-04        -5.5155870887281513e-03        -2.7687273892501290e-03
42                                    -1.9852591660028483e-02         1.5019847657834302e-02        -4.3064312533456661e-02        -7.8706981572546301e-03         6.2536060465685148e-03         6.6312321164964756e-03         7.7408867382902733e-03        -3.3557957848208676e-02
43                                     2.7590132200280143e-03        -4.0179569163453386e-03         9.0378227797041286e-03         3.9821406928040618e-03        -1.9970328920382099e-03        -2.8065252147032710e-03         2.1999082036632100e-03        -3.0797032119280719e-03
44                                     2.9387444633380234e-03         4.1723576403940625e-04         5.7887583362557235e-03         4.6317477942378407e-03        -2.3149994249739591e-03        -3.0477030703310037e-03         3.8141203846432273e-03        -1.0324059112619610e-02
45                                    -1.3538241909268528e-02        -2.1975113123296672e-02         1.8656475591012883e-02         1.6742095461040986e-03         3.9132812997085152e-03         6.8443715221407986e-03         3.9466463364806401e-03        -5.4564381242926388e-03
46                                    -1.3378456141754150e-02        -8.3625667162894202e-03         9.5347991994156438e-03         4.8059988409225145e-03        -1.5812044567562274e-03        -1.6951700803048172e-03         4.6624473033039294e-04         9.6980894376801369e-03
47                                    -2.1316112971424772e-02        -1.2338939887584142e-02         1.7426156345167657e-02         8.4592236581562692e-03        -2.1236278054564974e-03        -2.7183783405135384e-03         8.3666846355450342e-04         1.2283364138873570e-02
48                                     8.3439851634065591e-03        -2.4945071079535085e-03        -1.1063902197724738e-02         4.5117060879568585e-02        -1.7543139935933646e-02        -1.6458945781250468e-04        -3.8464999772180601e-03        -3.8670337867887234e-04
49                                    -2.6856943042231690e-03         1.9196520874449778e-02         1.0459627959399720e-02        -1.6042943941080058e-02         1.1655257920196492e-03        -2.4039997558005764e-02         6.7625003661112265e-02         1.9305855899965165e-02
50                                     9.4408431101636943e-04        -6.6427273420549852e-04        -1.3743621411201634e-03         4.4417099146303231e-03        -1.4673041579813810e-03        -6.4682618047113313e-04         5.2309735275103881e-04         3.5100272193668778e-04
51                                    -1.5523000437347700e-02         5.1303406170608024e-02         2.9074765338967586e-02        -4.5349715051205282e-02        -5.3073782847476115e-03        -1.8312942150329893e-02         3.6122175444883525e-02         3.0367435259651301e-03
52                                    -3.3789441666391713e-03         6.6506663776290022e-03         9.3411984959520036e-03        -2.3446202828918530e-02        -3.5247107156060581e-02         6.4468588590297911e-04         6.9840762318199639e-03        -6.0865109966574309e-03
53                                    -2.0106676586280356e-03         7.1309408584337639e-03         3.9958249483314561e-03        -5.2499378696979002e-03        -1.7007122404781299e-03        -2.2707213831914706e-03         4.2099074386328962e-03         3.4070414944437857e-05
54                                     4.0237895722987652e-02        -1.9890473539819636e-02         5.4420061908173924e-02        -2.6630565721664411e-04        -1.4879722517900644e-03         6.0616692079087557e-03         1.7416578980734493e-03        -3.1843668170026609e-02
55                                    -2.1890269535515096e-03        -9.6402020340294343e-03         2.5145802784877266e-02         8.3548553268489017e-03        -6.4415342607669806e-03        -1.1563919941574278e-02        -7.9587466047437248e-03         5.2209087462632281e-02
56                                     3.3958303463790655e-03        -1.5390048512726269e-02         4.3053608740376149e-02         1.1819813739666198e-02        -9.2736988293500040e-03        -1.5699684313410043e-02        -1.1004898204938492e-02         6.6458743568447123e-02
57                                    -9.4841849157708148e-03         8.0090912682907901e-03        -2.0271034116077133e-04         4.6416425955610255e-03        -4.1837180819973259e-03        -4.6243275193245089e-03        -4.1391795031686957e-03         1.2282437688919262e-02
58                                    -1.7084592350148829e-02        -1.6041821668157315e-02         2.3020242925179273e-02         3.9474078595387180e-03        -5.9802766275725641e-04         1.1784201280601050e-03         4.6716838480921029e-03        -2.9377763069293322e-02
59                                    -2.4887452402212719e-02        -1.9584324818805357e-02         3.1679781025983546e-02         6.7792630875416751e-03        -2.0917358057866999e-03        -5.8876004122542522e-04         5.5557917817186196e-03        -3.8967411470027150e-02
60                                     4.6560962886928094e-03         2.0807287723035240e-02        -3.0537301260725225e-02        -1.2820696588691487e-03        -3.8977872040878618e-03        -4.7807399134714218e-03        -1.6540885362911636e-02         9.9599680043045549e-02
61                                     5.7247380132704924e-03         1.5962873729095901e-02        -3.4942772918792539e-02        -5.4180727383235519e-03         4.7402247931704689e-03         3.0892367493469100e-03         5.7561240421338949e-03        -2.2993227422497538e-02
62                                     8.3536540024491089e-03         2.4300223639605226e-02        -5.2903173052209519e-02        -7.8800283366096419e-03         6.0910713724100533e-03         3.9441669105082745e-03         5.4768493835489077e-03        -1.5789421691775687e-02
63                                    -4.3186909383793482e-03        -1.2334621169612255e-01        -2.5148217487444811e-02        -5.1297149984407826e-02         1.6834995772533498e-01         1.3304466214855915e-01        -1.0698811677897675e-01        -3.1872690313177889e-02
64                                     6.6301691505202903e-02         7.3990281446334322e-02        -3.6702688108808015e-02        -1.5492574952058316e-02        -9.3308929487590397e-02        -5.4420830025815348e-01        -2.8749311432392494e-01        -9.8655842918282763e-02
65                                    -6.2035827520448552e-03        -8.0791742357029836e-02        -2.2979462222553836e-02        -3.7170877876592373e-02         6.0363840039831966e-02         1.0934347555130634e-01         1.8682527127320939e-02         2.6967264790895916e-02
66                                    -1.9462700535369815e-01        -1.5658515393495626e-01         4.1296700081201003e-02         6.6636872092215527e-02        -1.8616031208898595e-02        -1.0734885131231379e-01         1.5920022432585129e-01        -3.0849722607244051e-01
67                                     3.9022680400149737e-02         7.8653479270613308e-02         2.6890444856866688e-02         7.5135950366186227e-03        -1.1804440181817820e-01        -2.1783752279811269e-01         8.0175859940049790e-02        -8.6879779251635952e-02
68                                    -2.3263075061460928e-02        -1.4522561096472909e-02         1.0011501200978283e-02         1.4177603238206712e-02        -7.2626131302433112e-03        -4.1280138689246682e-02         7.2861957180133993e-03        -7.4086243783421615e-02
69                                     5.5341726138567219e-03        -3.2219477123137125e-01        -1.5826400954707240e-01        -7.4823998873000494e-02         2.2722854285586722e-01        -1.9283215120142394e-01        -2.6074871744215433e-01         1.3549040238431075e-02
70                                     5.4783450846515687e-03        -1.5236650071622407e-01        -6.8298531146641611e-02         9.2064944684217551e-04         1.4650368855667872e-01        -5.9304978733446943e-02        -1.0577398897960526e-01        -2.3758907066655831e-03
71                                     7.7281257176740968e-04         3.8919110651298924e-02         1.8054623484652033e-02         2.4028681056450524e-02        -1.9286100907123079e-02         2.1742458323137800e-02         3.5043987751641484e-02         2.4553729541386066e-03
72                                    -4.3279426529170351e-03         3.3220532146670700e-01         1.4597919565809389e-01         2.8909951472395701e-01         1.5527730002964382e-01         7.2691315603563983e-02        -1.5190014411097669e-01        -7.0376303578574023e-02
73                                     8.1921553878745376e-04         1.9538371375672142e-01         7.7187771304298436e-02         1.8553873959639305e-01         4.3933555199933985e-02         3.2244473761155051e-03        -2.0383577419074438e-02        -9.1113124655549348e-03
74                                     1.0599966965600866e-03        -2.3475286573045144e-03        -4.0346719395100003e-03        -1.8320461965950666e-02        -3.3840493166729199e-02        -6.8319795231459469e-03         2.6559203014464294e-02         1.4575401346671910e-02
75                                     1.3386965272836876e-01        -3.2271953157920419e-01        -1.9257683855784358e-01         3.6431303059368780e-01         2.1871363837303544e-02        -2.7434671959094346e-02         1.6995181597388040e-01         7.9063177670564644e-02
76                                     8.5567519054936869e-02        -1.6230299365496426e-01        -1.0425907444986031e-01         2.5613955526173032e-01         5.0134407305905682e-02        -5.6775515953903219e-02         1.6075628527017669e-01         5.7471250301853974e-02
77                                     1.6794194465780100e-02        -3.8100471699112896e-02        -2.3416937799369045e-02         4.6413764667728806e-02         3.9541448420696394e-03        -2.0562262399493477e-03         2.2200278268864771e-02         1.1303620075839753e-02
78                                    -4.2433143407980078e-01        -3.3233967414630688e-04        -5.5035233087211463e-02         6.8882286830940428e-02        -3.8261393004812828e-02        -8.0825003241962678e-02        -4.4464650141531552e-02         1.9381756120658888e-01
79                                     2.6520774063355518e-01         1.6412775569400549e-02         1.5083950651442636e-02        -4.3854629165861581e-02         2.5200298315344757e-02         5.2718232988736624e-02         3.5297767533353709e-02        -1.4512671108647041e-01
80                                     2.7215706734623873e-01         7.1570756316021731e-03         7.7551348242922303e-03        -4.8544658330245863e-02         2.8429045452054751e-02         5.4732182071688555e-02         3.9308776463361922e-02        -1.6112677537338266e-01
81                                    -7.0621223928734059e-02         5.3642950580533706e-02         6.0572855760858350e-02         6.9083137086964452e-02         1.1929632618545401e-01         3.2450475501124387e-01         5.0421329294880142e-02         4.7254665805258431e-02
82                                    -5.9707418676834038e-02         4.1071351564352140e-02         5.1134686326793945e-02         5.8147427110935256e-02         1.0111154309063712e-01         2.7615056683376188e-01         4.5051617164582593e-02         3.9611759879497797e-02
83                                    -5.0128537048036784e-02         2.6576196290380081e-02         3.9825487252318825e-02         4.5833006995075490e-02         8.9403391509222982e-02         2.2961913215194615e-01         3.6565839320681748e-02         3.3101597861804936e-02
84                                    -3.6193765894233682e-01        -1.3301167726874222e-01        -5.0614785000243174e-03         4.8877331208411361e-02         3.1558783078084504e-02         2.9599418974694581e-02         9.9252780823548020e-02        -3.8313639528924026e-01
85                                    -5.9968920649722826e-02        -1.4515069736165573e-02         1.0275158817690495e-02         1.5628239310985472e-02        -1.9833771888023164e-03        -8.1467887199767868e-03         1.1245377012506190e-02        -3.8379602989789541e-02
86                                    -1.2476390734929071e-01        -5.2425508896379827e-02         1.0358290929913689e-02         1.9897004727445280e-02         8.2362376027345936e-03         9.8959022953306278e-03         2.9996986985216689e-02        -9.8186831475947714e-02
87                                     9.1587282683034798e-03        -6.5825822789627965e-04        -1.2946909486576143e-02         5.4764256849034167e-02        -2.3056382143112137e-02         2.5844486978934774e-03        -1.1568942009746971e-02        -2.9341016104298297e-03
88                                     1.4410744120858736e-02         1.2080527889862246e-01        -2.7034685629491958e-02         3.0733734418053293e-01         2.5629088615407331e-02         5.0799883342230436e-02        -2.4826406179678423e-01        -7.5648893243065313e-02
89                                     1.2918421303551558e-03         6.1976109491422562e-03        -1.8708612817280220e-04         1.4161384377400825e-02        -4.5609375676778753e-03         3.2637674900301943e-03        -3.8788370106398956e-03        -1.5806846446006922e-03
90                                     1.4539126652480985e-01         8.3696274150741087e-02        -3.0411670476750498e-02         1.4941894212947794e-03        -9.5171948657837013e-03        -1.6602072913616272e-02         3.7536697513782039e-02        -2.1780977451082820e-01
91                                    -1.1172094389958176e-01        -6.1526489930942264e-02         4.5513661551117093e-02         7.3396721652948622e-03         1.4986493526456552e-03         7.2719406302064584e-03        -2.1831123260976061e-02         1.1438949677742180e-01
92                                    -1.3528740210562834e-01        -7.5591060160077092e-02         5.7889655427799135e-02         1.0150619581395936e-02         9.7860686205115195e-04         6.9883691286078417e-03        -2.3414086262812040e-02         1.2226345867881999e-01
93                                    -6.2773628130135886e-03         1.7466003649617993e-03         1.4423039805902154e-02        -3.0225767761937049e-02         9.3159625426139550e-02        -2.1814836546655749e-02        -1.6778875893034242e-02        -1.6429140657916422e-03
94                                     3.8001022233735283e-02        -3.0661097933297052e-02        -8.9241147378749469e-02         1.1782185650024703e-01        -5.5889929919165793e-01         1.1137629570656513e-01         1.7175069715733576e-01         2.8182991763034997e-02
95                                     3.0388852807250420e-05        -3.1882441111464304e-03        -1.3196857798625898e-03        -3.9417764502949195e-03        -2.4478005191020708e-03        -5.2096124814521923e-04         1.1696204259817812e-03         6.4905945178694174e-04
96                                     5.5572989460300017e-02        -2.1811346522722977e-01        -1.3058279047811044e-01         1.4073281989358910e-01        -2.9469522028042616e-01         1.7148148796605911e-01        -2.7317740891491521e-01        -6.0184743746208982e-02
97                                     4.7784425533555296e-02        -1.8438534059256617e-01        -1.1212212398073754e-01         1.2859764102101395e-01        -2.2519164323373284e-01         1.4097623177657920e-01        -2.2899936040823612e-01        -4.8431844836187871e-02
98                                     7.4620100334532209e-03        -2.9071291060311092e-02        -1.7202423161853754e-02         1.8923620033523506e-02        -3.8997107241309038e-02         2.2850256958850443e-02        -3.6746447090938682e-02        -7.9420022891751978e-03
99                                    -2.1360013175159878e-01         1.0161186508818111e-01        -2.9228814031693878e-01        -7.3982119408983775e-03         1.8262902149988564e-02         5.5087754395931506e-03         1.6462774097838230e-02         4.0235342217303606e-02
100                                    1.9095303680239498e-01        -8.7476407733483308e-02         2.5173039087687565e-01         3.1658795207743107e-03        -1.3847887800188153e-02        -1.2244748947544184e-04        -1.1347431945084401e-02        -5.1321349899425828e-02
101                                    2.2641463391088279e-01        -1.0399063462168685e-01         2.9668234110966296e-01         3.9426751954054172e-03        -1.5745354991474066e-02        -6.0113030037102239e-05        -1.3174983242980470e-02        -6.3766645428514526e-02
102                                    1.1326373527405363e-01         2.1407709818223422e-01        -4.3092137712037176e-01        -6.5868963347207224e-02         5.1462198119313969e-02         5.4373576196367387e-02         5.8944698016662092e-02        -1.7928991446178696e-01
103                                   -5.2316587115224425e-02        -9.6339259341891373e-02         1.9291436228509820e-01         2.9302926211445316e-02        -2.2418146792556815e-02        -2.3448618810314431e-02        -2.4245660201699590e-02         6.7704150613360908e-02
104                                   -5.2944780310605649e-02        -9.7694927242838139e-02         1.9502143669228594e-01         2.9664184826704170e-02        -2.2667316646898271e-02        -2.4371893863235582e-02        -2.3727332304793260e-02         6.3355741625129178e-02
                                                        72                          73                          74                          75                          76                          77                          78                          79

0                                      1.0841335054298271e-02        -6.6473578323323077e-03         1.3600188472923081e-03        -1.2632606040489559e-02        -8.4411440766654511e-03        -4.2612811508906502e-03         1.3278977552203183e-02        -3.7049802664307074e-02
1                                     -9.8556461190186812e-03         8.9932015818555543e-03        -2.9779923926646292e-03         9.2423092183347884e-03         9.8557744001010329e-04        -1.3624817992376002e-03         6.8904788272375235e-03         6.5685283202919107e-03
2                                     -8.1137010139785935e-03        -3.7758714390408307e-03        -1.8590042106920442e-02         7.8019665620418259e-03         3.3639117291425556e-03        -3.0688023853670419e-03         6.7334265208382812e-03        -5.9568272235323262e-04
3                                      2.6336520625039810e-04         4.1203213647641519e-04        -2.1596367816305449e-02        -7.4722059328380186e-03        -8.2742293058986564e-03         5.5632891833661980e-03         5.4903826587609315e-03         4.1204161957789781e-03
4                                      4.7024091276755660e-04        -1.6860119765036224e-03         5.3346679474698721e-03         2.2841561990027738e-03         1.0986011095979512e-03         6.7884289522441806e-04         5.3745046405785353e-04        -2.0661451795308760e-04
5                                      6.8936324097369876e-03        -1.8876885700723510e-02        -2.8951197079343134e-02        -2.1903603430326593e-03         3.1525007953488800e-04        -7.4675567166998030e-03        -4.2782505870171180e-03        -1.7821760250321583e-03
6                                      4.8928616660361213e-03        -1.2944563886327714e-02        -8.7990708726549006e-03         3.2378514553835364e-03         2.8732862308338521e-03         1.3586123481423707e-02        -1.0746063527388893e-02         1.4121115361671623e-02
7                                      1.6854950387115895e-02        -3.1435027044786228e-02         1.1764173874645933e-02        -9.2314534214207140e-04        -4.0237049720976536e-03         1.5403730499982430e-02         5.3654573735418811e-03        -3.7155274228459184e-02
8                                      1.0353631890000616e-03        -2.4388414632835185e-03        -1.1373764657326029e-03         4.0469790954907346e-04         2.6840074736495586e-04         2.3840607053737207e-03        -1.3979025134046278e-03         9.3219608424589221e-04
9                                     -1.1544319417912835e-02         1.9757693538528506e-02        -1.2797512157238830e-02         4.5370330286964734e-03         5.3446820535517654e-03        -1.0302150857253037e-02        -5.7534441981016843e-03         2.4460823958578643e-02
10                                    -4.6997304499289900e-03         5.5663404173470019e-03        -1.4309264915733210e-02         5.6152080213838686e-03         6.9649273329576884e-03         9.8774254851738373e-03        -1.7658639662055827e-02         2.6979234568642516e-02
11                                    -1.4512884901062243e-03         2.4371571018132272e-03        -1.7248884500882164e-03         6.4858917195345623e-04         7.4800681796945276e-04        -1.1511823071158132e-03        -8.9849971422536297e-04         3.2784136544971197e-03
12                                    -2.3412049467758819e-02        -1.1455479227024805e-02         3.7883884387937420e-03         1.0656571180942013e-02        -2.1864926915687512e-02        -4.5672948129797455e-03         8.7803430812274340e-03        -8.7531989898365706e-03
13                                     2.0770567091178249e-02         1.1680344424162685e-02        -3.9733834950923946e-03         2.4087942123891346e-02        -1.0564961598062595e-02        -1.2301421096781056e-03        -1.0868941581019406e-02         6.7136471618229280e-03
14                                     2.4675072426830383e-02         1.4084320012353838e-02        -4.8290551400566239e-03         3.3844199427069073e-02        -1.7405820241487870e-02        -2.2878149086943173e-03        -1.3395986760199914e-02         7.8096299941800961e-03
15                                    -6.9967166412315845e-02        -3.0454948662941062e-02         4.9195122032377296e-03         2.6856824282410017e-03         3.1235211995569996e-03         1.6372889087232370e-03         2.0786024928549598e-02        -6.8875240598880831e-03
16                                     1.3362832898784639e-02         5.9904298674089843e-03        -1.5193693019096820e-04         4.3781941948280280e-03        -1.9092565016010192e-02        -4.3096441706378169e-03        -1.8709357408283687e-02         3.2783410786531696e-03
17                                     7.1261387601507173e-03         3.3611649219809558e-03         5.4411293358914731e-04         6.4889693680565763e-03        -2.5386187692141578e-02        -5.6155081158185596e-03        -2.2115179694318064e-02         3.3801141274810622e-03
18                                     5.9087038754279380e-03        -1.7235091623176040e-02         2.5055686668734472e-03         2.3719715595049196e-02         4.9261210216365217e-02        -7.3807130542893798e-02        -5.4432425134450783e-02        -5.7697211860665877e-02
19                                     8.6932820229114697e-03        -1.4954692249468996e-02        -1.6974504130608338e-02        -1.2177933584898579e-02        -5.0142754086916416e-03        -8.6916814863895152e-03        -1.1770053869497994e-02         2.0512513962659719e-03
20                                    -6.5549138420359461e-03        -2.9781114825371503e-03         7.6394755183112034e-02         3.1076943566608190e-02         2.8573669868388375e-02        -9.0019247336075598e-03        -1.4029062717783900e-02        -8.2436938370937995e-04
21                                    -2.2953236554928046e-02        -3.5991722476805131e-03        -1.0631445782700494e-02         9.1279093681381332e-02         2.8986734563279104e-02         2.1680785688755325e-02         1.6191286600248857e-02         6.9715809455942135e-02
22                                    -3.9244107929883535e-03        -9.3585239349549161e-03        -7.5625723388096464e-02        -2.1826280237887886e-02         3.0222172662880439e-03        -1.3127165978849635e-02        -1.2143795873242557e-03        -2.0447952992491643e-02
23                                     4.8977671918550639e-03         8.3789505844469921e-03        -4.9512798260668896e-03        -9.9284778834505486e-03         1.0410369084245301e-02         5.8038356918996758e-04        -1.0287747527773686e-02         5.3310666990017547e-03
24                                     4.5970099039615547e-02        -9.6722802405809924e-02        -7.6925384706272382e-03        -9.9623386170748542e-03        -2.8965281154844515e-02         3.6601963192675349e-02         3.6561026209916858e-02         5.9225162949193819e-02
25                                     1.7619236958324510e-02        -4.4149287540092452e-02         8.9710530419800042e-03         9.4336040645299334e-03        -7.9297718961777088e-03         2.6708766894493981e-02         1.5750961593072887e-02         8.1239342896809418e-03
26                                    -1.7262631180899378e-03         1.7019522644418264e-02        -9.3185933067042852e-03        -2.0198468877329352e-02        -2.0103274377409899e-02         1.7755110882967180e-02         1.4299888283365767e-02         3.9855996971479733e-03
27                                    -3.8801197485715026e-02         7.1798988526270244e-02         1.0024395644609677e-03         9.7270908839620918e-03         8.5547955800098531e-03         4.0584991912370749e-02        -2.5942276106987024e-02        -5.1699610899198535e-02
28                                    -7.2040812930547230e-03         3.1678532069057921e-02        -9.2728763263605872e-03        -2.2017328136195655e-02         1.9793040763185760e-05        -6.7898812490978303e-02         1.1049852034414999e-02         3.8552725420828528e-02
29                                    -3.0277572179463271e-03         8.0307896564510029e-03        -7.7797313995648584e-03        -3.4715477065481509e-03        -3.1750589510187608e-03         6.0568662294233373e-03        -3.1580738369364704e-04        -3.4712894898407788e-03
30                                    -1.2312840429751233e-02         1.9625716056271857e-02        -2.3408845455165937e-02         1.2428270451743209e-02         2.0496992789675952e-02         2.4194640312429821e-02        -5.2528423961171931e-02         7.1179328230602440e-02
31                                     4.9509331099382107e-03        -2.1801448278729783e-02        -9.6689221593692816e-03         1.8979714916570311e-02         9.0481761573569536e-03         1.0095408263119691e-01        -4.3331587923887700e-02        -5.7294726793969873e-02
32                                    -1.8842566922471870e-03         2.1579742329078566e-03        -2.8777785322776843e-03         1.7804907943106505e-03         3.4230878295280209e-03         6.7380566672185505e-03        -8.5056545313071854e-03         5.2641559920752418e-03
33                                    -3.7200342775927216e-02        -2.3843942801765078e-02         1.6646801385376869e-02        -6.8588935208961144e-02        -3.5548923586890629e-03        -4.0677618786367862e-03         2.1265290519339727e-02        -3.2024598308321398e-02
34                                    -9.4079450642437171e-03         2.1311792191359971e-04         8.3256890568447778e-03         6.9747702649987475e-02        -2.2213206864792206e-02        -2.0393434619547074e-03         4.3491621003888099e-02        -9.0118483893995346e-03
35                                    -1.2702722427788910e-02        -6.7291923103770775e-03        -3.6436978743308881e-03         6.7291086227396976e-02        -4.4533084495444117e-02        -3.8644889952821888e-03         6.7059171735740400e-02        -2.8000436684328261e-02
36                                    -9.7504574320606929e-04         1.4532234831011275e-02         1.6712868151426426e-02        -1.6759678078705095e-02        -9.8049952227902432e-03        -7.9853679319650303e-02         4.3390985110702315e-02         6.5617559232438892e-03
37                                    -1.7802829338377773e-02         3.0036801282640403e-02        -2.7169517807762951e-02         2.3399470828897565e-03         9.6076212852330267e-03        -2.3366102797529126e-02        -1.9144782308870900e-02         1.0004163592573206e-01
38                                    -6.9899516135945726e-04         2.5120804008206803e-03         2.0448386703295703e-03        -1.7079540758432291e-03        -8.1387512430597007e-04        -1.0701639178486913e-02         4.9987019426580336e-03         2.2289726864818168e-03
39                                     2.2135848144474838e-02        -2.6783120631724923e-02         2.2780404894008680e-02        -2.3635669218711311e-02        -1.1896167659263743e-02        -6.3918130041080518e-02         3.1068004215215914e-02         4.3176748551837583e-02
40                                     1.2631916843191824e-02        -1.5407771727690332e-02         1.8990837163915617e-02        -1.5298309434488785e-02        -1.1061302583322405e-02        -4.5984946851029954e-02         2.8930849504235669e-02         2.0573991783504723e-02
41                                     3.1033151289185110e-03        -3.3253308707965807e-03         3.5475026790235042e-03        -3.2507500186877689e-03        -1.7536814546713607e-03        -8.8036356755114530e-03         4.3410823833845832e-03         5.5827359410050587e-03
42                                     3.4065683859574166e-03         4.1503216415644901e-03        -3.4978982255494178e-03         2.3789333292060358e-02         1.7849723041119227e-02         3.4733684404132017e-03         5.4493735021326102e-02        -2.1539558875729298e-02
43                                    -2.0112530209989394e-02        -1.0933771698763499e-02         3.4087361597557064e-03        -2.8520667178756703e-02        -9.8564085046874816e-03        -3.3322066604028842e-03        -3.6793778988187628e-02         1.0576474448420338e-02
44                                    -2.5569793602855051e-02        -1.3232364810832871e-02         3.4413971289582101e-03        -3.3064494221495246e-02        -9.3663479731314423e-03        -3.7020449043183661e-03        -4.0510289989871114e-02         1.1738665016183635e-02
45                                    -5.0808155132798703e-02        -2.5889949377672479e-02         1.2402473757107383e-02        -5.3499986350811074e-02        -4.0819387842737115e-02        -8.2425179990563806e-03        -7.8501435613403100e-02         1.5247256163608615e-02
46                                     3.1881528828123652e-02         1.3501053409773632e-02        -3.6920995638161048e-03        -1.0793654406431326e-02        -4.8520923984005752e-03        -2.4572088676839431e-03        -1.6954617077473096e-02         1.1703907131192706e-03
47                                     3.4926735060439432e-02         1.4446323395835969e-02        -3.4514269818814201e-04        -2.1779933384865495e-02        -1.0667795016864172e-02        -4.5696810727337469e-03        -3.6812237742993054e-02         5.5082807496874180e-03
48                                     6.0732620676677528e-03        -1.4596088716445120e-02         1.3393939688897819e-03         3.9858197916751636e-03         5.1306284084352220e-04         9.6457553547218949e-03        -1.3433132928213740e-03        -6.1209590495915371e-03
49                                    -1.8459193686456304e-02         2.2552183910046330e-02        -1.1223601029701293e-02         2.1023386828602015e-02         1.0479706947651076e-02         6.7300568620298651e-02        -3.1162994044646317e-02        -5.4484006660056747e-02
50                                     3.1198433913354396e-04        -1.2201285257582479e-03         1.6341428657466939e-04         1.0133502491371782e-03         4.2008909824563527e-04         2.4470992934743779e-03        -9.1626328047815433e-04        -1.7715512271710531e-03
51                                     9.7642287925847719e-03        -1.8557598357991069e-02         1.7222107036516950e-02        -4.9840063007360502e-04        -8.7309750237416148e-03         4.0817879127428791e-02         7.2231470345948878e-03        -8.2058667851679826e-02
52                                     1.0637020788689300e-02        -8.6229508756917039e-03         3.1216673454710540e-02        -1.8450648005897703e-02        -1.8208830767973649e-02        -6.2970340990817483e-02         5.7286481159869569e-02        -3.5809454517038257e-02
53                                     1.4501288627139452e-03        -2.4033553852336061e-03         2.5506821738552382e-03        -5.1283110142759055e-04        -1.4292627936139952e-03         3.7142109274976099e-03         1.7947958779001879e-03        -1.0006914139998832e-02
54                                     3.6913172801372185e-02         1.9408960184811804e-02        -8.1686778900198036e-03         1.3153111652194423e-03         2.0333331042016532e-02         6.5050667534325762e-03        -5.8330484459353363e-02         3.9819806819251666e-02
55                                    -2.5843781849633693e-02        -1.6789871106855238e-02         6.5081951315324139e-03        -6.9072969522891547e-02         3.6771913795473732e-02         4.9562418329972355e-03         9.9726291362210642e-03        -8.7590103215002164e-03
56                                    -3.0051537215164438e-02        -1.9771203842793565e-02         8.6026146191980953e-03        -9.2761796199633678e-02         5.3127255352165732e-02         7.7844787710250598e-03         4.3876595952460455e-03        -5.3185456993316751e-03
57                                     6.4978490151156976e-02         3.1930479371842881e-02        -9.8619021396772234e-03         6.1639008663232665e-02        -1.5134872859247290e-02        -3.6441352359775528e-03         3.5832413083836397e-02        -1.4003152329405757e-02
58                                    -9.4563999167716541e-03        -3.2837822646009261e-03        -2.1056993346730345e-03        -3.9052991392025805e-03         5.2770021632163608e-03         1.6674528023701378e-03        -2.7863125992767111e-02         1.7327985893663557e-02
59                                    -2.9433475879687989e-03         7.2929216712932664e-04        -3.0943808853331799e-03         4.7002698959070768e-03         4.8689264524770012e-03         1.6825041875432134e-03        -3.3076997120922241e-02         2.1999148967955909e-02
60                                     1.3321796075727824e-01         5.7072729595044509e-02        -9.8410267131143134e-03        -1.2874355284109313e-02         2.6739718795532118e-02         4.1474189896253139e-03        -2.9685379224375832e-03         5.0576513230618089e-03
61                                    -3.6749111129076896e-02        -1.5482070896292015e-02         2.2734935429256512e-03         1.1115974947922343e-03         3.2205897610089809e-02         7.6898851493182709e-03         5.8131153312302931e-02        -1.7595713000307132e-02
62                                    -2.9374646202545571e-02        -1.2402182046456389e-02         1.0732241328758544e-03        -1.0287157379630879e-03         4.7782567682754774e-02         1.1102282013181584e-02         7.9056008744025436e-02        -2.3614548909393355e-02
63                                    -8.5488975366657949e-02         3.2410596903304140e-01         9.4582756638340593e-02        -2.2849095499569783e-01        -3.2129391992465112e-01         4.2830640822097604e-01         3.0208908266458667e-01         2.4519275777911906e-01
64                                    -7.9634762554399913e-02         2.2710127123293455e-01        -3.1386682702172077e-02        -1.3721278186631675e-02        -2.4781698610974023e-02         3.8753448789269680e-02         6.3270483773234479e-02        -2.9873231728591770e-02
65                                    -6.4468429288943004e-03         1.2777533085906085e-02         9.9639610048196076e-02        -1.2595034288354630e-02        -3.2387540465605116e-02         7.1261202690114975e-02         3.4578230738440623e-02         5.8968190561338923e-02
66                                     2.4622524587840122e-01         7.9230889635362553e-02         2.0609960731723748e-02        -2.9458360516843501e-01        -2.9084548879098882e-01        -8.1927886163138772e-02         2.1717230868944708e-03        -2.7981716711393195e-01
67                                     9.2315518118928061e-02         4.1905221132611067e-02         7.3241283438063609e-01        -1.9542502131557813e-02         3.0729357427056982e-02         1.0175686687597818e-01        -8.7794714815962127e-02         1.0110979199385740e-01
68                                     4.5890387157046547e-02         1.7816086510912005e-02        -1.2721256362675945e-01        -9.3854003085734619e-02        -6.3795711896946383e-02        -4.1316046581186483e-02         4.4489889857512153e-04        -9.2306758547387180e-02
69                                    -1.0743091453400347e-01         1.5229670334755382e-01         1.5672042370155440e-01         1.3957788916876576e-01         1.7407461840048793e-01        -1.4778391672556049e-01        -1.6132517875128538e-01        -2.1963927830831703e-01
70                                    -3.4999123108646335e-02         6.9172670431759994e-02         5.2651464378451827e-02         2.3602040425022907e-02         3.6480862552768896e-02        -4.0726716351979636e-02        -3.6673585877881283e-02        -1.9407897055979874e-02
71                                     5.9803159614206739e-03        -9.0817427413109383e-03        -9.5723904672037480e-03        -9.6039320106392854e-03        -1.7207389477045969e-02         2.7833135096476322e-02         1.5991693387252242e-02        -7.3170549205502288e-03
72                                    -1.3035822470920974e-01         3.5345379401006627e-01        -9.7142642305080587e-02        -1.0117243330035768e-01        -5.1919807482814467e-02         3.4156251084796203e-02        -2.2904385718046531e-02        -1.7128869020320042e-01
73                                    -6.2650479305752391e-02         1.3322141442795826e-01        -8.3672053726225725e-03         6.6447832978413449e-03         2.2984524887817059e-02        -9.3737962415339007e-03        -4.3067417763425798e-02        -6.0283419588610124e-02
74                                     8.5540420345333098e-03        -3.7606955513528099e-02         2.5697659734920997e-02         2.4960421208223942e-02         2.2362735829033191e-02        -1.3630784024486539e-02        -1.1548397557428081e-02         5.0102067611406370e-02
75                                    -9.6916164412977929e-02         1.4216368818174230e-01        -8.7962508634852873e-02         5.7966094057840777e-02         3.7228640228967123e-02         3.7455869060800423e-02        -4.8004101293865419e-02         6.5866802960204132e-03
76                                    -5.4813672299172576e-02         8.0521640215288653e-02        -4.0840227899582845e-02         2.9705109853454485e-02         1.4617963224479422e-02         6.8974350624634688e-03        -9.5236861444195822e-03        -7.1735463713627446e-03
77                                    -1.3162195924361398e-02         1.7464358689181461e-02        -1.2696132236208597e-02         7.7037268525036494e-03         5.0604063747954498e-03         5.9823609763782707e-03        -6.5024857596163600e-03         8.6686522527109451e-04
78                                    -2.6490036097880365e-01        -1.3052090654984322e-01         3.1096760568317432e-02        -1.6497503407147958e-02        -1.9101565459016384e-01        -4.3122759889608425e-02        -5.4631563704463440e-02        -1.7596759105853014e-02
79                                     1.4902762287183341e-01         7.5005779560668714e-02        -1.7618456662053892e-02        -4.8485721811520567e-03         1.3107958713743845e-01         2.8706762295790507e-02         3.7582493524815054e-02         1.1278170924103867e-02
80                                     1.5204661393285196e-01         7.4527976726871101e-02        -1.9095183060513506e-02        -1.8747308280428778e-02         1.3752069813270065e-01         2.7591077192355550e-02         3.3059408684211491e-02         5.4007868477503234e-03
81                                    -2.6790605535043061e-02         6.7970853058074460e-02         2.3274114060110909e-01         6.4307525697477635e-02         4.8683647966912921e-02        -2.7904123065887959e-03        -4.2890086023217502e-03        -1.3371207259591686e-02
82                                    -2.3569124929279754e-02         5.9090038707638445e-02         1.9872070282085058e-01         5.2332287756169257e-02         3.8417013660478706e-02         1.7071029789339385e-03        -1.3755909058115047e-03        -1.1438650912955688e-02
83                                    -1.9001782908241279e-02         4.6781280818237243e-02         1.5786928621642873e-01         4.2682620147174825e-02         3.1885990711438522e-02        -8.7964232105510235e-04        -2.3695662445853594e-03        -1.1265741581330728e-02
84                                     3.7108150332011941e-03         2.2917024453284911e-02        -4.1916536515578320e-02         3.1593762414825824e-02         2.7177697926845196e-01         5.2444955750463179e-02         1.3567181191025804e-01         2.6966825014528319e-02
85                                     4.3581500630258313e-02         2.1567611478991555e-02        -1.4958300182964686e-03         6.7891168842710032e-03         3.4820047523355803e-02         3.0017727372524021e-03         3.3034293812152699e-03         5.2413732114130482e-03
86                                     5.9464744043283030e-02         3.2742552807485392e-02        -2.5542283116298144e-02         5.0489542123300269e-04         7.6317853780644221e-02         1.3118371485647947e-02         2.6626914850950690e-02         6.2116522346846803e-03
87                                     9.4706234179851318e-03        -1.9683585888510918e-02         5.3310206617057567e-03         1.9543870474278253e-03        -1.5136980913196419e-03         4.9591862665707819e-03         4.1480784510485313e-03        -1.1112676949429207e-02
88                                     1.2103463539156466e-01        -2.0091900789245087e-01         5.2844382181699213e-02        -4.3346900826836322e-02        -3.3067500473766824e-02        -2.4285364654962133e-02         4.4795580396411912e-02         2.3173580743474156e-02
89                                     2.2806871589694210e-03        -3.6633039350503251e-03         7.5170770645449604e-04        -1.0843406418460169e-03        -1.2033502772311503e-03         9.6859149188727710e-04         1.3227826146119939e-03        -1.9793727022167471e-03
90                                    -1.3945867315186755e-01        -5.4455778766503239e-02        -9.4920191771959133e-03        -5.0541600979640978e-02         2.2225738546968765e-01         5.0539723751390334e-02         6.2292965043787007e-02         4.8027755655938309e-02
91                                     1.2431682505450355e-01         5.4010489989291331e-02        -2.2970507143215001e-03         6.6571254160481694e-02        -1.3655598558951293e-01        -3.1186287208350445e-02        -4.5035861541505191e-02        -1.9028144011976139e-02
92                                     1.5121055416668089e-01         6.6214679383141586e-02        -5.9948447207466725e-03         8.3008042126232098e-02        -1.5472537409856621e-01        -3.4979677744089305e-02        -5.1774508473972018e-02        -1.9399294172694401e-02
93                                     1.9438073974074627e-02        -4.5335240791711265e-02        -1.2702052483668895e-02         7.3182032844764378e-03         3.8509849072538745e-03         4.0941864415081165e-02        -2.0466591905354267e-02         7.2491560629269758e-03
94                                    -1.3182187586689254e-01         2.9977915498514079e-01         4.2464193985053966e-02        -4.3121494652971819e-02        -1.3584401100477825e-02        -2.7287584373807044e-01         1.0432296402309472e-01         5.5743723590905833e-02
95                                     4.4675141852677954e-04        -1.5142632533259256e-03         7.3413028552553989e-04         4.7125933321701542e-04         7.7774353942068988e-04        -3.0620997655343026e-03         2.9488538818286768e-04         3.9855345631747531e-03
96                                     5.3871137298801199e-02        -1.1491061356603778e-01         1.0271065488880021e-02         1.0541249309878176e-02         4.6547383770793056e-03         1.7778392342147795e-01        -7.2096581917495572e-02        -7.2004242825461501e-02
97                                     4.1588287127835931e-02        -8.9935752436773861e-02         1.1202030155671116e-03         1.0206774614559731e-02         6.9059314297986174e-03         1.4297417189416070e-01        -6.5431465134175040e-02        -3.8797705491901799e-02
98                                     6.9552019269309212e-03        -1.5231832002431504e-02         1.2013016311231246e-03         1.2464136059735238e-03         6.2190804711083000e-04         2.3453623412615077e-02        -9.5626873696597302e-03        -9.1035721259023622e-03
99                                     8.3487442861162789e-02         3.3531658098243711e-02        -9.2543195884442955e-03        -1.9490245128146780e-01         1.8174427405429416e-01         3.1865562729202226e-02        -5.3396165753313511e-02         4.1826018951090990e-02
100                                   -6.1323103310674733e-02        -2.2736541453289540e-02         5.6484283393542179e-03         1.8747456097840884e-01        -1.7168101396781602e-01        -2.9840581345366435e-02         3.6678821980501666e-02        -3.2016203105684801e-02
101                                   -7.0890366815031941e-02        -2.5758055762025330e-02         7.0633282855377139e-03         2.2561278901088766e-01        -2.0584133693834275e-01        -3.5941959526424760e-02         4.1079990178647927e-02        -3.7434282158691497e-02
102                                   -1.2329397872770721e-01        -5.0966365489993705e-02         2.4238078046077641e-02         5.5637499357544508e-02        -2.9675645546425655e-01        -6.2403591818714528e-02        -2.4067611154865828e-01         3.3217310872608902e-02
103                                    3.6501179208988974e-02         1.4687521548596101e-02        -9.3417993417989759e-03        -2.1553323013196526e-02         1.2934150256343230e-01         2.7359683375952685e-02         1.1216629941014951e-01        -1.7191452387340246e-02
104                                    3.0130825159000136e-02         1.1910640270516451e-02        -8.9719260801381477e-03        -2.1047397283640489e-02         1.2890453628441323e-01         2.7549589395729216e-02         1.1432871828300901e-01        -1.7952713865355595e-02
                                                        80                          81                          82                          83                          84                          85                          86                          87

0                                      4.0720314760718919e-02        -1.1648136412950885e-02         3.4987963389931259e-03        -2.1960598287653316e-02        -6.7809809734307074e-03        -1.6847810237769354e-02         1.6196242965545728e-03         1.8275805144456394e-03
1                                      1.0045500254745840e-02        -6.1215512927039690e-03        -5.1370401756771283e-04        -8.2287849706978063e-03        -6.7934834172343837e-03         1.4745044974041692e-02         1.7293846938600972e-03         2.7880766749268453e-03
2                                      1.7408822231499185e-02        -2.9411311440772333e-03         1.7598686993009691e-03        -6.6216934221456749e-03        -2.5301712291835245e-03        -1.9458969501819768e-03         1.2256759080649460e-03        -1.3518900939370987e-04
3                                     -2.1088945586793411e-03        -2.4833178713465045e-02         5.0367151563937269e-04        -1.5237238469673427e-03         5.1752666648301323e-04         6.2933675877546388e-04         3.5757703860530985e-04         2.0316360886617446e-04
4                                      2.3028912832404776e-03         1.2955555715517668e-02        -3.8680430005071678e-04         1.8972223396360077e-03        -2.6956543614821585e-03         4.6290191742499762e-04         4.4952912318960252e-05        -2.8165373162660753e-04
5                                     -1.0442429578876368e-02        -3.2413035284053676e-02        -3.4660738515853779e-04        -1.9561376516052426e-03         2.0275858161794749e-03         1.1179710904036377e-04         9.6880063669945097e-05         1.8361663320402290e-05
6                                     -1.8750566000294549e-02         9.4944166731829420e-03        -6.8309127695852375e-04        -1.1006548346675764e-02        -6.6563352139541289e-03         2.2808609140384378e-02         5.2674440736402814e-04        -6.8953003470891838e-03
7                                      2.8616309052254135e-02        -1.2209479559732010e-02         3.7543473829861587e-03         2.8711881785111911e-02         3.6840010717657250e-03         8.8766925339501569e-03         7.4240215177191760e-05        -2.5646556460172548e-03
8                                     -1.9284442034142528e-03         9.7389439935911164e-04        -5.4474250693372759e-05        -1.1194577522803371e-03        -4.5565925097947480e-04         3.1744156652371534e-03         7.2213036868447742e-05        -9.6833472649443693e-04
9                                     -1.4956139638668381e-02         3.7934377021554668e-03         4.7353517348003164e-04         3.0822895011602416e-02         1.6135525506028325e-02        -1.1172916855714470e-02        -7.8416965957242145e-04        -1.1042075331289666e-02
10                                    -3.3977132694603444e-02         1.2039624737636791e-02        -2.8784972373326390e-03        -7.9233897991841488e-03         3.3830792674442349e-03        -2.4354565248225095e-02        -1.0023995050111184e-03         4.3523282066268666e-03
11                                    -2.1781680862604635e-03         5.9801353686557705e-04         9.9512598181449346e-06         3.5527374338557025e-03         1.9562192391202413e-03        -1.6342016370507644e-03        -1.1029622289942089e-04        -1.2674149142861235e-03
12                                    -1.6143567653855797e-02         2.5429777077328438e-03         3.5081867383807447e-02        -1.1021395202546460e-03         1.1636290528294125e-03         2.6161921237824660e-04        -1.0088499691117428e-02        -1.6549895032216303e-03
13                                     1.1467018158384487e-02        -2.0002384248232470e-03        -1.8995385112010019e-02         3.6266382265825752e-05        -8.0828164532077218e-04         4.4703119505240117e-04        -1.0361839206249827e-02         7.7935786945934789e-03
14                                     1.3170013370904912e-02        -2.3768716092804469e-03        -2.0413506999442697e-02        -1.5647717441374779e-04        -9.0430702637276619e-04         6.1295035457158836e-04        -1.5449637692111030e-02         1.0191100803047960e-02
15                                    -1.3433631864995323e-02         2.1363662528021527e-03        -2.1982459074530738e-03         2.1741935730619113e-03        -1.0503731229220852e-04         2.0081102897082974e-04         2.9154305129048205e-02         4.2149663000206157e-03
16                                     6.5640102410646026e-03        -2.6961573763475955e-04         1.5988564688416050e-02        -1.9936636488397308e-03         5.9204495685342550e-04        -8.7265910036707036e-04        -3.6769570362050110e-03        -9.5641317642974170e-03
17                                     6.8405402678578808e-03         3.9379589410387461e-06         2.1517710857907497e-02        -2.3899852450128176e-03         7.8985131685862858e-04        -1.1633830496971833e-03        -4.6574157276412078e-04        -1.2298849821354150e-02
18                                    -2.2669386326294515e-02         3.6415744561130496e-02        -5.7996096760169263e-03         6.9686930428797917e-04         4.1124409205678959e-05        -6.4340154592025999e-04        -1.1484119636662386e-03        -1.0036491669634222e-03
19                                    -4.3166475683027283e-02        -1.3364674970949353e-01        -2.6703929422251214e-03        -6.4051713205721542e-03         2.1741368118609977e-02         4.2260144238316314e-03        -2.7929190302573639e-03         3.0156028648708798e-03
20                                     8.0622079304722739e-03         3.8986810015046558e-02         1.3338115278518957e-03         4.7134956124645798e-03        -9.5555805224324588e-04         5.7153047898319631e-04         3.4795572183772316e-04         5.3540596640464910e-04
21                                     5.9486133139476587e-02        -4.5145497994076619e-02         5.1884844071634550e-03        -2.0347836689861825e-02         1.4417423686708900e-03        -2.5967583665947218e-04         2.8590045024272318e-02        -3.4426873182637967e-03
22                                     1.8162471537553466e-02         5.5106882467360729e-02         1.4666508185557972e-02         1.2157313117305275e-03        -6.8275548529340450e-03        -9.4614554581171333e-03        -1.4146677705855564e-03         2.1958799377855532e-03
23                                     1.4412926674490256e-03        -2.7858884053244457e-03         2.0589417928549455e-02        -1.6069318543974391e-03         3.3415206354174220e-03         1.5932652937359468e-04         3.3754076876594662e-03         7.2450605248595597e-03
24                                     1.4100037278431853e-02         2.1845182741691085e-02         5.8223343298088792e-03         4.1857307841502364e-02        -1.6277705200292779e-02        -1.1177916980032922e-02        -5.6087398495681504e-04         6.9393884263800002e-03
25                                     2.2361416888544990e-02         4.2727897839202202e-02        -4.0774829934090229e-03        -2.3466275085670320e-02         6.6411654913382245e-02        -1.0056718072999770e-02         1.6583043683954294e-03        -3.3063947527377246e-04
26                                     1.1504850929213806e-03        -8.7382477885166714e-03        -6.4290832119483286e-04        -4.4757886768161627e-03         1.5029916935835750e-02         8.0911201588759394e-04        -9.9866061730731330e-04         6.9330810386831099e-04
27                                    -7.0860046061926151e-03        -1.9939700322165088e-03        -5.2905404107359477e-03        -7.7440316662915815e-02        -3.7661952304145138e-02         2.8722391597002926e-02         1.9113761295859047e-03        -5.1612991622191497e-02
28                                    -1.0916051130843159e-02        -2.7466262094373931e-03         6.9296029490220606e-03         3.3215213025951089e-02        -4.1097205554961923e-03         1.0624901736705114e-01         1.1504388732300275e-03         2.9513700443129297e-02
29                                    -1.8013126827905500e-03        -1.4220018081698761e-03        -9.3728236489558651e-04        -1.0133021024773354e-02        -1.9468263658550674e-03         4.9159509155011234e-03         2.4127066784074573e-04        -5.7259721922603016e-03
30                                    -9.6640514553400531e-02         3.1212936722299602e-02         1.6232534506696512e-03         9.3108291523807882e-02         2.4906722811310709e-02         6.6468655482883221e-02        -1.7384014533523781e-03         1.9040626738597993e-02
31                                    -8.7585642970508543e-03        -3.0161783444642293e-03        -5.3828925755618933e-04         3.7062300689903974e-02         3.4972006608995375e-02        -9.1382141809204356e-02        -2.7850989056219114e-03        -3.4786862911497844e-02
32                                    -1.1641255322816313e-02         3.6322415534000489e-03         7.0855425863223316e-04         1.2266327178524853e-02         3.7325564378954427e-03         5.7012494862730525e-03        -4.5803733517991383e-04         1.4840115225778748e-03
33                                    -4.4578485418801488e-02         1.2410276543006540e-02         2.5621774348634184e-02         3.7416574034783451e-03         1.4567326915979715e-03         2.9325095442711145e-03        -1.0050372739218924e-01         2.3952063262319006e-02
34                                    -2.2342166162078528e-02        -5.5675007564739316e-03        -7.2644417159435773e-02         4.1136929115912369e-03        -2.0770188660935831e-03         2.8619243770231190e-03        -6.1262622185455909e-03        -5.4009280328457067e-02
35                                    -3.9414100614476109e-02         3.4830096754286865e-03        -9.9932538655376255e-02         7.7465105358677511e-03        -4.8946325212353000e-03         1.9538620700302574e-03        -2.6476639988982788e-02        -7.0805335442869460e-02
36                                     4.2251489293910281e-02        -2.3943682405872125e-02         5.9054301129139383e-04         2.3393030254667595e-02         2.8336798887760323e-02        -9.8927084924144371e-02        -2.0723473592212443e-03         5.1429587284521530e-02
37                                    -8.6644453311518016e-02         3.7553432963362957e-02        -1.3054142365401507e-02        -1.1634452442959486e-01        -2.5732356032416078e-02        -6.1899606908234492e-03         1.3797513453862409e-03        -1.1122554539741775e-02
38                                     3.9692432277027619e-03        -2.5523873721319231e-03        -1.2819545475981236e-04         1.3639820039343840e-03         2.5901577145357917e-03        -1.2103411920553525e-02        -2.4406061803731186e-04         5.9409911642356030e-03
39                                    -9.8021241993366710e-03         5.9181910235911366e-03        -6.4443811798467945e-03        -2.2552521345463299e-02         1.4940753288257419e-02        -9.3820949390858818e-02        -1.9758933819372243e-03        -3.6221027206849901e-02
40                                     5.9243987409394391e-03         5.8842760714519016e-03        -5.0442262739419765e-03        -6.7779762670033439e-02        -2.3788987880772321e-02        -2.0387164281608437e-02         1.8831119176022226e-04         1.3615356772500515e-02
41                                    -1.1743834361497704e-03         8.3220690373931618e-04        -9.1181139332813536e-04        -3.6634874889036966e-03         1.2279150455332330e-03        -1.1214297811250083e-02        -2.6600415168172482e-04        -4.0121387104368736e-03
42                                    -3.8503565110209984e-02         5.1839238242854134e-03         6.4330370834719638e-02        -1.0772303906660581e-03         2.8419081751066689e-03        -3.9224831725025123e-03         5.7975732368211817e-02        -7.6272326122710898e-02
43                                     1.6774318844991143e-02        -1.5901166922861995e-04         1.9685301440408916e-02        -1.8913158231186713e-03         4.0511517756770202e-04         1.7135775992690647e-03        -3.3431415546193888e-02         6.1869692037645183e-02
44                                     1.6952947272263715e-02        -1.3396492109703703e-04         3.7317674962245750e-02        -2.9878866762748910e-03         1.0390681929169259e-03         1.7563078529656334e-03        -3.5956501636511144e-02         7.2213798790289427e-02
45                                     3.2745334098937616e-02        -1.5783420553053558e-04        -7.7989327649540544e-02         8.0738627235069308e-03        -2.5268885335811846e-03         2.8864465386826065e-04         6.5861369246272686e-02        -1.9691701625297320e-02
46                                     3.8289806551269311e-03         2.0562957682730559e-03         2.5935510539177385e-02        -7.8026680724677642e-04         8.0142554482827118e-04        -1.3005754712705855e-03         3.4969613808246765e-02         2.2465065072256676e-02
47                                     1.0985442088745977e-02         6.3425760379072266e-04         2.5030618084428819e-02        -2.2370135862019548e-04         1.0651830772237646e-03        -1.6111414233350816e-03         5.8202634339010330e-02         2.7629436834867821e-02
48                                     6.9839124459246628e-03        -1.4187786178000597e-03         3.6004527680169847e-03         5.0412439214054632e-02         1.4315346511663028e-02         2.1865410463613996e-02         3.3153218309977462e-05        -2.9369115319513833e-02
49                                     8.5430492909630579e-03        -4.3520002868847937e-03         4.6741365259641218e-03         6.8557360692693858e-02         2.2390793042007587e-02        -5.9086565511402567e-02        -3.7089056294931826e-03         4.2873996829402086e-02
50                                     8.9564387880370093e-04        -1.0648791340967008e-04         4.9637086482126743e-04         6.9662290721900794e-03         2.1033372798778859e-03         1.5911841770378206e-03        -6.3729100944049370e-05        -2.6544502761466108e-03
51                                     5.3301384091493979e-02        -1.4147198130054637e-02         2.0328582085553590e-03        -8.1285980952221171e-02        -5.4146349924224596e-02         6.9661368193517439e-02         2.6538406471535206e-03         6.3247567015649278e-02
52                                     8.5810597790202212e-02        -3.3108835014672600e-02         9.2728189661509270e-03         5.5964335487165749e-02         7.4754619242977955e-03         9.0433872022886608e-02         3.5414298330434242e-03        -5.2831659034743482e-02
53                                     7.4168157290426303e-03        -2.2049047109247563e-03         3.7062810682385674e-04        -8.7290929292451504e-03        -6.2674152652030827e-03         9.5237561640020077e-03         3.7289320395178630e-04         6.6016405840558278e-03
54                                     6.8700517111242698e-02        -1.0356815851371977e-02        -1.3160954759696231e-01         3.4848444627705328e-03        -4.7132065926409781e-03         1.1195984416470886e-03         2.0618792197580123e-02         3.2308208623264556e-02
55                                    -1.2735441575036244e-02         3.6681425420912257e-03         4.0723108905813141e-02        -1.0653984206130621e-03         2.0463052431883510e-03        -3.2778360864571324e-03         4.3467449722582714e-02        -5.4567941597587287e-02
56                                    -6.7096060866603264e-03         2.6425258307268174e-03         3.5377584521315147e-02        -1.0441179096163582e-03         2.1952573103229144e-03        -4.1561915113725971e-03         6.1995891181044378e-02        -6.8652273795846264e-02
57                                    -2.7393286357669310e-02         2.8055532016049330e-03         6.5822569464459579e-02        -3.0756329350705466e-03         1.8631478681567471e-03        -1.7251235677481686e-03         6.2686491286608748e-02         5.4176903773691942e-02
58                                     2.8515889187438415e-02        -3.7646587230502535e-03        -2.5448507021899316e-03        -3.8451434223262110e-03         4.5746642811765526e-05        -2.3256090302357284e-04        -6.2623346226927459e-02        -5.1262356438657813e-02
59                                     3.4434703197009968e-02        -5.5956648178046697e-03         6.0284836263845487e-03        -5.7044482255586663e-03         4.8847101495265953e-04        -3.3938266924330368e-04        -7.6063851412761924e-02        -6.2169775177721744e-02
60                                     8.8436546163559206e-03        -3.7506261927603103e-03        -3.4214551356814360e-03        -2.3376615327205057e-03        -1.5494885854632685e-04         2.4448979714167397e-03        -1.1120954413414599e-01        -5.7445928484173622e-03
61                                    -3.2136116258040408e-02         2.4822882148926488e-03        -4.0278494779939826e-02         7.2270481124794205e-03        -1.7752796708454363e-03         2.9774847671803716e-03         3.2972105411816680e-02         6.8383243539900260e-02
62                                    -4.2654158635401465e-02         3.3211405238003280e-03        -5.5840930151400625e-02         9.6425572390183342e-03        -2.5245225874590250e-03         4.4128502760007694e-03         2.7917633875874828e-02         9.2562595304769707e-02
63                                     1.0928267621490459e-01        -2.8586698652524146e-02         1.7412989200477725e-02        -1.1920531319731854e-02         2.4145668099970650e-03         3.6549723037965225e-03        -2.2473826586401394e-03         4.2218128678606732e-04
64                                     2.0157442355376537e-01         5.0698375634373505e-01         1.1434361788545306e-02         2.0765563414965171e-02        -5.0358662908726863e-02        -1.2425955816181673e-02         8.7933780328213890e-03        -2.5852721336680541e-03
65                                    -1.1390874703627048e-02        -8.3863066331088656e-02         3.4090087951780955e-03        -1.3303645899701223e-03         1.2371749050335914e-02         4.9468550816663317e-03        -1.4288352106930763e-03         2.5369397034567492e-03
66                                    -3.3429260763382473e-01         1.4802502967489761e-01        -1.9414618217445470e-01         9.0825581926149729e-02        -1.6114916262998321e-02         1.6184287065548204e-02        -4.5401044118897296e-02        -4.7111259910885724e-02
67                                    -1.8594840340540750e-01        -1.6697393728634477e-01         1.8202143589847855e-02         3.3476242435538379e-02         4.8390825645165385e-02         3.4544273512630182e-02        -1.1346432093155299e-02         2.1006379126650928e-02
68                                    -4.7611864885789654e-02         7.3365021370430841e-02        -2.4703529742053334e-02         1.3871768832826425e-02        -7.2353563898036625e-03        -5.1451294676539252e-03        -1.0588988022980486e-02        -7.4761667781136631e-03
69                                    -1.7663106757539074e-02        -5.7431795934108201e-02        -2.1032365733116006e-02        -1.1880582785870766e-01         2.0682561475752972e-01         1.6759549787759290e-02         2.2665223636721857e-03        -4.2715548007907717e-03
70                                    -2.5294500228774608e-02        -9.4839823412385962e-02         2.6095724286376177e-02         1.6145156187972534e-01        -5.1241615791633266e-01        -1.2536955696192836e-01        -5.5736846025579156e-03        -1.6159197472245479e-02
71                                     1.6854079460397003e-02         4.6104195736778979e-02        -1.5674242008863314e-02        -9.9607520417140438e-02         2.8217346075872718e-01         5.6495938298748376e-02         2.6695052630431289e-03         6.1555323831271264e-03
72                                    -3.8196229782905232e-02        -2.2233660723057846e-01        -1.8418829541639252e-02        -1.2459370880418379e-01         9.8937173540758344e-02        -1.2649816150845134e-02        -5.9654488365841135e-03        -1.8531009996958999e-02
73                                    -2.7305029871157006e-02        -1.0498063289198117e-01         1.4206129401719166e-02         7.0712977752024966e-02        -3.8985522476694578e-01        -1.0439245571829850e-01        -2.8381619370602819e-03        -2.6875794879980482e-02
74                                    -1.4854839567596959e-02        -2.1594692514955351e-02         2.9572797452175521e-02         1.7043500646412241e-01        -4.7672198590118325e-01        -9.2502280202479373e-02        -2.4189391169416692e-03        -1.1619063562172479e-02
75                                     5.8765053625152303e-03        -9.7495031026044870e-03         2.1798971185341558e-02         1.9714894285207829e-01         2.7957086355046477e-02         2.2041248986857184e-01         3.7071586843845658e-03        -4.8091136294428826e-03
76                                     2.5845289411224926e-02        -6.6028857780875989e-03         1.1271143019876164e-02         4.6463256473317387e-02        -2.3170038644140391e-02         1.6748870199208810e-01         4.0560130567337191e-03         3.4286249434582250e-02
77                                     1.0917193625291065e-03        -9.0526409114317593e-04         3.1622457791712056e-03         2.5572040340385030e-02         4.4490812333137682e-03         2.9984521847064051e-02         5.3503490477616749e-04         4.8062471407441827e-04
78                                    -1.5274358833605188e-02         1.1049010046713936e-02         4.3975333799869280e-02        -7.7803705366238105e-03        -1.1946223441513754e-03         5.8644636410824470e-03        -1.8001554060417177e-01         1.3517940178295013e-01
79                                     1.5849071378996776e-03        -9.3665628914981567e-03         4.5800012113121222e-02        -5.5259274569252549e-04         4.0241101656899522e-03        -4.9429141764688201e-03         1.1946846697675739e-01        -7.4102799270572367e-02
80                                    -1.1028000383551350e-03         3.0585294735372402e-04         6.4735123825586799e-02         1.7517236708551999e-03         3.9824217012907198e-03        -5.5047890481892420e-03         1.2779914836876693e-01        -7.3931372205335910e-02
81                                     5.9474470097192506e-02         2.7408908128890846e-01         6.0316112106338518e-04         2.1088443158967619e-02        -2.1106239122540081e-02         4.9295210855152753e-04        -1.1801865227673487e-03        -5.0362819590193269e-04
82                                     5.2376773832254121e-02         2.3134685288919454e-01         2.6096282525168041e-04         1.8151269031812307e-02        -2.2988126742315391e-02        -1.0797062864910667e-03        -1.0965998263310643e-03        -1.1899324285864028e-03
83                                     4.0844958813845415e-02         1.7518939856618451e-01         3.4640231856058822e-04         1.2929010112605433e-02        -2.1640095049585504e-02        -2.9669840340313339e-03        -1.0307287049599863e-03        -1.7011188601464364e-03
84                                     1.2968800190718400e-02        -9.3170483153740668e-03         2.4335812253118169e-01        -3.0885337487658506e-02         7.2154986741045620e-03        -1.0790820833758664e-03        -2.5877731761464212e-01        -1.1933251887221656e-03
85                                    -5.8116835812303011e-04        -8.4185253721842691e-03         6.8048356416519518e-02        -6.3099596307122216e-03         3.4605374694947270e-03        -1.0253667710510329e-03         5.1131035955797885e-03         2.3978988628423393e-02
86                                     7.0283549532991251e-03         5.6168870875061552e-03         1.2523278618085207e-01        -1.1449072309930730e-02         3.1198437198724930e-03        -3.0462095397972675e-03        -3.0124877112254856e-02         3.6405208733866622e-02
87                                     1.6077493604112491e-02        -5.0870297225017354e-03         4.8208791338010563e-03         5.8192601768265198e-02         1.4878756705126941e-02         3.3393504143140608e-02         3.9313456476826450e-04        -3.4318525337993927e-02
88                                     4.5076955685089629e-03         2.0983281666539434e-02        -7.3243120586629958e-03        -2.1907494224758151e-01        -1.1259808856708346e-01         2.3336575771324022e-01         9.6054854899256838e-03        -4.8926087997675866e-02
89                                     2.0935031716163561e-03        -2.4011233081529766e-04         3.7174507028747055e-04         1.4745693359507002e-03        -1.0070382925128035e-03         8.2991652846898297e-03         2.6891608296163443e-04        -5.1704135289263242e-03
90                                     5.7544630788743951e-02        -1.8198696851343666e-02        -6.4661549224284742e-02        -7.0603255730550974e-03        -1.7492569312617650e-03         5.5020958069422980e-03        -2.4447999348740468e-01        -8.8171462444874393e-02
91                                    -2.1478806392985387e-02         8.3365114587210278e-03         8.2290637975073841e-02        -2.4328970328353202e-03         2.5135815575322621e-03        -4.6677542339644005e-03         1.1595245859404359e-01         3.3443580189020147e-02
92                                    -2.1538758399473484e-02         8.4036630658974754e-03         1.0481535035288578e-01        -4.4858266455704348e-03         3.2557729317328190e-03        -5.7893197185962071e-03         1.2268501027594621e-01         3.2826448913185993e-02
93                                    -2.3386883585088024e-02         1.2885583739216704e-02         1.7698722458464345e-04        -1.0041906956309901e-02        -1.1429437645827050e-02         4.1840587051943712e-02         9.3186534319871590e-04        -1.1102299072535141e-02
94                                     6.3239456844737030e-02        -4.2976362453781308e-02        -7.1765541676090949e-03         8.9672185527634955e-03         5.8931847824770796e-02        -2.1456154413892170e-01        -5.3462179073080936e-03         6.4680126015334835e-02
95                                    -1.0948781599697424e-03         2.0583607721593390e-03         1.8691384795137996e-04         3.8255681424347282e-04        -2.6000766661521293e-04         1.1409900870559104e-03         1.1938727152162326e-04         4.9648773084668633e-04
96                                    -6.2206076246507536e-02         2.7803251747133283e-02        -1.3530689205157764e-02        -1.9725053686691071e-01        -7.6053011431589601e-02        -4.6272911442086617e-02         6.7770114444430695e-05         7.9550649339950097e-02
97                                    -6.9315736850167758e-02         2.9672852405910402e-02        -1.2772831349334999e-02        -1.6598764379698130e-01        -5.9889443595955397e-02        -4.9660974013769975e-02        -4.9051118696789224e-04         6.5153980374808587e-02
98                                    -8.6331091027346766e-03         3.9080494053230358e-03        -1.6590066139362011e-03        -2.6204873079898185e-02        -9.9126345984613274e-03        -6.3747900122239501e-03         8.8433403081700774e-05         1.0448726632139973e-02
99                                     7.9943286162587543e-02        -9.6384075676528257e-03        -1.1950412539097618e-01         2.4833234010532496e-03        -3.1470849435797227e-03        -4.7698472702561038e-03         8.1439143791583596e-02        -2.1264205178318545e-02
100                                   -6.2336267500901231e-02         7.1004832951637800e-03         9.9992534685150652e-02        -3.0639218433079186e-03         2.6089839893375846e-03         4.1523068484307125e-03        -8.1425210792172187e-02         2.0893652915434113e-02
101                                   -7.2607190883115499e-02         8.4272887307838135e-03         1.1713992399714586e-01        -3.3496304765115600e-03         2.8209900897110530e-03         5.1709079995499426e-03        -9.8760940271147235e-02         2.5818370452830249e-02
102                                    6.7935538028289777e-02         3.0760142326998418e-03         1.8336747487861826e-01        -1.8607175308019870e-02         6.6283996726636618e-03        -1.1688295939739262e-02         6.7673956143913055e-02        -1.0253360266705276e-01
103                                   -3.4884721779330496e-02        -5.3334999538560946e-04        -7.6228157739181290e-02         8.5078152019583235e-03        -2.7704263329619153e-03         5.1696928058678482e-03        -2.2272552880174136e-02         4.4824394226526718e-02
104                                   -3.6569469638230594e-02        -3.0210267920349298e-04        -7.5125783837922261e-02         8.7354007553918211e-03        -2.7444488870864620e-03         5.2098917736477244e-03        -1.9698771227816426e-02         4.4963295684637528e-02
                                                        88                          89                          90                          91                          92                          93                          94                          95

0                                     -4.6542869813997302e-03         3.6519674348589209e-03         6.8905739725375309e-04         4.0560589018326544e-04        -1.3240665610736839e-03         8.2029913482074065e-04         1.2732736293255128e-04        -9.9293606671480101e-05
1                                      7.7490153745330389e-03        -2.1668061808746437e-03        -9.0315992301798313e-03         6.3552898779997225e-04        -8.4001230018976780e-04         6.4384032245299347e-04        -3.8111292969794971e-05        -6.4402582764075506e-06
2                                      1.0089636328122702e-04         3.3114354585323463e-04        -1.8401787421962403e-03         2.8988290755157928e-04        -4.1893496569353081e-05        -1.6271358614955902e-04        -1.3466223354008912e-04        -1.3940418799103248e-05
3                                      1.8410185189368116e-04        -3.2798483953148353e-04        -8.5653034863563988e-04        -9.4885218126072965e-04        -1.7265707077840047e-04         1.2667319062642578e-04         3.1952677059272005e-04        -1.0992650477862288e-05
4                                      3.9356972819340534e-04         1.4652935194926011e-04         4.7178416666171296e-04        -1.5151959609448398e-03        -2.6994963842956135e-04        -1.5671763531403403e-04         1.2557581970997747e-04         3.8174838974341440e-05
5                                     -4.2590981606832029e-05        -3.1683468542588879e-04        -4.0450060878612700e-04        -4.8628154749860342e-05        -1.7937639898832548e-04        -4.3585043447833102e-04        -2.6125205467877037e-04        -1.7982618928391328e-05
6                                     -1.0634671183057737e-02        -2.4235937741490382e-03        -1.0329328157172472e-02         2.1537597124856614e-05         6.1477748621607801e-05         7.2343349970087464e-05         1.1880280967508308e-04        -4.7496199616557866e-06
7                                     -3.1595674551683681e-03        -4.4425224173346043e-03        -1.6020074591812282e-02         2.8838871714491416e-07        -2.1520721543234303e-04        -3.2290707091328907e-04         2.4796045323686029e-04         1.2369691305258363e-05
8                                     -1.4943139859709203e-03        -3.8878326673776097e-04        -1.6108366237218832e-03         3.4395475996913638e-06        -8.0849317892572389e-07        -1.3748654561158616e-06        -7.5665965459875486e-05        -1.7049453773336576e-08
9                                     -1.8664139886866937e-02        -6.5261816474932149e-04        -5.4949281954825586e-03         3.8680600342526406e-05         4.0671876008247838e-05         9.5363725895621608e-05        -2.3992680626790043e-05        -1.6930128632563113e-05
10                                     7.1311370288550564e-03        -2.7248774346950964e-03        -8.5958051777209350e-03         2.6668853563171694e-05         5.0918213312375741e-05         5.6069823217005646e-05        -1.7250674603503368e-05        -9.6560692809457641e-06
11                                    -2.1556673371149544e-03        -9.9860134685743267e-05        -7.1047396806792485e-04         9.7256269410940688e-06         1.4275007788947948e-05         1.8445383334858457e-06        -1.1983339818303058e-05        -1.6882596832111087e-06
12                                     2.0745943202268823e-03         1.7114148411538205e-02        -4.3128332092527560e-03        -1.3705785725344315e-05         1.5048219161594799e-05        -1.6071021348501782e-05         1.5640456568883919e-05         1.0270616635192106e-05
13                                    -4.7037453789679131e-03         1.6308787175605681e-03        -1.0022174193745298e-03        -1.1440577922624745e-05         3.0976545330711424e-06         4.0647837839406392e-06        -6.0074709425033387e-06        -9.2455395341358224e-05
14                                    -6.0322831701965316e-03         4.6873957056064522e-03        -1.9698524482374214e-03         1.0534946040393001e-05         4.4978168305166094e-06         2.7264721333050709e-06        -1.4470201291171115e-05        -1.2440920833107905e-04
15                                    -2.1054637749676167e-03        -1.0620806028854256e-02         3.2246878752119098e-03        -3.3735976259808970e-05         3.2900320464106979e-05        -4.8757071524724993e-05         1.4347843794040758e-05         3.7422317674843720e-04
16                                     4.8232630498528453e-03        -5.8902608616759793e-03         1.7433582837224966e-03         1.0843916450969122e-05         6.3140584601880099e-07         5.1151688270405350e-06        -6.7340895331388512e-06        -2.7701178702263486e-04
17                                     6.1819995599190335e-03        -9.7793838700282066e-03         2.9134998310407470e-03         2.1496332583513019e-05        -1.3142486726382706e-05         1.6757436383966830e-05        -7.6117864768618613e-06        -3.1235218898652961e-04
18                                     1.2733619759035524e-03         1.7611618174425661e-03         3.0104356381883859e-03         1.4342820661873670e-02         2.8412296291062248e-03        -3.0723682056403847e-03        -2.6222369910934825e-03        -4.3395555783922664e-06
19                                     3.7117943861075275e-03        -2.8036993073332190e-03        -7.8729254229583431e-04        -1.1342239217008821e-02        -1.5263182606356379e-03         3.8553877640767429e-03         1.4300064968559762e-03        -1.2726425220735789e-05
20                                     1.2066758406962857e-03         7.9820887514851281e-04         1.4246309883489540e-03        -7.3253201479343028e-02        -1.0239519033991493e-02         1.9695901401803859e-02         1.2469063962529808e-02         9.5060487857379739e-05
21                                     5.8827301223956380e-04         8.0067581637116060e-03        -1.3762674814619682e-02        -4.6642444016290691e-03         1.3450759156288059e-02        -1.1394435969372523e-02        -1.5781562468758482e-03        -2.2509251202721745e-06
22                                    -9.2496769634930927e-03         1.9225115772325070e-03        -4.4862051131339998e-04         2.4588915342447946e-03        -8.1975946047411433e-03         7.1156137908262845e-03         1.1594327554236231e-03         2.9322215746165377e-05
23                                    -4.5933829649065410e-03         3.7463946329352620e-03        -1.8749141795426443e-03         1.9784658149232720e-02        -5.5572279904514507e-02         4.9369766635523560e-02         5.1353613513424436e-03         2.1558228440863190e-04
24                                     1.1178931505373598e-02         1.1747619906953873e-03         7.8658804147088458e-03         2.9602766241492248e-04        -1.1781130525520061e-02        -1.5827183111104943e-02         2.0412257784598174e-02         1.9212591992074825e-05
25                                    -1.7003939351766509e-03         3.2628680781963417e-03         8.6527935419329141e-03         1.0730738584142287e-03         3.3525467752954285e-02         4.1035219043189061e-02        -3.1367793931278240e-02        -1.5086504180850480e-05
26                                     8.0959113109437355e-04        -1.6630716233777300e-04         9.0286792746729037e-04         1.2903924035292415e-02         3.1831986440887035e-02         2.1959340961912349e-02         7.7547622734647270e-02         2.5657757490312471e-05
27                                    -8.6061873977480510e-02        -9.9726122201870705e-03        -5.3421259731378179e-02         3.1981330737295029e-04         2.1205847911626212e-04         6.2751674693325716e-04         1.2875656240386726e-04        -2.7225150415632729e-05
28                                     5.7299153020666023e-02        -2.2853774800093259e-02        -6.8272652948927731e-02        -2.7020257279009941e-04         7.2565837266804368e-04         6.3087891390466340e-04        -4.7243771180456701e-05         1.6064491076064189e-05
29                                    -9.3706991553184210e-03        -1.5716338415328228e-03        -7.4100266608200672e-03         9.7985153682937908e-05        -2.4901904359208563e-04        -1.7490469279288662e-04         1.7055285884356341e-05         1.9998146167420493e-07
30                                     3.9509807352456308e-02         6.6606863147515190e-03         4.1748863558903997e-02        -1.2467390269791620e-04         1.0251241418226459e-03        -3.6933437502007183e-04        -1.7593303775767467e-04         1.0010219975993656e-04
31                                    -6.8902052980965273e-02         3.3350604220066943e-02         1.0589393652578206e-01         1.0615619553645849e-04        -9.3464667089484101e-04        -6.1925614927832570e-04         3.4330652237269868e-04        -1.1455379507726991e-05
32                                     2.8965219630374362e-03         1.7150640157503618e-03         7.7963469029702949e-03        -1.3403205244207853e-04         2.8227533122871933e-04        -1.1526070223154554e-04         4.0211502532882544e-04         6.8998828755167592e-06
33                                    -1.8060875516972472e-02        -7.2777954579905116e-02         2.1840075596852127e-02         2.9024789996459513e-04        -2.3145522225747061e-04         1.9726485097204457e-04        -2.7305733124080002e-05        -3.6118921609682922e-04
34                                     3.2174314494275914e-02        -2.4111157472075727e-02         6.9430103692191643e-03         1.0997506162533387e-04         1.4992177527313526e-04        -1.2694151965968013e-04        -5.3352179287507888e-05         3.8859698109792751e-04
35                                     3.9792614588058030e-02        -4.6442640624104074e-02         1.4163993820835479e-02         2.2824518228701710e-04        -4.3126168299412144e-04         2.7971337934450330e-04        -4.1253537641106006e-05         4.8636946289720289e-04
36                                     7.9823062071613604e-02         2.4624038299835022e-02         1.0108906832751623e-01         7.5055193824415182e-05        -6.7431138492071382e-04        -8.6082537888352391e-04         3.3732981112322700e-04         2.8208091858580036e-05
37                                    -2.3538293649480950e-02         2.5974751251959621e-02         8.7331497386590073e-02         1.4627156648454624e-04         4.2048213521981973e-04         5.5077020753402589e-04        -5.4331781595930357e-04        -9.5188622924151745e-06
38                                     9.1292939056427606e-03         3.2753185155929634e-03         1.3224669200259092e-02        -6.5564901897734289e-06        -5.3539100669575625e-05         7.6564731166314798e-06        -2.0795523493188548e-04         2.9219184246257526e-06
39                                    -6.1114084567094697e-02        -2.2068834197295006e-02        -9.2552523130024808e-02         1.2607994913646931e-04        -1.5726183485358748e-04         3.3029533558952880e-04         3.5146779383122058e-05         6.9836681155568596e-07
40                                     2.5475465823769999e-02        -2.1169870547472120e-02        -7.2918624217647415e-02         1.2993033422825981e-04         1.2942243046001813e-04         2.7925707810021736e-04        -3.5507811774370737e-05        -6.7101768603402908e-05
41                                    -6.7224452868717447e-03        -3.0444409480790049e-03        -1.2318905848961118e-02         3.4118598557881300e-05        -3.3228082354801500e-05         7.3404536352228287e-05         1.6739269157730028e-06        -7.3060836895641519e-07
42                                     4.7902912672847131e-02         6.5224766289733963e-02        -1.5451171239653450e-02         2.9449255352493020e-04        -2.4424334092422196e-04         1.3743452283110786e-04        -4.8615187780311768e-05        -2.1084844551287132e-03
43                                    -3.6504047913279977e-02        -3.2839784551189160e-03        -6.3009755444713223e-04         4.7767846999661108e-05         1.8338525562632257e-04        -1.8383405120375992e-04        -7.9015535598938994e-05        -1.5341223581355897e-03
44                                    -4.2107558935488044e-02         5.9800786861330148e-03        -3.4382465480063112e-03         2.8231976478122441e-04         8.1982922111764430e-05        -1.4934854718121101e-04        -1.0905258753522459e-04        -2.3397888273439761e-03
45                                     1.9300505836256917e-02         1.2131309790122355e-01        -3.2940265806682106e-02         2.4487260134190421e-05        -6.1764870609310927e-04         5.9224764637082802e-04         9.2067661551733910e-05        -1.7547381027654748e-03
46                                    -1.2590383427760336e-02         1.3514156910897945e-02        -4.2624300907294892e-03        -7.1453786042160975e-05         3.9197829670322641e-04        -4.1320103728772274e-04        -6.6970369959335252e-05         8.1927434387687442e-03
47                                    -1.4156536788121957e-02         3.7005963605297593e-02        -1.0904983787687292e-02        -1.3389619061520319e-04         7.2894554958629525e-04        -7.0689067617350548e-04        -1.0997894476286475e-04         1.0876519166548589e-02
48                                    -4.7069734565606043e-02        -8.5121070348180110e-03        -3.8070735661340317e-02         9.8985812332668310e-05         1.9030460388686185e-04         2.9181865471840460e-04        -2.4055566553859346e-04        -6.9838980804684748e-05
49                                     7.6515132112357803e-02        -3.3323953812008825e-02        -1.0471297924980590e-01        -5.6695572009795844e-05         1.0545742513741607e-04         2.5096946998234420e-05         5.7583963976084565e-05        -9.0487897360271791e-07
50                                    -4.1325796406924071e-03        -1.5612738484030700e-03        -6.2187453500023226e-03         3.2402189340814829e-05         5.0346507499676258e-05         3.6438119297812479e-05         5.6484198189278672e-05        -7.8521993737080866e-06
51                                     1.0603969916613547e-01         9.8751068523499300e-03         5.4228345650109110e-02        -1.0848647739426444e-04        -7.8731275454568459e-06        -2.2963625888299154e-04         6.6386725364464143e-06         2.3964562208571543e-05
52                                    -9.0095781495047864e-02         2.1093981416631599e-02         5.9818882704365507e-02        -5.1277265545558040e-06        -1.3456101478037154e-04        -9.4467776991873811e-05         2.1521810545885980e-05         1.0442617889753256e-05
53                                     1.1043247150148542e-02         1.4686887776851798e-03         7.2202178919986018e-03        -4.6278122972311773e-06        -3.7293318366731202e-05         3.6360001223840314e-06         2.3082390324638561e-05         3.3555208539819382e-06
54                                    -2.5021850698728549e-02        -1.2250621735784671e-01         3.2012995848216839e-02        -5.1085651521233959e-05        -9.8064272123109272e-05         1.0295595799156267e-04         7.4687994791210028e-06         6.3951328714533884e-04
55                                     3.0361715178429744e-02        -2.9340522811545835e-02         1.0240087953758666e-02         3.4854733569615556e-05        -1.4036486697278256e-05        -1.5531145268230941e-05         9.7423266636600065e-07         1.5929668773939870e-04
56                                     3.7153905739936204e-02        -5.8932141144164923e-02         1.8827076596733449e-02         5.7779203687653262e-05        -3.7086665049143235e-05         8.4609380024411756e-06         7.9078028972047496e-06         3.1596565490254889e-04
57                                    -3.5749228038551489e-02        -8.3238104528368995e-02         2.1565267238394002e-02        -7.3129308702686918e-05         2.2873350106658176e-04        -2.4762294733179056e-04         2.0609353327807254e-05        -5.3656060816383813e-02
58                                     2.9492636316136654e-02         9.7777020704710726e-03        -1.5622412505545023e-03         8.0698451591627746e-06        -8.8339268735305367e-05         6.1571447152102154e-05         2.6243361255738309e-05        -3.1385594564480236e-02
59                                     3.5269599162357147e-02         1.0813855686589212e-03         1.0180520114858413e-03        -2.5737676393203164e-05         1.2391235934342954e-05        -3.1171179307383499e-05         2.3342084024365656e-05        -5.1817790438210352e-02
60                                     7.2488411674455381e-03         9.9881102955206455e-02        -2.7843289529922870e-02         3.2134379385000508e-05        -4.7606387723330151e-05         7.3216405261244307e-05        -1.6410921792153411e-05        -3.0091576377819351e-03
61                                    -3.6834212438730959e-02         3.0524245708282952e-02        -9.9992788784430148e-03        -2.6035478374811068e-05         8.2307609143699833e-05        -7.4861734655081846e-05        -1.9865395517284127e-06         1.9013704119043592e-03
62                                    -4.9196522037430419e-02         5.7682400131572630e-02        -1.8084408442768388e-02        -5.0023460309536919e-05         1.2952843981806850e-04        -1.1540051354587966e-04        -4.5034278924956040e-06         2.1349535197989025e-03
63                                    -6.6192893025058307e-03        -4.2002205043559452e-03        -6.4549959792900942e-03        -1.5364804585847383e-01        -2.0920161894718407e-02         3.6655505768734366e-02         2.5948455315289585e-02         9.3823079167946707e-05
64                                    -4.8021126167686976e-03         8.2880158967895846e-03         7.0131959669336350e-04         1.6046262185228877e-01         2.0385329538872010e-02        -3.8182679197543062e-02        -2.2397383764179109e-02        -9.6483327641356501e-05
65                                     1.6536540384672887e-03        -1.7366788850329807e-03        -1.1747401620479793e-03         8.8361413026263924e-01         1.2106324243799113e-01        -2.1866582718829228e-01        -1.3556645629836131e-01        -9.8886908913261608e-04
66                                     3.9179807711172764e-02        -3.2957900437694296e-02         3.2679855633540200e-02         5.2543742551611275e-02        -1.4077470025364427e-01         1.2316501045385274e-01         1.2379819688812060e-02         1.2536995064518542e-03
67                                     8.0305384147411965e-03        -5.2752125131678889e-03         1.4238804901225883e-02        -4.3620763767114337e-02         1.0900102086215332e-01        -9.4152499400942863e-02        -8.3652896702522302e-03        -6.5228088951152952e-04
68                                    -2.0960531111473250e-04        -3.2050655237341008e-03         4.6771899871581191e-03        -2.4756716691623737e-01         6.6629917463088484e-01        -5.8777069337775645e-01        -6.3871885746636048e-02        -3.3134581999857736e-03
69                                    -9.1923855982860292e-03         2.7727853200734424e-03         2.4434582471102848e-03         8.6326700032370168e-03         4.9073108217537936e-02         5.0434776713978294e-02         4.4816937194725105e-02         3.3636795548152665e-05
70                                    -2.6545597655299451e-02         8.3921038241682212e-03         3.0226341666398558e-02        -5.5072719882136828e-02        -2.4504778328044524e-01        -2.3639186433873804e-01        -1.8911633332189470e-01        -9.9562181191125708e-05
71                                     8.9583194674547704e-03        -3.0553030627190727e-03        -1.2672111836091186e-02        -1.1683327998994475e-01        -5.5547902485772471e-01        -5.3886609404413222e-01        -3.8097349419908982e-01        -1.2112519336794411e-04
72                                    -3.4331732826231608e-02        -1.1665665549089107e-03        -4.8751845062667025e-03        -2.0384934018458901e-02         8.0929907482576224e-02         1.3314870684325400e-01        -2.8997911815320287e-01        -2.6302860193024079e-04
73                                    -4.5302264859126654e-02         6.5035658768588332e-03         1.6589009012958525e-02         4.5252397043519937e-02        -1.5577248996409482e-01        -2.5665538263190446e-01         5.5593712659932659e-01         3.5217188935485297e-04
74                                    -1.8028290582785409e-02         5.0507848322710047e-03         1.7671815779652524e-02        -4.1517470001129597e-02         1.7494136125998611e-01         2.7284108752073971e-01        -5.4901655523999415e-01        -3.3126111459799880e-04
75                                    -4.3809528239575762e-03         3.1941266716759516e-02         1.2041953146692196e-01         2.5740244108124331e-04         4.9785001621573230e-04         3.7061671538216197e-04        -1.6629654624332219e-04        -3.5724209134406292e-04
76                                     6.2619351365790915e-02         9.6253792886966741e-03         4.8786034246752957e-02        -4.4546833145345293e-04         6.9640852384382889e-05        -7.1148040655925210e-04         1.4958580505147271e-04         6.9537495370707188e-04
77                                     1.3859676342538401e-03         4.2638940129790378e-03         1.5881885765210421e-02        -1.3231164525867267e-04         1.3628972101189561e-04         3.9306700520963875e-05        -1.7040184440460173e-04        -4.2787998570612810e-05
78                                    -8.2204115605274866e-02         1.1836427317933043e-03        -7.0273284572674568e-03        -3.7180457615575723e-03         3.3959278976262807e-04         8.0823380063636764e-04         1.3741346863029276e-03         2.8377247978806638e-02
79                                     4.6441770656482965e-02         3.7149520509554640e-02        -7.1017983650421236e-03        -1.1247370434691358e-03         5.1475372915777307e-04        -1.6922495821962907e-04         6.4146500121817229e-04         1.6839408829703310e-02
80                                     4.7822492955863154e-02         5.1003366837541975e-02        -8.8958098319700807e-03        -3.5521314750929871e-03         9.7591071337297546e-04        -1.3829085562017270e-04         1.2542360749106460e-03         2.6151847033879769e-02
81                                     1.5281258784611321e-03         2.3406972601445601e-03         3.3295424077978432e-03        -3.6971149491320091e-03        -1.3765234062146630e-03        -1.8128392169080619e-03         2.5269523263467542e-03        -1.9754846921953790e-04
82                                     4.8031821763591263e-04         1.8502918483070236e-03         3.3833590052058057e-03        -1.8269309921418754e-03        -6.2117947453931976e-04        -1.6157881512113075e-03         4.5454704071588806e-03        -2.0919773040206147e-04
83                                    -1.1138824907098830e-03         1.2284400809043235e-03         2.4780122740216898e-03        -7.4958313073204635e-04         2.2635694449505313e-03         3.9139212057398603e-04         3.5411561389676888e-04        -1.1246165578953507e-04
84                                    -1.1689236723222762e-02        -1.4507493093421467e-01         3.9446639664862081e-02        -7.4050448265960815e-04         4.9906899754751178e-03        -4.9497629348085447e-03        -8.3068409359704173e-04         4.8781439285003746e-02
85                                    -1.5312547702612667e-02        -1.6110256422083195e-02         3.6689565269098679e-03         3.1052130256547497e-04        -4.7126226341196471e-03         5.1706812613511203e-03         8.5740742997555389e-04        -1.0528652833722081e-01
86                                    -2.5770524700344747e-02        -4.2065943849337900e-02         1.0643936621759652e-02         1.2200378927874054e-03        -7.6043823143289386e-03         7.7319788552934381e-03         1.2668176989758411e-03        -1.3453058728985731e-01
87                                    -5.5177726201407110e-02        -7.7657645134027904e-03        -3.6640379426332678e-02        -3.9637602057075331e-04        -1.4575559949041867e-03        -1.0054362831813102e-03         1.7446820061585537e-03         6.5741914241926238e-04
88                                    -8.3735138798775241e-02         3.7531162340608694e-02         1.1909303993376238e-01         1.6501228455147445e-04         3.5608162282036148e-04         2.3207743759959376e-04        -2.3024375986010061e-04        -1.1940667124086009e-05
89                                    -8.3723195261523869e-03        -1.0940530743275609e-04        -1.8713112821692130e-03        -8.5803515638288867e-05        -9.2280115907845270e-05        -1.5088934506603049e-04         3.3178846752127632e-04         7.3375787792057169e-05
90                                     5.2129735315010063e-02         3.5956975068426135e-02        -8.0195550637157161e-03         1.8372972599284683e-04         8.7674016400203741e-04        -6.5374743249930589e-04        -4.8212165398046409e-04         6.2639332168802919e-01
91                                    -2.3196336884353290e-02        -6.3146463491338303e-02         1.6470339036998623e-02         2.3389973315559052e-04         3.8223151369510075e-04        -2.2710968299236476e-04        -2.9801551286583162e-04         3.6029624951622286e-01
92                                    -2.4205459091392070e-02        -8.2343493225750866e-02         2.1651324587732536e-02         3.3096383318380324e-04         4.1860773221620947e-04        -1.8618916780814066e-04        -4.5472374700152469e-04         5.9648536402074359e-01
93                                    -1.6705020262980649e-02        -5.2530028804614734e-03        -2.1137441758226981e-02        -1.2667921580642732e-04         6.2675466375291633e-04         8.9448290285218434e-04        -9.9368474661164436e-04        -6.0169963294982863e-05
94                                     9.6895209519526626e-02         3.3890833917836330e-02         1.3498160086543223e-01         3.0729326557539630e-04        -5.7023058510818198e-04        -6.4650725076801589e-04         9.3775144045921718e-04        -5.7325443302304686e-05
95                                     9.1618868552807448e-04         1.8644222077094401e-05         4.0922972782663442e-05        -1.1665634261638644e-04        -1.2921069502537281e-05         1.4380933708228155e-04         2.7086975896178320e-04        -1.0597144146824235e-05
96                                     1.3382432801923144e-01        -9.7125570659420350e-03        -1.1857445641714285e-02        -1.6974826743713499e-04        -1.1791171326227749e-04        -4.6730683616661296e-04         1.1979605383168294e-04         1.0376206589229940e-04
97                                     1.0925997212250456e-01        -8.5057296946649871e-03        -1.1883051316849060e-02         2.6469898229939965e-05         2.2425410724977548e-04         1.0261984636065937e-04        -5.1244388605131085e-05        -1.3921881474178593e-05
98                                     1.7769996351536029e-02        -1.2180703778211760e-03        -1.6056880135097262e-03        -8.1005717584259836e-05        -8.6112506767562421e-05         4.5417515277487639e-05         7.5226817886483686e-06         9.2741725141414707e-06
99                                     5.5879554243618021e-03        -9.4151719789632424e-02         2.4854126044959315e-02         6.5344913394849288e-05        -9.0227749437622043e-05         1.0838040885435853e-04        -1.0491892413198934e-04        -5.8390817669624201e-04
100                                   -6.6325108530499825e-03         8.4871078023635180e-02        -2.2669163987048428e-02         1.6113320160601055e-04         1.7356965935011540e-04        -2.2598226579847441e-04        -6.7645246211231328e-05        -3.5136001613083522e-04
101                                   -8.1166197952948788e-03         1.0079343197018040e-01        -2.7228783487534092e-02        -1.2452111849376311e-04         1.3209940635559040e-04        -1.7335966177348203e-04         2.8510860208013883e-05        -5.6259257309150556e-04
102                                    5.0424928255231899e-02        -1.1261585686544295e-01         3.2889035390873358e-02        -6.7742069288210765e-06         5.7506732985339675e-05        -7.6147054303648615e-05        -2.2852675288861194e-05         8.8636134876402799e-03
103                                   -2.1814455759960719e-02         4.8175049186962852e-02        -1.3825675853691217e-02        -4.9528281102922200e-05         5.2997635216405518e-05        -9.0273808508837999e-05         2.4337630705737231e-05         9.3193731660266174e-05
104                                   -2.1727640025801367e-02         4.7390704193043406e-02        -1.3669301629493608e-02        -1.0080248885455206e-04         8.1261840371285330e-05        -1.5283090616628539e-04         6.2396680626389101e-05         1.4187921278306546e-03
                                                        96                          97                          98                          99                         100                         101                         102                         103

0                                     -2.3707265210374720e-04        -9.8877249591068322e-05         2.5047984825882669e-04         1.6072860719474450e-04        -3.1097999888987014e-05        -5.9271391434342490e-06         8.4103963702853661e-05         5.3535659446697676e-05
1                                      2.0468011786898608e-04        -3.2645066874048173e-05         2.1445709681173992e-04        -3.2737810560108194e-06        -8.4981683829917901e-06         6.1096155852787298e-06         2.9355159612890629e-05         2.6636925587718084e-05
2                                      2.9077784230585694e-04        -1.9327703893040154e-06         6.1837073341834394e-05        -4.9979659913888065e-05        -2.4945225309720001e-05         9.0671288273024158e-06         1.8414294627196779e-05         6.0943299362589130e-06
3                                      1.3324384353639940e-05         3.3652797591225585e-05         3.5743474618311232e-05        -7.6782916098633175e-05        -1.7361865835624497e-02        -5.4842416231496306e-05         1.5770990010486069e-05        -1.1234990295166251e-04
4                                     -4.3104474945793438e-07        -1.2829128305947988e-06         4.4960289876043609e-07         4.7371984920635980e-05         5.1019690491051012e-02         1.9122609805995367e-04        -9.5370666746795074e-06         4.0033275860364945e-04
5                                      3.6617768328372047e-05         6.3203353855562883e-06         7.7682109479606552e-06        -9.8001915390729890e-05        -2.7350036736856001e-02        -9.2643581681616245e-05         3.2308358045712271e-06        -2.0689885108518259e-04
6                                     -1.5967830710466463e-06         1.3870956696617327e-04         1.2116042309795186e-05         3.5170825763464781e-06         2.9984511990280483e-04         4.7479444104166300e-04        -6.2730781646277750e-04         2.3006780444882469e-03
7                                      1.5600041795066730e-06         5.4421122622798552e-04         4.8591787960980348e-05        -7.5340874406330790e-06         5.0342240140216814e-05         4.4951984297977201e-05        -5.5639084190746721e-05         1.9004398815938983e-04
8                                      1.2668428949350872e-06         3.2102204753026510e-05         8.4465835270754255e-07        -5.1172832392073767e-07         4.1004881443643236e-05         6.8105398115309490e-05        -8.7353694026792418e-05         3.2386459668646168e-04
9                                      5.6324681179464807e-06         1.9687844449790370e-04        -5.1765173338496186e-04         7.3328766483592696e-06        -2.7410250714515625e-04         2.8673511644769761e-04         5.8079259419381406e-03         3.3180478325669990e-02
10                                     1.5182536845717143e-06        -3.8309650135918830e-04        -2.1665831008591056e-04         2.7788579577901424e-06         3.6694583726666434e-04        -4.2672099711128629e-04        -8.5479632672049635e-03        -4.9008300156004124e-02
11                                     1.2413554262932612e-06         1.7894206327054080e-05        -5.8742046999763064e-05        -1.0689707796052955e-06        -2.9425361727327938e-05         3.1913055037514359e-05         5.9805754860761120e-04         3.4015841321027042e-03
12                                    -4.2438944954328363e-04         2.5693916335256703e-06         1.1730432601972505e-05         3.8556000519413676e-05        -6.7577174698077978e-05         3.2316057678483466e-02         3.1488294177681710e-02        -5.7635729667079054e-03
13                                     2.3539058290662470e-04        -2.4437696018237437e-06        -6.4614711129663055e-06         1.3328312304850968e-06        -3.0198170409040927e-05         1.4257422590599048e-02         1.4091721232220172e-02        -2.5919489356419439e-03
14                                     2.3281587687320075e-04        -4.0600354339703256e-06        -4.7491277140469446e-06         4.6894857594893880e-06        -4.8545274860491772e-05         2.3925065836142397e-02         2.3577151830700260e-02        -4.3274200143510206e-03
15                                    -1.5352927057514593e-04         6.2338501747107433e-06         9.9247408209202152e-06        -1.8252096448032724e-04        -1.1952483240590167e-04         2.4763848076022991e-02        -2.4788421763228711e-02         4.1033601047358948e-03
16                                     3.5701857358204758e-05        -2.7703094965968835e-06        -5.1635143976455698e-06         1.7010405065145221e-04        -9.6798955067382036e-05         1.8514547898776896e-02        -1.8277466567706794e-02         3.0090887402087624e-03
17                                     2.5593069751801418e-05        -2.9835227314888383e-06        -4.5428966117050641e-06         2.2441334904516177e-04        -1.4830480990142932e-04         2.9076995405863275e-02        -2.8758271797598958e-02         4.7401311379478995e-03
18                                     1.3845896114768642e-04        -4.3601056865644475e-05        -7.6063812327804218e-05         1.2415230219940164e-04        -1.5754009715216949e-03        -2.6257082229842753e-05         6.3551987628602756e-06        -4.2531505624747796e-05
19                                    -7.2339907669857352e-05         6.0955530666944003e-05        -3.2665013762259637e-06         1.2970508936334610e-04         4.2529849257702171e-04        -1.6705277830999130e-05         2.2936615819423730e-05         4.4411420699059930e-06
20                                    -4.9184691195848116e-04         5.2351439747929091e-05         3.6768652877338547e-05         1.9565123934641907e-04        -1.4673989913122298e-03        -9.3105801863999530e-06        -1.7601489911928638e-05         1.9619627290730122e-07
21                                    -4.5332852785151529e-04        -3.5727063101348079e-05         1.7635340947642472e-04        -4.2149863179874556e-04         1.2945797458880276e-04         1.4346344766427727e-05        -1.2909428353504810e-04        -4.0347300450525882e-06
22                                    -3.4035601753044264e-04         3.8055810237132393e-05        -6.1754026790533800e-05         2.6497020838608709e-04        -1.3942027908031240e-04        -1.4478603842697266e-05        -6.2009921401997962e-05        -1.4576242988846343e-05
23                                    -3.6176066983010965e-04         2.1248936960139741e-05        -3.8491010573477493e-05         1.2400287628794812e-03         3.7001267645375517e-04        -4.6512985112442423e-05        -2.2628177298615718e-05        -9.1168016967580724e-06
24                                    -2.1003710353519633e-05         1.4326208270424380e-04        -5.8127679332624687e-05        -3.1838978307470721e-05         1.2896078017872223e-04         1.5098077559942598e-06        -7.7588569771981748e-06        -1.0735945878012701e-05
25                                    -2.7962619968174875e-05        -2.1560745835334257e-04        -6.8400667162235351e-05        -9.3152482516873715e-06        -5.9289786341677482e-04         1.0488675951228896e-06        -1.8591515762900462e-05        -3.7556566911107750e-05
26                                    -8.1581007780856394e-05         8.1368658056944003e-05        -5.4624298684360796e-06         6.2096311638445555e-05         2.0086324669682336e-04        -6.4794595423969581e-06         7.5735851719671730e-06         4.7318087341612411e-06
27                                    -4.0983974324403727e-05        -6.9916281080431900e-04         3.7889666817201461e-04         9.6462651114164476e-06        -1.4238466137025060e-04        -1.0196772391292713e-05         3.0000411102367172e-05        -1.2506104728784830e-05
28                                     3.9584877218115720e-06         3.5323637541478849e-04        -2.9023080776604225e-04        -1.7382392005884199e-07         8.7823953033837180e-05         3.7493698527945232e-06        -8.0127365474333123e-07         6.8163838231612571e-05
29                                    -1.5893109136004330e-05        -8.1575502034081384e-05         5.6331464659049064e-05         4.3705232123140788e-06        -1.7731475530367693e-06        -2.9199518183667729e-07        -8.6489791775845339e-09        -8.7040197289877730e-06
30                                     8.7263808500978021e-05         3.5564560110135595e-04        -2.7573309788155274e-03        -4.3785222900909185e-05        -1.0697777567006709e-05         6.3626818354900047e-06        -7.6856603879484447e-05        -6.9696750744195612e-06
31                                     5.7563358631546211e-05         3.8219576084870565e-04        -2.1973653732756141e-03         4.3759851027776169e-05         1.0966656658901201e-05        -8.4747610841997240e-06        -2.7147161296787188e-05        -1.7461936950132018e-04
32                                     5.9330752088992941e-05         5.2227987485521887e-05        -4.1205882172280946e-04        -1.8691720555448564e-05        -4.7814696509163225e-06        -2.9279973104438922e-06        -8.7631850415564766e-06        -3.0024139049713442e-06
33                                    -1.4336709769616769e-03         5.6960052150805947e-07        -8.7544965403148578e-06        -2.7653294586059934e-03         3.0430394712612535e-05        -4.6821309722055374e-05         1.3836654722325817e-04        -2.9698137555998387e-05
34                                     1.2007982835735250e-03        -7.7469213682203936e-06         3.3810034111264062e-05        -7.0408368590527809e-04        -4.1328319014802843e-05         6.7393519450972074e-05         2.2920714771235297e-05        -5.1131380137030256e-08
35                                     1.5669152350019516e-03        -5.2615420407978063e-06         1.9905415618121706e-05        -1.4427110051908258e-03        -2.2798654682010377e-05         1.1988544151899539e-04         3.2479304075124352e-05        -5.6990435745909222e-06
36                                     7.9986116342967229e-06        -8.8790352171507761e-04        -2.4707912306974912e-05        -1.0659830095557793e-05         5.8256173693576204e-05         2.3394550985486088e-05        -2.5701142079172524e-05         1.8322715089567822e-04
37                                    -8.3648775503657552e-07        -4.1122547711808961e-03        -8.2646256267858659e-04         4.0850872000589774e-06        -7.8189392192984313e-05         2.4468584398626136e-06        -2.9447668369384467e-05        -5.0427894428217102e-05
38                                    -5.1058760781644416e-06        -1.7678383456603850e-04        -1.9194117652262494e-05         1.2822296731938191e-06         1.7408130653738611e-05         1.9466893653461233e-06        -5.3546139333296449e-06         1.9325026721697987e-05
39                                    -1.0279790465339992e-04         6.7581948126478174e-03        -4.0200266003709975e-02         1.1118558753035999e-04         2.3710340484969221e-06        -4.3665213900004654e-06        -4.5807605260217344e-06        -2.0471070525968801e-04
40                                     1.6888869009395476e-04        -1.3288570050032101e-02         7.1018890700890805e-02        -1.5675103874013239e-04        -1.7802024516557563e-05         1.0644922009439918e-05         2.2750444241556871e-04         1.3072786759180392e-03
41                                    -1.6887311684209142e-05         6.9847064912682420e-04        -4.2889876896654560e-03         1.1800129192749018e-05         3.9168306680699948e-06         5.1073360523484373e-06         7.5171946286457925e-06        -1.3569350400170307e-05
42                                    -5.5711502061913422e-02         3.9384644150138707e-05         1.5953723762990334e-04        -3.1625120533772309e-04        -8.3906713885288170e-06        -1.8376480141335565e-04        -5.3041487323131527e-04         1.0318960893228478e-04
43                                    -3.2417033350051222e-02         2.2274237624410821e-05         8.6833793560476324e-05        -8.7539297445923413e-04        -4.3994820246534071e-06        -4.8140794668695907e-04        -5.4330203614174537e-04         9.6548427787018562e-05
44                                    -5.1117239529063795e-02         3.3857835060464507e-05         1.5149192294206161e-04        -1.1915690085834102e-03         2.5004265782946632e-06        -6.7426665432687022e-04        -7.9139549323484974e-04         1.4917700990842397e-04
45                                     1.1790501312496022e-03        -7.0807581928624684e-06        -4.5255280506606894e-05        -2.4080563140673951e-02         3.4040892585077327e-06         1.6794650627597311e-04        -6.0220923045548378e-05         1.5181531624467622e-05
46                                    -9.6791546987745093e-04         1.6796825841727258e-05         1.0927788436359112e-04         4.8131879812036538e-02        -1.5471401674407712e-05        -6.9072989387226300e-05        -4.8009839307277257e-05         6.1974259819607474e-06
47                                    -1.0948256563614884e-03         2.1864030739547805e-05         1.3897163426434089e-04         6.1842512753924904e-02        -2.1192567025615930e-05        -8.0772110820555686e-05        -1.0166430163497508e-04         1.4416977729193002e-05
48                                     9.5737031349052472e-05         8.1215169101356580e-02         1.4778517771645228e-02        -4.7505501184157625e-05        -8.0513478280481002e-06        -1.3257931672719036e-05        -5.0060196666958230e-05        -4.4452669058844325e-04
49                                    -3.4974043822833641e-06        -1.5681363123399980e-03        -1.0580001391494204e-03         1.2367569114815734e-06        -5.1314137554452146e-06         1.2732301679976877e-05         1.1201456958756420e-04         6.5796426907345300e-04
50                                     1.1515544157848673e-05         9.1838704241216373e-03         1.6573622994591878e-03        -6.1972992725891121e-06        -3.3575855360900128e-06         9.0952241283237144e-08        -2.4882807456697480e-06        -4.0407596756059825e-05
51                                     6.3858578704418623e-06        -1.2834021600917852e-03         3.9369046951757856e-03        -2.1184441795495104e-05        -7.9297968152163981e-06         2.7783412404789167e-05         3.9129437326845595e-04         2.3668924472287733e-03
52                                     7.1426972392241123e-06         3.4287521364652807e-03         2.0130195488871584e-03        -2.4996187973426969e-06         3.7341748755244811e-05        -1.1171200656518689e-05        -2.0786967048553090e-04        -1.1164133176209592e-03
53                                    -2.2776038665647980e-06        -9.7312504899735674e-05         4.9871964689373813e-04         8.0175216259339242e-07         1.1456512020048407e-06         1.4393353674330132e-06         4.2084057946168574e-05         2.6473843537922447e-04
54                                     3.1969874554248728e-03        -2.3526329271015637e-06        -7.5752644680722684e-06        -1.4187687509482349e-04        -6.6837758036827118e-06         1.2379770669833626e-03         2.3414318391197066e-03        -4.2129540963001851e-04
55                                    -1.7468267164934283e-03         6.2083875412437889e-06         1.3415182526425578e-05        -9.6181838447476737e-05         4.5602041334503365e-06         1.6176272311788338e-05         1.7325795796441218e-04        -1.5124178567310767e-05
56                                    -1.8425559716574304e-03         8.0467914061108556e-06         1.6098451956732582e-05        -1.5458486505086095e-04         1.6649664013951033e-06         1.9813924363624609e-04         5.9263550933028508e-04        -8.6437324593188536e-05
57                                     2.1411167410284437e-03        -2.6706752134318167e-05        -2.5057532791765348e-05         1.3122530205436226e-02         1.4305839346551016e-05        -8.2196324235980528e-04         9.4145816795433723e-04        -1.5877293015364858e-04
58                                     1.4352311157966476e-03        -1.6920041542202581e-05        -2.1693748200664934e-05         5.4949980270479161e-03         3.6808891653184075e-06        -1.0098714230698792e-04         2.9626219731510083e-04        -5.4042626221862961e-05
59                                     2.3205337633183474e-03        -2.8310521009644470e-05        -2.9641318853597300e-05         9.4974124619687256e-03        -5.0991779594024571e-06        -2.6686451912028670e-04         5.6165318196577314e-04        -9.8621136358836877e-05
60                                     5.7435566033336213e-04        -1.2037587268115344e-05        -1.7658659159039057e-05         7.7144554053070846e-04        -7.4897188836510241e-06         4.2894928417872237e-05        -3.5879063541728162e-04         4.4960151575072972e-05
61                                     1.6401850642820332e-04         1.0423750645958296e-06         2.0273770064382566e-06        -8.3723193533684446e-04         2.6420111781986106e-06         7.4331073824466620e-04        -1.3921248976920678e-03         2.3696210015652423e-04
62                                     3.3609581854173592e-04         3.5449217876537251e-08        -2.4635184815420492e-06        -1.0785275314595703e-03         1.8639782340265940e-06         1.0203139248467265e-03        -1.9542223555821816e-03         3.2892146239249184e-04
63                                    -6.4063292511542960e-04         1.1619847072603996e-04         1.2985966493507550e-04         5.4646056823385269e-05        -1.7356720444104932e-03        -7.6857751369773572e-06        -2.5511432955561925e-05         1.8681009275905161e-05
64                                     6.3650276383068268e-04        -1.4628107296629669e-04        -9.6141294454290012e-05        -3.1403103542126487e-04        -2.7652558593726567e-03        -1.1812039824192602e-05        -2.6438467564598960e-05        -5.0081119057310313e-05
65                                     5.0674066572940777e-03        -4.9897977427823190e-04        -4.7373210421402010e-04        -2.4997327667980710e-03        -2.8200387757828236e-04         4.1925575816462223e-05         8.7638949514979748e-05        -8.2269119368763159e-05
66                                     2.1453091549185569e-03         8.9829791950756869e-05        -1.9254269551033159e-04         5.4480859447573341e-03         8.2292976088313221e-05         5.5129212791569518e-06         2.1637216477488031e-04        -1.0502189725074003e-05
67                                    -8.0885539782072399e-04        -9.7980483290735618e-05        -5.2197081066726576e-05        -2.5949600337474752e-03        -5.8165196993083430e-04         6.8953154029118374e-05        -1.3261975731703924e-05         6.4298161752758255e-05
68                                    -1.1970650095695875e-03        -3.8594785488554163e-04         2.3166474813660575e-04        -1.2757796830999816e-02        -1.5917159799392437e-04         1.5569799587643844e-04        -3.3030986023874929e-05         7.0370686225922974e-05
69                                    -1.9959190949100466e-04         2.2690286452099067e-04         2.3625474279131495e-04         2.0208867544845434e-04         8.1963391193577988e-04        -6.6358882885511823e-06         4.9339098200488766e-05         1.9516891643180526e-04
70                                     5.0961819345666766e-04         4.1785108796498150e-04         6.7258049596650548e-04        -4.1431522288471649e-04        -7.7705597784637490e-06         3.1694310903198611e-05         8.4763163186109185e-05         2.7309313152440239e-04
71                                     9.7551996654456812e-04         6.9257383644611185e-04         6.5579284531775111e-04        -8.1270176316380893e-04        -1.9790181370830172e-04         5.3472028123297364e-05         5.1231083132007386e-05         2.3057793397827616e-04
72                                     5.4274590759589879e-04        -6.4268939472045402e-04         1.1693983779198279e-04         2.7798650488161918e-04         7.9730961727264636e-04        -2.2810375048013459e-05         1.4166365733211074e-04         7.6995774907124258e-05
73                                    -6.2426501933938333e-04         1.4947781253740876e-03         1.0906066542807676e-03        -1.9306951623192928e-04         1.7885399877551993e-03         1.4900399014280304e-05        -1.7331972981732493e-05         2.4194148691699711e-04
74                                     5.6320986223523271e-04        -1.5001379419619521e-03        -6.1874546992445034e-04         9.9344272031092249e-05        -2.5127176827941010e-03        -2.7064257851924343e-06        -1.7155125865007758e-05        -1.8428551042719578e-04
75                                     1.2509358682462682e-03        -8.3074780155603517e-02         4.5928002007870261e-01        -1.0251881527607776e-03        -4.5516289274925719e-05         4.5432759527377337e-06         5.0678695629811422e-05         6.1692214901616800e-04
76                                    -2.2209170136915481e-03         1.4930402694580946e-01        -8.1652550032421434e-01         1.7371179724194937e-03        -2.3672552096365959e-05        -4.2763072830175381e-06        -8.1062848016193450e-04        -5.0880346861399322e-03
77                                     1.8397368228937673e-04        -8.9200994949798044e-03         4.9347308827110518e-02        -9.5673891726505818e-05         3.3238396636632986e-06        -4.5261585560165466e-05        -3.3969350541336673e-05         8.3570371833162325e-05
78                                     6.4450840561690625e-01        -4.6301000658439462e-04        -1.7279255087906376e-03         8.6091697320140707e-03         5.6691234166357044e-05         1.0095742809520223e-03         1.2621734708969808e-03        -3.0084776026288620e-04
79                                     3.7912136920677947e-01        -2.6911100671426434e-04        -9.8009696223135163e-04         6.3462903083357329e-03         1.2018773882165081e-04         1.8860036364145558e-03         2.4893070295120838e-03        -4.2055179856196478e-04
80                                     5.9137724026156235e-01        -3.7396445739426440e-04        -1.6907633738166366e-03         9.3985069987362647e-03         8.8733803176981296e-05         2.4889402559332245e-03         3.3191262707830890e-03        -6.0558933319235350e-04
81                                     6.2333900421988138e-05        -1.1726553149586439e-04        -1.9584363520742620e-04        -2.0554511597385087e-04         2.9316877969587812e-01         1.0368896987547947e-03         1.0690989385220908e-05         2.1367435656521917e-03
82                                     1.3257300453070947e-04         9.6618714557830510e-05        -2.9995103903394711e-05        -6.5815688038692972e-04        -8.0444146297842323e-01        -2.9174115150921711e-03         1.0117184295007542e-04        -6.1851340480060515e-03
83                                    -1.0738596038578543e-04        -8.0629209674238872e-05        -2.1663430991444342e-05        -1.7811973842638679e-04         4.4813907219518889e-01         1.6007591159784952e-03         5.1041418967467192e-06         3.4218487449475753e-03
84                                    -7.4072149567858082e-03         8.6561320827820840e-05         6.4520509239372325e-04         2.7182854131507977e-01        -8.6679256315538402e-05        -4.5133671298460293e-04         3.9768561706284315e-04        -8.8366735838245575e-05
85                                     1.2891474414539531e-02        -1.9960394984182286e-04        -1.3535966546939519e-03        -5.5291175887930444e-01         1.8626051075274768e-04         4.7545947208508442e-04        -2.0604339916713578e-04         3.5980178698421326e-05
86                                     1.6138820813085469e-02        -2.5559421678282562e-04        -1.7729494507892536e-03        -7.0544656399710159e-01         4.8915596271911733e-04         6.2918136219404389e-04        -2.0639566954379408e-04         1.3013595601562120e-05
87                                    -1.1508307710641004e-03        -9.3199822690600331e-01        -1.6991984989148301e-01         6.0904708465276455e-04        -1.3911736148437622e-04         1.8716482832540695e-05        -8.6923443496059610e-06         1.2488085136313598e-04
88                                     3.6450352075487157e-05         1.9445046493030957e-02         4.6763532945681687e-03        -2.4487487708279650e-05        -7.9525983538073164e-05        -5.2580191053258261e-06         1.2855639457541433e-04         5.4586851146385404e-04
89                                    -1.2927425370506826e-04        -1.0507462171130046e-01        -1.9171331249573285e-02         6.8481709133409339e-05        -3.6319228058560822e-05        -4.3976064902650659e-06         1.8796946033635249e-06         5.9583908409787912e-05
90                                    -2.5860788871862026e-02         3.3364992717356768e-04         4.0892308697715757e-04        -1.1955474491589514e-01        -3.2113606675134055e-05         3.1548413115444185e-03        -4.1722656265250312e-03         7.5842687148032040e-04
91                                    -1.4716561595384517e-02         1.8889777420877212e-04         2.1832395249916535e-04        -6.5889600218128758e-02         1.3554460688022262e-06         5.3745837490378292e-04        -6.8595127145872038e-04         1.4116608306111793e-04
92                                    -2.4425920498833589e-02         3.1373444997385741e-04         3.6477568684956785e-04        -1.0943609163109451e-01        -1.6932838916204160e-05         1.2359264720327593e-03        -1.6255922321848190e-03         3.0853143558957268e-04
93                                     7.7504153254774504e-06        -6.4094136873387173e-03        -6.6323307343078245e-04         2.5454470486869655e-05        -4.9831819549563854e-03        -7.6545672879777763e-03         1.0068334168683730e-02        -3.7312866746464668e-02
94                                     1.9969052685058696e-05         5.0952037792796490e-03         7.6944311205718436e-04         1.7721761318314196e-05        -5.8944172102849517e-04        -8.0677326085522771e-04         1.0512288106286328e-03        -3.8579216081174776e-03
95                                    -6.3053012377035749e-06        -9.1655180438473323e-04        -8.2648996849085766e-05         1.5672787780239999e-05        -6.9830421088397669e-04        -1.0965708746802614e-03         1.4132029459677533e-03        -5.2828056826660086e-03
96                                    -3.9759134911909555e-05        -1.5297122183563167e-03        -1.4269509941217679e-03        -3.3693179904102030e-05         4.3604202067148851e-03        -4.7610161008035182e-03        -9.6078228254488113e-02        -5.4985621055663025e-01
97                                     1.5524542257882672e-05         2.5421757915081487e-04        -8.1750588833955362e-03         1.1099750192458916e-05        -6.0784286795916671e-03         6.7500360973948978e-03         1.3524888792030262e-01         7.7444872392857533e-01
98                                    -1.4220946399894289e-05        -1.5165932299103502e-04        -3.1083941726171664e-04         1.6398818069815395e-05         4.5414276220175456e-04        -5.3281726635875817e-04        -9.9685148412889044e-03        -5.6836358859258009e-02
99                                     4.2351397651780600e-04        -1.9751738936838660e-05        -9.1092575065791022e-05        -1.1138921874634467e-04         1.0869358771957265e-03        -5.2794534467399612e-01        -5.1644180027617181e-01         9.4588261858823366e-02
100                                    5.4733914411138947e-03        -1.2537611177126343e-06        -1.6046992747005653e-05        -9.5033190056450080e-05         4.9996604450975744e-04        -2.2215821233207517e-01        -2.1742823935831937e-01         3.9903148740581401e-02
101                                    7.4153748938853500e-03         1.8614847273462905e-05        -7.5984636680910111e-05        -1.3362153455624709e-04         8.0135736634084432e-04        -3.7627136521411175e-01        -3.6824289970359364e-01         6.7470957624536407e-02
102                                   -1.1955559870243898e-03         1.0770346554097875e-05         1.8358865787890707e-05        -1.6044023199081408e-03         1.9529202136325265e-03        -3.8642879084274911e-01         3.8333147833786946e-01        -6.3236462736063176e-02
103                                   -3.3364008998473511e-04         2.1829453347592299e-05         3.8560603789066044e-05        -6.9697803186285438e-04         1.5532709332007413e-03        -3.0294029956357521e-01         3.0033081735424061e-01        -4.9505497052519477e-02
104                                   -6.3039594945869153e-04         3.6056309801236146e-05         4.1307129991144608e-05        -1.2492796684807426e-03         2.4106860620942859e-03        -4.7285580694168466e-01         4.6881698744117273e-01        -7.7308826498083294e-02
                                                       104

0                                     -3.9712458668221502e-05
1                                     -3.2235215985913513e-05
2                                      1.2440156722263428e-06
3                                      8.5329301686790738e-05
4                                     -2.9239320240876754e-04
5                                      1.4826464235957862e-04
6                                      5.9397686818212746e-02
7                                      4.7674525461727530e-03
8                                      8.3532405471253724e-03
9                                     -1.2352695857852025e-03
10                                     1.8893254743163731e-03
11                                    -1.2497725732607776e-04
12                                     2.9561113287298495e-04
13                                     1.4040406633785064e-04
14                                     2.3332548725288815e-04
15                                    -6.3315654990857436e-04
16                                    -4.5716993663109251e-04
17                                    -7.2091086450914543e-04
18                                     1.5650992224619519e-05
19                                     7.9472625194072071e-06
20                                     1.8571871744731220e-05
21                                     2.6377902777228507e-05
22                                     1.7937258787658035e-05
23                                     5.8892461471652410e-06
24                                    -3.4969618141286824e-05
25                                     7.4225558873498534e-05
26                                    -5.8418775873811462e-05
27                                    -7.9036815779994505e-04
28                                     7.5815053080253956e-05
29                                    -7.7013679916618750e-05
30                                     1.7739187396903109e-04
31                                     5.6514864777650901e-06
32                                     2.6370722345897280e-06
33                                     7.1527350077937044e-06
34                                    -3.1941458658392778e-06
35                                     9.6806691208720388e-07
36                                     2.1410654879904819e-03
37                                     1.4214424446661218e-03
38                                     3.1166709815477913e-04
39                                    -9.2150566501693039e-05
40                                     6.6685269864930101e-05
41                                    -8.8131302336581389e-06
42                                    -1.1497399700364288e-05
43                                    -5.1314353681544303e-06
44                                    -8.6162605789296584e-06
45                                    -7.5436654213973788e-06
46                                     1.3649557061109233e-06
47                                     1.7354062739607407e-06
48                                    -1.2225437798049534e-03
49                                     4.9155668317892455e-04
50                                    -1.2570532830777917e-04
51                                     8.2543664582236599e-05
52                                    -7.5749844342341767e-05
53                                     1.3054410646617529e-06
54                                     3.2364780027840419e-05
55                                    -5.4875934325303160e-06
56                                    -2.8292265505855368e-06
57                                     2.4976480720252382e-05
58                                     8.3325076448657808e-06
59                                     1.5012359578358047e-05
60                                     9.3621956017107483e-06
61                                    -3.0704249725442022e-05
62                                    -4.0461570966674037e-05
63                                     5.0817489110411425e-05
64                                    -1.5604899363866639e-05
65                                    -7.5265748750750168e-05
66                                    -1.2124368179545609e-05
67                                    -4.3352972149723814e-05
68                                    -3.4572640561110184e-05
69                                    -6.8208495359033260e-05
70                                    -3.9924288259644727e-04
71                                    -2.5658771836007603e-04
72                                     6.3997573899623046e-05
73                                    -9.7416706616812356e-04
74                                     9.1916083565377732e-04
75                                     2.3729500574359060e-04
76                                    -7.9964257104917551e-05
77                                     2.3168316533422360e-05
78                                     6.0389775557334487e-05
79                                     1.7432964035911902e-05
80                                     1.3724412351538304e-05
81                                    -1.5707411442307212e-03
82                                     4.4973821031028425e-03
83                                    -2.4828332583071828e-03
84                                     2.9406680969907053e-05
85                                    -1.0422646303578728e-05
86                                    -9.1679045473613015e-06
87                                     4.7296277097547534e-03
88                                    -1.9230904736001067e-03
89                                     5.1134318571922281e-04
90                                    -1.5219467723139556e-04
91                                    -3.6782498936893416e-05
92                                    -7.6607126709612861e-05
93                                    -9.5139114174714223e-01
94                                    -9.7422983904983676e-02
95                                    -1.3453082183950077e-01
96                                     2.0484198951157058e-02
97                                    -2.8963960453268767e-02
98                                     2.1132559669819356e-03
99                                    -4.9019263282479566e-03
100                                   -2.0939288313488410e-03
101                                   -3.5454067793110398e-03
102                                    9.6552473296848684e-03
103                                    7.5370028095561653e-03
104                                    1.1769267805453851e-02
$End
$Calculation_Info
   &GeometryIndex 10
   &Mult [&Type "Integer"] 1
   &Charge [&Type "Integer"] 0
   &NumOfAtoms [&Type "Integer"] 35
   &NumOfElectrons [&Type "Integer"] 152
   &NumOfBasisFuncts [&Type "Integer"] 322
   &NumOfAuxCBasisFuncts [&Type "Integer"] 0
   &NumOfAuxJBasisFuncts [&Type "Integer"] 1183
   &NumOfAuxJKBasisFuncts [&Type "Integer"] 0
   &NumOfCABSBasisFuncts [&Type "Integer"] 0
$End
$Calculation_Timings
   &GeometryIndex 10
   &GTOINT [&Type "Double"]       7.0756252000000160e+01
   &SCF [&Type "Double"]       1.5186675599999996e+03
   &SCFGRAD [&Type "Double"]       7.8802891400000044e+02
   &GSTEP [&Type "Double"]       1.4866240000003137e+00
   &PROPINT [&Type "Double"]       5.4071087899999975e+02
   &RESPONSE [&Type "Double"]       8.2897085999999990e+02
   &PROP [&Type "Double"]       1.1611133920000002e+03
   &SUM [&Type "Double"]       4.9097344810000004e+03
$End
